<?xml version="1.0" encoding="UTF-8"?>
<jcr:root xmlns:sling="http://sling.apache.org/jcr/sling/1.0" xmlns:cq="http://www.day.com/jcr/cq/1.0" xmlns:jcr="http://www.jcp.org/jcr/1.0" xmlns:nt="http://www.jcp.org/jcr/nt/1.0"
    jcr:primaryType="nt:unstructured"
    jcr:title="Responsive Column Control"
    sling:resourceType="cq/gui/components/authoring/dialog"
    extraClientlibs="[abbvie.northstar.colcontrl.validation]"
    mode="edit">
    <content
        jcr:primaryType="nt:unstructured"
        sling:resourceType="granite/ui/components/coral/foundation/tabs">
        <items jcr:primaryType="nt:unstructured">
            <tab1
                jcr:primaryType="nt:unstructured"
                jcr:title="Columns"
                sling:resourceType="granite/ui/components/coral/foundation/fixedcolumns">
                <items jcr:primaryType="nt:unstructured">
                    <column
                        jcr:primaryType="nt:unstructured"
                        sling:resourceType="granite/ui/components/foundation/container"
                        class="abbvie-northstar-colcntrlClass"
                        id="abbvie-northstar-colcntrlId">
                        <items jcr:primaryType="nt:unstructured">
                            <columns
                                jcr:primaryType="nt:unstructured"
                                sling:resourceType="granite/ui/components/coral/foundation/form/multifield"
                                fieldDescription="Column widths as a percent. Must add up to 100."
                                fieldLabel="Column Widths">
                                <field
                                    jcr:primaryType="nt:unstructured"
                                    sling:resourceType="granite/ui/components/coral/foundation/form/numberfield"
                                    max="100"
                                    min="1"
                                    name="./columns"/>
                            </columns>
                            <typehint
                                jcr:primaryType="nt:unstructured"
                                sling:resourceType="granite/ui/components/coral/foundation/form/hidden"
                                ignoreValue="{Boolean}true"
                                name="./columns@TypeHint"
                                value="String[]"/>
                            <enablewhitebkg
                                jcr:primaryType="nt:unstructured"
                                sling:resourceType="granite/ui/components/coral/foundation/form/checkbox"
                                fieldDescription="Check to display white background.&#xa;NOTE: Removing columns does not delete their contained content. Be sure to remove all components from a column before deleting it."
                                name="./enablewhitebkg"
                                text="White Background"
                                uncheckedValue="false"
                                value="true"/>
                        </items>
                    </column>
                </items>
            </tab1>
        </items>
    </content>
</jcr:root>
