<?xml version="1.0" encoding="UTF-8"?>
<jcr:root xmlns:cq="http://www.day.com/jcr/cq/1.0" xmlns:jcr="http://www.jcp.org/jcr/1.0"
    jcr:primaryType="cq:Dialog"
    title="Compare Policy"
    xtype="dialog">
    <items
        jcr:primaryType="cq:Widget"
        xtype="tabpanel">
        <items jcr:primaryType="cq:WidgetCollection">
            <tab1
                jcr:primaryType="cq:Panel"
                title="General">
                <items jcr:primaryType="cq:WidgetCollection">
                    <general
                        jcr:primaryType="cq:Widget"
                        baseName="general_"
                        border="{Boolean}true"
                        fieldDescription="Click the '+' to add a new link."
                        fieldLabel="General"
                        name="./multi"
                        padding="10px"
                        width="1000"
                        xtype="mtmulticompositefield">
                        <fieldConfigs jcr:primaryType="cq:WidgetCollection">
                            <image
                                jcr:primaryType="cq:Widget"
                                fieldLabel="Image"
                                name="image1"
                                width="400"
                                xtype="pathfield"/>
                            <text
                                jcr:primaryType="cq:Widget"
                                fieldLabel="Text"
                                name="text1"
                                width="400"
                                xtype="textfield"/>
                            <multi
                                jcr:primaryType="cq:Widget"
                                fieldDescription="Click the '+' to add a new link."
                                fieldLabel="Plug IDs"
                                name="generalplug"
                                xtype="multifield">
                                <fieldConfigs jcr:primaryType="cq:WidgetCollection">
                                    <text1
                                        jcr:primaryType="cq:Widget"
                                        fieldLabel="Text"
                                        name="text21"
                                        xtype="textfield"/>
                                </fieldConfigs>
                            </multi>
                            <policyname
                                jcr:primaryType="cq:Widget"
                                fieldLabel="Policy Name"
                                name="generalpolicy"
                                xtype="textfield"/>
                        </fieldConfigs>
                    </general>
                    <heading
                        jcr:primaryType="cq:Widget"
                        fieldLabel="Heading Text"
                        name="./heading1"
                        xtype="textfield"/>
                </items>
            </tab1>
            <tab2
                jcr:primaryType="cq:Panel"
                title="Fee for Service">
                <items jcr:primaryType="cq:WidgetCollection">
                    <feeforservice
                        jcr:primaryType="cq:Widget"
                        baseName="feeforservice_"
                        border="{Boolean}true"
                        fieldDescription="Click the '+' to add a new link."
                        fieldLabel="Fee for Service"
                        name="./feeforservice"
                        padding="10px"
                        width="1000"
                        xtype="mtmulticompositefield">
                        <fieldConfigs jcr:primaryType="cq:WidgetCollection">
                            <image
                                jcr:primaryType="cq:Widget"
                                fieldLabel="Image"
                                name="image2"
                                width="300"
                                xtype="pathfield"/>
                            <text
                                jcr:primaryType="cq:Widget"
                                fieldLabel="Text"
                                name="text2"
                                width="300"
                                xtype="textfield"/>
                            <multi
                                jcr:primaryType="cq:Widget"
                                fieldDescription="Click the '+' to add a new link."
                                fieldLabel="Plug IDs"
                                name="freeforserviceplug"
                                xtype="multifield">
                                <fieldConfigs jcr:primaryType="cq:WidgetCollection">
                                    <text1
                                        jcr:primaryType="cq:Widget"
                                        fieldLabel="Text"
                                        name="text21"
                                        xtype="textfield"/>
                                </fieldConfigs>
                            </multi>
                            <policyname
                                jcr:primaryType="cq:Widget"
                                fieldLabel="Policy Name"
                                name="freepolicy"
                                xtype="textfield"/>
                        </fieldConfigs>
                    </feeforservice>
                    <heading
                        jcr:primaryType="cq:Widget"
                        fieldLabel="Heading Text"
                        name="./heading2"
                        xtype="textfield"/>
                </items>
            </tab2>
            <tab3
                jcr:primaryType="cq:Panel"
                title="Hospitality">
                <items jcr:primaryType="cq:WidgetCollection">
                    <hospitality
                        jcr:primaryType="cq:Widget"
                        baseName="hospitality_"
                        border="{Boolean}true"
                        fieldDescription="Click the '+' to add a new link."
                        fieldLabel="Hospitality"
                        name="./hospitality"
                        width="1000"
                        xtype="mtmulticompositefield">
                        <fieldConfigs jcr:primaryType="cq:WidgetCollection">
                            <image
                                jcr:primaryType="cq:Widget"
                                fieldLabel="Image"
                                name="image3"
                                width="300"
                                xtype="pathfield"/>
                            <text
                                jcr:primaryType="cq:Widget"
                                fieldLabel="Text"
                                name="text3"
                                width="300"
                                xtype="textfield"/>
                            <multi
                                jcr:primaryType="cq:Widget"
                                fieldDescription="Click the '+' to add a new link."
                                fieldLabel="Plug IDs"
                                name="hospitalityplug"
                                xtype="multifield">
                                <fieldConfigs jcr:primaryType="cq:WidgetCollection">
                                    <text1
                                        jcr:primaryType="cq:Widget"
                                        fieldLabel="Text"
                                        name="text21"
                                        width="300"
                                        xtype="textfield"/>
                                </fieldConfigs>
                            </multi>
                            <policyname
                                jcr:primaryType="cq:Widget"
                                fieldLabel="Policy Name"
                                name="hosppolicy"
                                xtype="textfield"/>
                        </fieldConfigs>
                    </hospitality>
                    <heading
                        jcr:primaryType="cq:Widget"
                        fieldLabel="Heading Text"
                        name="./heading3"
                        xtype="textfield"/>
                </items>
            </tab3>
            <tab4
                jcr:primaryType="cq:Panel"
                title="Country Dropdown">
                <items jcr:primaryType="cq:WidgetCollection">
                    <language
                        jcr:primaryType="cq:Widget"
                        dName="language"
                        fieldLabel="Language Path"
                        name="./language"
                        xtype="multifield">
                        <fieldConfig
                            jcr:primaryType="cq:Widget"
                            border="{Boolean}true"
                            hideLabel="{Boolean}true"
                            layout="form"
                            padding="10px"
                            width="1000"
                            xtype="mymultipanel">
                            <items jcr:primaryType="cq:WidgetCollection">
                                <path
                                    jcr:primaryType="cq:Widget"
                                    allowBlank="{Boolean}false"
                                    dName="redirectionpath"
                                    fieldLabel="Redirection Path"
                                    name="redirectpath"
                                    rootPath="/content/abbvie-northstar"
                                    width="300"
                                    xtype="pathfield"/>
                            </items>
                        </fieldConfig>
                    </language>
                    <check
                        jcr:primaryType="cq:Widget"
                        fieldDescription="Enable only english in the language dropdown"
                        fieldLabel="Enable Only English"
                        inputValue="true"
                        name="./newwindow"
                        type="checkbox"
                        width="400"
                        xtype="selection"/>
                    <title
                        jcr:primaryType="cq:Widget"
                        fieldLabel="Cross Border Title"
                        name="./crosstitle"
                        xtype="textfield"/>
                    <subtitle
                        jcr:primaryType="cq:Widget"
                        fieldLabel="Sub Title"
                        name="./subtitle"
                        xtype="textfield"/>
                    <buttonname
                        jcr:primaryType="cq:Widget"
                        fieldLabel="Country Button Name"
                        name="./buttonname"
                        xtype="textfield"/>
                    <tableheading
                        jcr:primaryType="cq:Widget"
                        fieldLabel="Table Heading"
                        name="./tableheading"
                        xtype="textfield"/>
                    <hidelangdropdown
                        jcr:primaryType="cq:Widget"
                        fieldDescription="Enable this checkbox to hide the language dropdown."
                        fieldLabel="Hide Language Dropdown?"
                        inputValue="true"
                        name="./hidelangdropdown"
                        type="checkbox"
                        width="400"
                        xtype="selection"/>
                </items>
            </tab4>
            <tab5
                jcr:primaryType="cq:Panel"
                title="Export Excel">
                <items jcr:primaryType="cq:WidgetCollection">
                    <excelname
                        jcr:primaryType="cq:Widget"
                        fieldLabel="Excel Name"
                        name="./excelname"
                        xtype="textfield"/>
                    <sheetname
                        jcr:primaryType="cq:Widget"
                        fieldLabel="Worksheet Name"
                        name="./worksheetname"
                        xtype="textfield"/>
                    <excelicon
                        jcr:primaryType="cq:Widget"
                        fieldLabel="Excel Icon Path"
                        name="./exceliconpath"
                        width="300"
                        xtype="pathfield"/>
                    <exceliconalttext
                        jcr:primaryType="cq:Widget"
                        fieldLabel="Alt-text for Excel Icon"
                        name="./exceliconalttext"
                        xtype="textfield"/>
                    <text
                        jcr:primaryType="cq:Widget"
                        fieldLabel="Export Excel Text"
                        name="./exportexceltext"
                        xtype="textfield"/>
                </items>
            </tab5>
        </items>
    </items>
</jcr:root>
