<?xml version="1.0" encoding="UTF-8"?>
<jcr:root xmlns:cq="http://www.day.com/jcr/cq/1.0" xmlns:jcr="http://www.jcp.org/jcr/1.0"
    jcr:primaryType="cq:Dialog"
    title="DTYB France Promo Box"
    width="{Long}1000"
    xtype="dialog">
    <items jcr:primaryType="cq:TabPanel">
        <items jcr:primaryType="cq:WidgetCollection">
            <tab1
                jcr:primaryType="cq:Panel"
                title="Box 1">
                <items jcr:primaryType="cq:WidgetCollection">
                    <title
                        jcr:primaryType="cq:Widget"
                        fieldLabel="Title "
                        name="./title1"
                        xtype="textfield"/>
                    <selectpage
                        jcr:primaryType="cq:Widget"
                        allowBlank="false"
                        editable="false"
                        fieldDescription="Select the page path "
                        fieldLabel="Select page"
                        name="./selectpage1"
                        xtype="pathfield"/>
                    <description
                        jcr:primaryType="cq:Widget"
                        fieldLabel="Description"
                        name="./descripton1"
                        xtype="richtext"/>
                    <linktext
                        jcr:primaryType="cq:Widget"
                        fieldLabel="Link Text"
                        name="./linktext1"
                        xtype="textfield"/>
                    <image
                        jcr:primaryType="cq:Widget"
                        allowUpload="{Boolean}false"
                        ddGroups="[media]"
                        disableZoom="{Boolean}true"
                        fieldLabel="Image"
                        fileNameParameter="./fileName"
                        fileReferenceParameter="./prodPhoto"
                        height="200"
                        name="./file"
                        uploadUrl="/tmp/upload/*"
                        xtype="html5smartimage"/>
                    <icon
                        jcr:primaryType="cq:Widget"
                        allowBlank="false"
                        fieldLabel="Select icon"
                        name="./icon1"
                        xtype="pathfield"/>
                    <hovericon
                        jcr:primaryType="cq:Widget"
                        allowBlank="false"
                        fieldLabel="Select hover icon"
                        name="./hovericon1"
                        xtype="pathfield"/>
                    <boxcolor
                        jcr:primaryType="cq:Widget"
                        allowBlank="false"
                        fieldLabel="Select Box Color"
                        name="./color1"
                        xtype="customcolorfield"/>
                </items>
            </tab1>
            <tab2
                jcr:primaryType="cq:Panel"
                title="Box 2">
                <items jcr:primaryType="cq:WidgetCollection">
                    <title
                        jcr:primaryType="cq:Widget"
                        fieldLabel="Title "
                        name="./title2"
                        xtype="textfield"/>
                    <selectpage
                        jcr:primaryType="cq:Widget"
                        allowBlank="false"
                        editable="false"
                        fieldDescription="Select the page path "
                        fieldLabel="Select page"
                        name="./selectpage2"
                        xtype="pathfield"/>
                    <description
                        jcr:primaryType="cq:Widget"
                        fieldLabel="Description"
                        name="./descripton2"
                        xtype="richtext"/>
                    <linktext
                        jcr:primaryType="cq:Widget"
                        fieldLabel="Link Text"
                        name="./linktext2"
                        xtype="textfield"/>
                    <image
                        jcr:primaryType="cq:Widget"
                        allowUpload="{Boolean}false"
                        ddGroups="[media]"
                        disableZoom="{Boolean}true"
                        fieldLabel="Image"
                        fileNameParameter="./fileName1"
                        fileReferenceParameter="./prodPhoto1"
                        height="200"
                        name="./file1"
                        uploadUrl="/tmp/upload/*"
                        xtype="html5smartimage"/>
                    <icon
                        jcr:primaryType="cq:Widget"
                        allowBlank="false"
                        fieldLabel="Select icon"
                        name="./icon2"
                        xtype="pathfield"/>
                    <hovericon
                        jcr:primaryType="cq:Widget"
                        allowBlank="false"
                        fieldLabel="Select hover icon"
                        name="./hovericon2"
                        xtype="pathfield"/>
                    <boxcolor
                        jcr:primaryType="cq:Widget"
                        allowBlank="false"
                        fieldLabel="Select Box Color"
                        name="./color2"
                        xtype="customcolorfield"/>
                </items>
            </tab2>
            <tab3
                jcr:primaryType="cq:Panel"
                title="Box 3">
                <items jcr:primaryType="cq:WidgetCollection">
                    <title
                        jcr:primaryType="cq:Widget"
                        fieldLabel="Title "
                        name="./title3"
                        xtype="textfield"/>
                    <selectpage
                        jcr:primaryType="cq:Widget"
                        allowBlank="false"
                        editable="false"
                        fieldDescription="Select the page path "
                        fieldLabel="Select page"
                        name="./selectpage3"
                        xtype="pathfield"/>
                    <description
                        jcr:primaryType="cq:Widget"
                        fieldLabel="Description"
                        name="./descripton3"
                        xtype="richtext"/>
                    <linktext
                        jcr:primaryType="cq:Widget"
                        fieldLabel="Link Text"
                        name="./linktext3"
                        xtype="textfield"/>
                    <image
                        jcr:primaryType="cq:Widget"
                        allowUpload="{Boolean}false"
                        ddGroups="[media]"
                        disableZoom="{Boolean}true"
                        fieldLabel="Image"
                        fileNameParameter="./fileName2"
                        fileReferenceParameter="./prodPhoto2"
                        height="200"
                        name="./file2"
                        uploadUrl="/tmp/upload/*"
                        xtype="html5smartimage"/>
                    <icon
                        jcr:primaryType="cq:Widget"
                        allowBlank="false"
                        fieldLabel="Select icon"
                        name="./icon3"
                        xtype="pathfield"/>
                    <hovericon
                        jcr:primaryType="cq:Widget"
                        allowBlank="false"
                        fieldLabel="Select hover icon"
                        name="./hovericon3"
                        xtype="pathfield"/>
                    <boxcolor
                        jcr:primaryType="cq:Widget"
                        allowBlank="false"
                        fieldLabel="Select Box Color"
                        name="./color3"
                        xtype="customcolorfield"/>
                </items>
            </tab3>
        </items>
    </items>
</jcr:root>
