<?xml version="1.0" encoding="UTF-8"?>
<jcr:root xmlns:cq="http://www.day.com/jcr/cq/1.0" xmlns:jcr="http://www.jcp.org/jcr/1.0"
    jcr:primaryType="cq:Dialog"
    xtype="dialog">
    <items
        jcr:primaryType="cq:Widget"
        xtype="tabpanel">
        <items jcr:primaryType="cq:WidgetCollection">
            <tab1
                jcr:primaryType="cq:Panel"
                title="Tab 1">
                <items jcr:primaryType="cq:WidgetCollection">
                    <accountlabel
                        jcr:primaryType="cq:Widget"
                        fieldLabel="My Account Label"
                        maxLength="10"
                        name="./accountlabel"
                        xtype="textfield"/>
                    <accountlink
                        jcr:primaryType="cq:Widget"
                        editable="{Boolean}false"
                        fieldLabel="Accounts Page Link"
                        linkPattern="\{0}.html"
                        name="./accountlink"
                        rootPath="/content/devuniversity"
                        xtype="pathfield"/>
                    <logoutlabel
                        jcr:primaryType="cq:Widget"
                        fieldLabel="Logout Label"
                        maxLength="6"
                        name="./logoutlabel"
                        xtype="textfield"/>
                </items>
            </tab1>
            <advanced
                jcr:primaryType="cq:Panel"
                title="advanced">
                <items jcr:primaryType="cq:WidgetCollection">
                    <imgwidth
                        jcr:primaryType="cq:Widget"
                        allowBlank="false"
                        fieldLabel="Image Width"
                        name="./imgwidth"
                        xtype="numberfield"/>
                    <imgheight
                        jcr:primaryType="cq:Widget"
                        allowBlank="false"
                        fieldLabel="Image Height"
                        name="./imgheight"
                        xtype="numberfield"/>
                </items>
            </advanced>
        </items>
    </items>
</jcr:root>
