<?xml version="1.0" encoding="UTF-8"?>
<jcr:root xmlns:cq="http://www.day.com/jcr/cq/1.0" xmlns:jcr="http://www.jcp.org/jcr/1.0" xmlns:nt="http://www.jcp.org/jcr/nt/1.0"
    jcr:primaryType="cq:Dialog"
    title="Intent Survey"
    width="{Long}1000"
    xtype="dialog">
    <items jcr:primaryType="cq:TabPanel">
        <items jcr:primaryType="cq:WidgetCollection">
            <tab1
                jcr:primaryType="cq:Panel"
                title="Survey">
                <items jcr:primaryType="cq:WidgetCollection">
                    <intro
                        jcr:primaryType="cq:Widget"
                        collapsed="{Boolean}true"
                        collapsible="true"
                        title="Survey Introduction"
                        xtype="dialogfieldset">
                        <items jcr:primaryType="cq:WidgetCollection">
                            <title
                                jcr:primaryType="cq:Widget"
                                allowBlank="{Boolean}false"
                                fieldLabel="Title "
                                name="./title"
                                xtype="textfield"/>
                            <description
                                jcr:primaryType="cq:Widget"
                                allowBlank="{Boolean}false"
                                fieldLabel="Description"
                                height="{Long}100"
                                name="./descripton"
                                xtype="richtext"/>
                            <yestitle
                                jcr:primaryType="cq:Widget"
                                allowBlank="{Boolean}false"
                                fieldLabel="Text for Yes"
                                name="./yestitle"
                                xtype="textfield"/>
                            <notitle
                                jcr:primaryType="cq:Widget"
                                allowBlank="{Boolean}false"
                                fieldLabel="Text for No"
                                name="./latertitle"
                                xtype="textfield"/>
                            <nothankstitle
                                jcr:primaryType="cq:Widget"
                                allowBlank="{Boolean}false"
                                fieldLabel="Title Text for No thanks"
                                name="./nothankstitle"
                                xtype="textfield"/>
                            <questionstitle
                                jcr:primaryType="cq:Widget"
                                allowBlank="false"
                                fieldLabel="Question Section Title"
                                name="./sectitle"
                                xtype="textfield"/>
                        </items>
                    </intro>
                    <question1
                        jcr:primaryType="cq:Widget"
                        collapsed="{Boolean}true"
                        collapsible="true"
                        title="Question 1"
                        xtype="dialogfieldset">
                        <items jcr:primaryType="cq:WidgetCollection">
                            <serialnum
                                jcr:primaryType="cq:Widget"
                                allowBlank="{Boolean}false"
                                fieldLabel="Serial Number"
                                name="./num1"
                                xtype="textfield"/>
                            <question
                                jcr:primaryType="cq:Widget"
                                allowBlank="{Boolean}false"
                                fieldLabel="Question"
                                height="{Long}100"
                                name="./ques1"
                                xtype="richtext"/>
                            <ans
                                jcr:primaryType="cq:Widget"
                                fieldLabel="Answer"
                                name="./ans1"
                                xtype="multifield">
                                <fieldConfig
                                    jcr:primaryType="nt:unstructured"
                                    enableSourceEdit="{Boolean}true"
                                    enableSubSuperScript="true"
                                    xtype="textfield"/>
                            </ans>
                        </items>
                    </question1>
                    <question2
                        jcr:primaryType="cq:Widget"
                        collapsed="{Boolean}true"
                        collapsible="true"
                        title="Question 2"
                        xtype="dialogfieldset">
                        <items jcr:primaryType="cq:WidgetCollection">
                            <serialnum
                                jcr:primaryType="cq:Widget"
                                allowBlank="{Boolean}false"
                                fieldLabel="Serial Number"
                                name="./num2"
                                xtype="textfield"/>
                            <question
                                jcr:primaryType="cq:Widget"
                                allowBlank="{Boolean}false"
                                fieldLabel="Question"
                                height="{Long}100"
                                name="./ques2"
                                xtype="richtext"/>
                            <ans
                                jcr:primaryType="cq:Widget"
                                fieldLabel="Answer"
                                name="./ans2"
                                xtype="multifield">
                                <fieldConfig
                                    jcr:primaryType="nt:unstructured"
                                    enableSourceEdit="{Boolean}true"
                                    enableSubSuperScript="true"
                                    xtype="textfield"/>
                            </ans>
                        </items>
                    </question2>
                    <thankyou
                        jcr:primaryType="cq:Widget"
                        collapsed="{Boolean}true"
                        collapsible="true"
                        title="Thank You Note"
                        xtype="dialogfieldset">
                        <items jcr:primaryType="cq:WidgetCollection">
                            <title
                                jcr:primaryType="cq:Widget"
                                allowBlank="{Boolean}false"
                                fieldLabel="Title "
                                name="./thnkutitle"
                                xtype="textfield"/>
                            <description
                                jcr:primaryType="cq:Widget"
                                allowBlank="{Boolean}false"
                                fieldLabel="Description"
                                height="{Long}100"
                                name="./thankyou"
                                xtype="richtext"/>
                        </items>
                    </thankyou>
                </items>
            </tab1>
        </items>
    </items>
</jcr:root>
