<?xml version="1.0" encoding="UTF-8"?>
<jcr:root xmlns:cq="http://www.day.com/jcr/cq/1.0" xmlns:jcr="http://www.jcp.org/jcr/1.0" xmlns:nt="http://www.jcp.org/jcr/nt/1.0"
    jcr:primaryType="cq:Dialog"
    title="Profile"
    xtype="dialog">
    <items
        jcr:primaryType="cq:Widget"
        xtype="tabpanel">
        <items jcr:primaryType="cq:WidgetCollection">
            <tab1
                jcr:primaryType="cq:Panel"
                title="Tab 1">
                <items jcr:primaryType="cq:WidgetCollection">
                    <browselabel
                        jcr:primaryType="cq:Widget"
                        fieldLabel="Browse Label"
                        name="./browselabel"
                        xtype="textfield"/>
                    <uploadlabel
                        jcr:primaryType="cq:Widget"
                        fieldLabel="Upload Label"
                        name="./uploadlabel"
                        xtype="textfield"/>
                    <learningtype
                        jcr:primaryType="cq:Widget"
                        allowBlank="false"
                        defaultValue="1"
                        fieldLabel="Learning to create"
                        name="./learningtype"
                        type="select"
                        width="300"
                        xtype="selection">
                        <options jcr:primaryType="cq:WidgetCollection">
                            <journey
                                jcr:primaryType="nt:unstructured"
                                text="Journey"
                                value="2"/>
                            <path
                                jcr:primaryType="nt:unstructured"
                                text="Path"
                                value="1"/>
                            <resource
                                jcr:primaryType="nt:unstructured"
                                text="Resource"
                                value="0"/>
                        </options>
                    </learningtype>
                    <referencepath
                        jcr:primaryType="cq:Widget"
                        fieldLabel="Page to refer for Userinfo and Recommended"
                        name="./referencepath"
                        rootPath="/content/devuniversity"
                        xtype="pathfield"/>
                    <traininglabel
                        jcr:primaryType="cq:Widget"
                        fieldLabel="Training Label"
                        name="./traininglabel"
                        xtype="textfield"/>
                    <uploadfilelabel
                        jcr:primaryType="cq:Widget"
                        fieldLabel="Upload File Label"
                        name="./uploadfilelabel"
                        xtype="textfield"/>
                    <startrow
                        jcr:primaryType="cq:Widget"
                        fieldLabel="Start Row Label"
                        name="./startrow"
                        xtype="numberfield"/>
                    <endrow
                        jcr:primaryType="cq:Widget"
                        fieldLabel="End Row Label"
                        name="./endrow"
                        xtype="numberfield"/>
                </items>
            </tab1>
        </items>
    </items>
</jcr:root>
