<?xml version="1.0" encoding="UTF-8"?>
<jcr:root xmlns:cq="http://www.day.com/jcr/cq/1.0" xmlns:jcr="http://www.jcp.org/jcr/1.0" xmlns:nt="http://www.jcp.org/jcr/nt/1.0"
    jcr:primaryType="cq:Dialog"
    title="Symptom Checker Results"
    width="{Long}1000"
    xtype="dialog">
    <items jcr:primaryType="cq:TabPanel">
        <items jcr:primaryType="cq:WidgetCollection">
            <tab1
                jcr:primaryType="cq:Panel"
                title="Symptom Checker Results">
                <items jcr:primaryType="cq:WidgetCollection">
                    <title
                        jcr:primaryType="cq:Widget"
                        allowBlank="false"
                        fieldLabel="Title"
                        name="./title"
                        xtype="textfield"/>
                    <buttonText
                        jcr:primaryType="cq:Widget"
                        allowBlank="false"
                        fieldLabel="Button Text"
                        name="./buttontext"
                        xtype="textfield"/>
                    <buttonlink
                        jcr:primaryType="cq:Widget"
                        allowBlank="false"
                        fieldLabel="Button Link"
                        linkPattern="\{0}.html"
                        name="./buttonlink"
                        xtype="pathfield"/>
                    <index
                        jcr:primaryType="cq:Widget"
                        allowBlank="false"
                        fieldLabel="Index"
                        name="./index"
                        xtype="numberfield"/>
                </items>
            </tab1>
            <tab2
                jcr:primaryType="cq:Panel"
                title="Positive IBP">
                <items jcr:primaryType="cq:WidgetCollection">
                    <posans
                        jcr:primaryType="cq:Widget"
                        allowBlank="false"
                        fieldLabel="Positive IBP Text"
                        name="./postext"
                        xtype="textfield"/>
                    <posresulttext
                        jcr:primaryType="cq:Widget"
                        allowBlank="false"
                        fieldLabel="Result Text"
                        name="./posresulttext"
                        xtype="textfield"/>
                    <posresultsummary
                        jcr:primaryType="cq:Widget"
                        allowBlank="false"
                        fieldLabel="Result Summary"
                        name="./posresultsummary"
                        xtype="richtext">
                        <rtePlugins jcr:primaryType="nt:unstructured">
                            <misctools
                                jcr:primaryType="nt:unstructured"
                                features="[specialchars,sourceedit]">
                                <specialCharsConfig jcr:primaryType="nt:unstructured">
                                    <chars jcr:primaryType="nt:unstructured">
                                        <bracket
                                            jcr:primaryType="nt:unstructured"
                                            entity="&amp;#187;"/>
                                        <copyright
                                            jcr:primaryType="nt:unstructured"
                                            entity="&amp;#169;"/>
                                    </chars>
                                </specialCharsConfig>
                            </misctools>
                            <paraformat
                                jcr:primaryType="nt:unstructured"
                                features="*">
                                <formats jcr:primaryType="cq:WidgetCollection">
                                    <heading1
                                        jcr:primaryType="nt:unstructured"
                                        description="Heading 1"
                                        tag="h1"/>
                                    <heading2
                                        jcr:primaryType="nt:unstructured"
                                        description="Heading 2"
                                        tag="h2"/>
                                    <heading3
                                        jcr:primaryType="nt:unstructured"
                                        description="Heading 3"
                                        tag="h3"/>
                                    <heading4
                                        jcr:primaryType="nt:unstructured"
                                        description="Heading 4"
                                        tag="h4"/>
                                    <heading5
                                        jcr:primaryType="nt:unstructured"
                                        description="Heading 5"
                                        tag="h5"/>
                                    <heading6
                                        jcr:primaryType="nt:unstructured"
                                        description="Heading 6"
                                        tag="h6"/>
                                    <paragraph
                                        jcr:primaryType="nt:unstructured"
                                        description="Paragraph"
                                        tag="p"/>
                                </formats>
                            </paraformat>
                        </rtePlugins>
                    </posresultsummary>
                    <positive
                        jcr:primaryType="cq:Widget"
                        allowUpload="false"
                        ddGroups="[media]"
                        disableZoom="{Boolean}true"
                        fieldLabel="Select Image"
                        fileNameParameter="./fileName1"
                        fileReferenceParameter="./fileReference1"
                        height="200"
                        name="./file1"
                        uploadUrl="/tmp/upload/*"
                        xtype="html5smartimage"/>
                </items>
            </tab2>
            <tab3
                jcr:primaryType="cq:Panel"
                title="Negative IBP">
                <items jcr:primaryType="cq:WidgetCollection">
                    <negans
                        jcr:primaryType="cq:Widget"
                        allowBlank="false"
                        fieldLabel="Negative IBP Text"
                        name="./negtext"
                        xtype="textfield"/>
                    <negresulttext
                        jcr:primaryType="cq:Widget"
                        allowBlank="false"
                        fieldLabel="Result Text"
                        name="./negresulttext"
                        xtype="textfield"/>
                    <negresultsummary
                        jcr:primaryType="cq:Widget"
                        allowBlank="false"
                        fieldLabel="Result Summary"
                        name="./negresultsummary"
                        xtype="richtext">
                        <rtePlugins jcr:primaryType="nt:unstructured">
                            <misctools
                                jcr:primaryType="nt:unstructured"
                                features="[specialchars,sourceedit]">
                                <specialCharsConfig jcr:primaryType="nt:unstructured">
                                    <chars jcr:primaryType="nt:unstructured">
                                        <bracket
                                            jcr:primaryType="nt:unstructured"
                                            entity="&amp;#187;"/>
                                        <copyright
                                            jcr:primaryType="nt:unstructured"
                                            entity="&amp;#169;"/>
                                    </chars>
                                </specialCharsConfig>
                            </misctools>
                            <paraformat
                                jcr:primaryType="nt:unstructured"
                                features="*">
                                <formats jcr:primaryType="cq:WidgetCollection">
                                    <heading1
                                        jcr:primaryType="nt:unstructured"
                                        description="Heading 1"
                                        tag="h1"/>
                                    <heading2
                                        jcr:primaryType="nt:unstructured"
                                        description="Heading 2"
                                        tag="h2"/>
                                    <heading3
                                        jcr:primaryType="nt:unstructured"
                                        description="Heading 3"
                                        tag="h3"/>
                                    <heading4
                                        jcr:primaryType="nt:unstructured"
                                        description="Heading 4"
                                        tag="h4"/>
                                    <heading5
                                        jcr:primaryType="nt:unstructured"
                                        description="Heading 5"
                                        tag="h5"/>
                                    <heading6
                                        jcr:primaryType="nt:unstructured"
                                        description="Heading 6"
                                        tag="h6"/>
                                    <paragraph
                                        jcr:primaryType="nt:unstructured"
                                        description="Paragraph"
                                        tag="p"/>
                                </formats>
                            </paraformat>
                        </rtePlugins>
                    </negresultsummary>
                    <negative
                        jcr:primaryType="cq:Widget"
                        allowUpload="false"
                        ddGroups="[media]"
                        disableZoom="{Boolean}true"
                        fieldLabel="Select Image"
                        fileNameParameter="./fileName2"
                        fileReferenceParameter="./fileReference2"
                        height="200"
                        name="./file2"
                        uploadUrl="/tmp/upload/*"
                        xtype="html5smartimage"/>
                </items>
            </tab3>
            <tab4
                jcr:primaryType="cq:Panel"
                title="Warn on leave pop up">
                <items jcr:primaryType="cq:WidgetCollection">
                    <popuptitle
                        jcr:primaryType="cq:Widget"
                        fieldLabel="Title"
                        name="./popuptitle"
                        xtype="textfield"/>
                    <popupbody
                        jcr:primaryType="cq:Widget"
                        allowBlank="false"
                        fieldLabel="Pop Up Body"
                        name="./popup"
                        xtype="richtext"/>
                </items>
            </tab4>
        </items>
    </items>
</jcr:root>
