<?xml version="1.0" encoding="UTF-8"?>
<jcr:root xmlns:cq="http://www.day.com/jcr/cq/1.0" xmlns:jcr="http://www.jcp.org/jcr/1.0"
    jcr:primaryType="cq:Dialog"
    title="Awareness Listing"
    width="900"
    xtype="dialog">
    <items jcr:primaryType="cq:TabPanel">
        <items jcr:primaryType="cq:WidgetCollection">
            <tab1
                jcr:primaryType="cq:Panel"
                title="Awareness Listing">
                <items jcr:primaryType="cq:WidgetCollection">
                    <heading
                        jcr:primaryType="cq:Widget"
                        allowBlank="{Boolean}false"
                        fieldLabel="Enter Heading"
                        name="./heading"
                        xtype="textfield"/>
                    <description
                        jcr:primaryType="cq:Widget"
                        fieldDescription="Field for entering description"
                        fieldLabel="Description"
                        name="./description"
                        xtype="richtext"/>
                    <configurearticles
                        jcr:primaryType="cq:Widget"
                        customMultiFieldName="./awarenessarticles"
                        fieldDescription="Click the '+' to add a new Link."
                        fieldLabel="Configure Awareness Articles"
                        fieldName="Awareness Articles list"
                        maxItems="5"
                        name="./nooffileds"
                        xtype="custommultifield">
                        <fieldConfig jcr:primaryType="cq:WidgetCollection">
                            <title
                                jcr:primaryType="cq:Widget"
                                allowBlank="false"
                                fieldLabel="Link Title"
                                name="./title"
                                xtype="textfield"/>
                            <link
                                jcr:primaryType="cq:Widget"
                                fieldLabel="Link URL"
                                linkPattern="\{0}.html"
                                name="./link"
                                rootPath="/content/dtyb"
                                xtype="pathfield"/>
                        </fieldConfig>
                    </configurearticles>
                    <buttontext
                        jcr:primaryType="cq:Widget"
                        fieldDescription="Field for entering button title"
                        fieldLabel="Button Text"
                        name="./buttontext"
                        xtype="textfield"/>
                    <buttonlink
                        jcr:primaryType="cq:Widget"
                        fieldLabel="Select Button URL"
                        linkPattern="\{0}.html"
                        name="./buttonlink"
                        rootPath="/content/dtyb"
                        xtype="pathfield"/>
                </items>
            </tab1>
        </items>
    </items>
</jcr:root>
