<?xml version="1.0" encoding="UTF-8"?>
<jcr:root xmlns:cq="http://www.day.com/jcr/cq/1.0" xmlns:jcr="http://www.jcp.org/jcr/1.0"
    jcr:primaryType="cq:Dialog"
    helpPath="en/cq/current/wcm/default_components.html#List"
    title="List"
    xtype="tabpanel">
    <items jcr:primaryType="cq:WidgetCollection">
        <list
            jcr:primaryType="cq:Widget"
            title="List"
            xtype="panel">
            <items jcr:primaryType="cq:WidgetCollection">
                <listFrom
                    jcr:primaryType="cq:Widget"
                    defaultValue="querybuilder"
                    fieldLabel="Build list using"
                    name="./listFrom"
                    type="select"
                    xtype="hidden"/>
                <limit
                    jcr:primaryType="cq:Widget"
                    fieldDescription="Maximum number of items displayed in list"
                    fieldLabel="Limit"
                    name="./limit"
                    xtype="numberfield"/>
                <title
                    jcr:primaryType="cq:Widget"
                    allowBlank="{Boolean}false"
                    fieldLabel="List Title"
                    name="./title"
                    xtype="textfield"/>
                <orderBy
                    jcr:primaryType="cq:Widget"
                    fieldDescription="Enter a property like 'jcr:created'"
                    fieldLabel="Order by"
                    name="./orderBy"
                    type="combobox"
                    xtype="hidden"/>
                <buttontext
                    jcr:primaryType="cq:Widget"
                    allowBlank="{Boolean}false"
                    fieldLabel="Button Text"
                    name="./buttontxt"
                    xtype="textfield"/>
                <searchPath
                    jcr:primaryType="cq:Widget"
                    fieldDescription="Select the  base page containing the article pages."
                    fieldLabel="Select the Feature Story Article"
                    name="./searchPath"
                    xtype="pathfield"/>
                <icon
                    jcr:primaryType="cq:Widget"
                    fieldDescription="Select the Icon to be displayed on the same."
                    fieldLabel="Path for the Icon"
                    name="./icon"
                    xtype="pathfield"/>
            </items>
        </list>
        <querybuilder
            jcr:primaryType="cq:Widget"
            title="Advanced Search"
            xtype="panel">
            <items jcr:primaryType="cq:WidgetCollection">
                <savedquery
                    jcr:primaryType="cq:Widget"
                    fieldLabel="Querybuilder predicate notation"
                    name="./savedquery"
                    xtype="textarea"/>
            </items>
        </querybuilder>
    </items>
</jcr:root>
