<?xml version="1.0" encoding="UTF-8"?>
<jcr:root xmlns:cq="http://www.day.com/jcr/cq/1.0" xmlns:jcr="http://www.jcp.org/jcr/1.0" xmlns:nt="http://www.jcp.org/jcr/nt/1.0"
    jcr:primaryType="cq:Dialog"
    title="Results"
    xtype="dialog">
    <items
        jcr:primaryType="cq:Widget"
        xtype="tabpanel">
        <items jcr:primaryType="cq:WidgetCollection">
            <tab1
                jcr:primaryType="cq:Panel"
                title="Inference">
                <items jcr:primaryType="cq:WidgetCollection">
                    <rte
                        jcr:primaryType="cq:Widget"
                        editElementQuery="div[class=&quot;text&quot;]"
                        fieldDescription="For a new Line: Press(Shift +Enter) and for a new paragraph press (Enter)"
                        fieldLabel="What It Means Information"
                        name="./meaning"
                        xtype="richtext">
                        <rtePlugins jcr:primaryType="nt:unstructured">
                            <misctools
                                jcr:primaryType="nt:unstructured"
                                features="[specialchars,sourceedit]">
                                <specialCharsConfig jcr:primaryType="nt:unstructured">
                                    <chars jcr:primaryType="nt:unstructured">
                                        <bracket
                                            jcr:primaryType="nt:unstructured"
                                            entity="&amp;#187;"/>
                                        <copyright
                                            jcr:primaryType="nt:unstructured"
                                            entity="&amp;#169;"/>
                                    </chars>
                                </specialCharsConfig>
                            </misctools>
                            <paraformat
                                jcr:primaryType="nt:unstructured"
                                features="*">
                                <formats jcr:primaryType="cq:WidgetCollection">
                                    <heading1
                                        jcr:primaryType="nt:unstructured"
                                        description="Heading 1"
                                        tag="h1"/>
                                    <heading2
                                        jcr:primaryType="nt:unstructured"
                                        description="Heading 2"
                                        tag="h2"/>
                                    <heading3
                                        jcr:primaryType="nt:unstructured"
                                        description="Heading 3"
                                        tag="h3"/>
                                    <heading4
                                        jcr:primaryType="nt:unstructured"
                                        description="Heading 4"
                                        tag="h4"/>
                                    <heading5
                                        jcr:primaryType="nt:unstructured"
                                        description="Heading 5"
                                        tag="h5"/>
                                    <heading6
                                        jcr:primaryType="nt:unstructured"
                                        description="Heading 6"
                                        tag="h6"/>
                                    <paragraph
                                        jcr:primaryType="nt:unstructured"
                                        description="Paragraph"
                                        tag="p"/>
                                </formats>
                            </paraformat>
                            <color
                                jcr:primaryType="nt:unstructured"
                                features="*">
                                <styles jcr:primaryType="cq:WidgetCollection">
                                    <blue
                                        jcr:primaryType="nt:unstructured"
                                        cssName="blue"
                                        text="Blue"/>
                                    <green
                                        jcr:primaryType="nt:unstructured"
                                        cssName="green"
                                        text="Green"/>
                                    <indigo
                                        jcr:primaryType="nt:unstructured"
                                        cssName="indigo"
                                        text="Indigo"/>
                                    <orange
                                        jcr:primaryType="nt:unstructured"
                                        cssName="orange"
                                        text="Orange"/>
                                    <red
                                        jcr:primaryType="nt:unstructured"
                                        cssName="red"
                                        text="Red"/>
                                    <violet
                                        jcr:primaryType="nt:unstructured"
                                        cssName="violet"
                                        text="Violet"/>
                                    <yellow
                                        jcr:primaryType="nt:unstructured"
                                        cssName="yellow"
                                        text="Yellow"/>
                                </styles>
                            </color>
                            <edit
                                jcr:primaryType="nt:unstructured"
                                features="*"/>
                            <font
                                jcr:primaryType="nt:unstructured"
                                features="*"/>
                            <format
                                jcr:primaryType="nt:unstructured"
                                features="*"/>
                            <image
                                jcr:primaryType="nt:unstructured"
                                features="*"/>
                            <justify
                                jcr:primaryType="nt:unstructured"
                                features="*"/>
                            <links jcr:primaryType="nt:unstructured">
                                <linkDialogConfig
                                    jcr:primaryType="nt:unstructured"
                                    height="316">
                                    <linkAttributes jcr:primaryType="cq:WidgetCollection">
                                        <linkAdvanced
                                            jcr:primaryType="cq:Widget"
                                            collapsed="true"
                                            collapsible="true"
                                            inputValue="advanced"
                                            name="./linkdialog/cq:adhocLinkTrackingTab"
                                            title="Link tracking"
                                            xtype="dialogfieldset">
                                            <items jcr:primaryType="cq:WidgetCollection">
                                                <enable
                                                    jcr:primaryType="nt:unstructured"
                                                    attribute="enabletracking"
                                                    fieldDescription="override analytics framework settings"
                                                    fieldLabel="Custom link tracking"
                                                    name="./linkdialog/cq:adhocLinkTrackingEnableTracking"
                                                    xtype="checkbox">
                                                    <listeners
                                                        jcr:primaryType="nt:unstructured"
                                                        check="function(component){var dlg=component.findParentByType('rtelinkdialog');dlg.enableSCFields(component.checked);}"/>
                                                </enable>
                                                <evars
                                                    jcr:primaryType="nt:unstructured"
                                                    attribute="adhocevars"
                                                    fieldDescription="e.g.: eVar1: pagedata.url, prop4: 'const'"
                                                    fieldLabel="Include SiteCatalyst variables"
                                                    name="./linkdialog/cq:adhocLinkTrackingEvars"
                                                    xtype="textfield"/>
                                                <events
                                                    jcr:primaryType="nt:unstructured"
                                                    attribute="adhocevents"
                                                    fieldDescription="e.g.: event2, event7"
                                                    fieldLabel="Include SiteCatalyst events"
                                                    name="./linkdialog/cq:adhocLinkTrackingEvents"
                                                    xtype="textfield"/>
                                            </items>
                                        </linkAdvanced>
                                    </linkAttributes>
                                </linkDialogConfig>
                            </links>
                            <lists
                                jcr:primaryType="nt:unstructured"
                                features="*"/>
                            <styles
                                jcr:primaryType="nt:unstructured"
                                features="*">
                                <styles jcr:primaryType="cq:WidgetCollection">
                                    <brown
                                        jcr:primaryType="nt:unstructured"
                                        cssName="txt-brown"
                                        text="Brown"/>
                                    <purple
                                        jcr:primaryType="nt:unstructured"
                                        cssName="txt-purple"
                                        text="Purple"/>
                                    <blue
                                        jcr:primaryType="nt:unstructured"
                                        cssName="txt-blue"
                                        text="Blue"/>
                                    <aqua
                                        jcr:primaryType="nt:unstructured"
                                        cssName="txt-aqua"
                                        text="Aqua"/>
                                </styles>
                            </styles>
                            <table
                                jcr:primaryType="nt:unstructured"
                                features="*">
                                <tableStyles jcr:primaryType="cq:WidgetCollection">
                                    <GreyBorderTable
                                        jcr:primaryType="nt:unstructured"
                                        cssName="mainTable defaultTable hidden-phone"
                                        text="DTYB Table"/>
                                </tableStyles>
                            </table>
                            <undo
                                jcr:primaryType="nt:unstructured"
                                features="[[&quot;undo&quot;]]"/>
                            <findreplace
                                jcr:primaryType="nt:unstructured"
                                features="*"/>
                        </rtePlugins>
                    </rte>
                </items>
            </tab1>
            <tab2
                jcr:primaryType="cq:Panel"
                title="Next Steps">
                <items jcr:primaryType="cq:WidgetCollection">
                    <next
                        jcr:primaryType="cq:Widget"
                        editElementQuery="div[class=&quot;text&quot;]"
                        fieldDescription="For a new Line: Press(Shift +Enter) and for a new paragraph press (Enter)"
                        fieldLabel="What To Do Next Information"
                        name="./nextsteps"
                        xtype="richtext">
                        <rtePlugins jcr:primaryType="nt:unstructured">
                            <misctools
                                jcr:primaryType="nt:unstructured"
                                features="[specialchars,sourceedit]">
                                <specialCharsConfig jcr:primaryType="nt:unstructured">
                                    <chars jcr:primaryType="nt:unstructured">
                                        <bracket
                                            jcr:primaryType="nt:unstructured"
                                            entity="&amp;#187;"/>
                                        <copyright
                                            jcr:primaryType="nt:unstructured"
                                            entity="&amp;#169;"/>
                                    </chars>
                                </specialCharsConfig>
                            </misctools>
                            <paraformat
                                jcr:primaryType="nt:unstructured"
                                features="*">
                                <formats jcr:primaryType="cq:WidgetCollection">
                                    <heading1
                                        jcr:primaryType="nt:unstructured"
                                        description="Heading 1"
                                        tag="h1"/>
                                    <heading2
                                        jcr:primaryType="nt:unstructured"
                                        description="Heading 2"
                                        tag="h2"/>
                                    <heading3
                                        jcr:primaryType="nt:unstructured"
                                        description="Heading 3"
                                        tag="h3"/>
                                    <heading4
                                        jcr:primaryType="nt:unstructured"
                                        description="Heading 4"
                                        tag="h4"/>
                                    <heading5
                                        jcr:primaryType="nt:unstructured"
                                        description="Heading 5"
                                        tag="h5"/>
                                    <heading6
                                        jcr:primaryType="nt:unstructured"
                                        description="Heading 6"
                                        tag="h6"/>
                                    <paragraph
                                        jcr:primaryType="nt:unstructured"
                                        description="Paragraph"
                                        tag="p"/>
                                </formats>
                            </paraformat>
                            <color
                                jcr:primaryType="nt:unstructured"
                                features="*">
                                <styles jcr:primaryType="cq:WidgetCollection">
                                    <blue
                                        jcr:primaryType="nt:unstructured"
                                        cssName="blue"
                                        text="Blue"/>
                                    <green
                                        jcr:primaryType="nt:unstructured"
                                        cssName="green"
                                        text="Green"/>
                                    <indigo
                                        jcr:primaryType="nt:unstructured"
                                        cssName="indigo"
                                        text="Indigo"/>
                                    <orange
                                        jcr:primaryType="nt:unstructured"
                                        cssName="orange"
                                        text="Orange"/>
                                    <red
                                        jcr:primaryType="nt:unstructured"
                                        cssName="red"
                                        text="Red"/>
                                    <violet
                                        jcr:primaryType="nt:unstructured"
                                        cssName="violet"
                                        text="Violet"/>
                                    <yellow
                                        jcr:primaryType="nt:unstructured"
                                        cssName="yellow"
                                        text="Yellow"/>
                                </styles>
                            </color>
                            <edit
                                jcr:primaryType="nt:unstructured"
                                features="*"/>
                            <font
                                jcr:primaryType="nt:unstructured"
                                features="*"/>
                            <format
                                jcr:primaryType="nt:unstructured"
                                features="*"/>
                            <image
                                jcr:primaryType="nt:unstructured"
                                features="*"/>
                            <justify
                                jcr:primaryType="nt:unstructured"
                                features="*"/>
                            <links jcr:primaryType="nt:unstructured">
                                <linkDialogConfig
                                    jcr:primaryType="nt:unstructured"
                                    height="316">
                                    <linkAttributes jcr:primaryType="cq:WidgetCollection">
                                        <linkAdvanced
                                            jcr:primaryType="cq:Widget"
                                            collapsed="true"
                                            collapsible="true"
                                            inputValue="advanced"
                                            name="./linkdialog/cq:adhocLinkTrackingTab"
                                            title="Link tracking"
                                            xtype="dialogfieldset">
                                            <items jcr:primaryType="cq:WidgetCollection">
                                                <enable
                                                    jcr:primaryType="nt:unstructured"
                                                    attribute="enabletracking"
                                                    fieldDescription="override analytics framework settings"
                                                    fieldLabel="Custom link tracking"
                                                    name="./linkdialog/cq:adhocLinkTrackingEnableTracking"
                                                    xtype="checkbox">
                                                    <listeners
                                                        jcr:primaryType="nt:unstructured"
                                                        check="function(component){var dlg=component.findParentByType('rtelinkdialog');dlg.enableSCFields(component.checked);}"/>
                                                </enable>
                                                <evars
                                                    jcr:primaryType="nt:unstructured"
                                                    attribute="adhocevars"
                                                    fieldDescription="e.g.: eVar1: pagedata.url, prop4: 'const'"
                                                    fieldLabel="Include SiteCatalyst variables"
                                                    name="./linkdialog/cq:adhocLinkTrackingEvars"
                                                    xtype="textfield"/>
                                                <events
                                                    jcr:primaryType="nt:unstructured"
                                                    attribute="adhocevents"
                                                    fieldDescription="e.g.: event2, event7"
                                                    fieldLabel="Include SiteCatalyst events"
                                                    name="./linkdialog/cq:adhocLinkTrackingEvents"
                                                    xtype="textfield"/>
                                            </items>
                                        </linkAdvanced>
                                    </linkAttributes>
                                </linkDialogConfig>
                            </links>
                            <lists
                                jcr:primaryType="nt:unstructured"
                                features="*"/>
                            <styles
                                jcr:primaryType="nt:unstructured"
                                features="*">
                                <styles jcr:primaryType="cq:WidgetCollection">
                                    <brown
                                        jcr:primaryType="nt:unstructured"
                                        cssName="txt-brown"
                                        text="Brown"/>
                                    <purple
                                        jcr:primaryType="nt:unstructured"
                                        cssName="txt-purple"
                                        text="Purple"/>
                                    <blue
                                        jcr:primaryType="nt:unstructured"
                                        cssName="txt-blue"
                                        text="Blue"/>
                                    <aqua
                                        jcr:primaryType="nt:unstructured"
                                        cssName="txt-aqua"
                                        text="Aqua"/>
                                </styles>
                            </styles>
                            <table
                                jcr:primaryType="nt:unstructured"
                                features="*">
                                <tableStyles jcr:primaryType="cq:WidgetCollection">
                                    <GreyBorderTable
                                        jcr:primaryType="nt:unstructured"
                                        cssName="mainTable defaultTable hidden-phone"
                                        text="DTYB Table"/>
                                </tableStyles>
                            </table>
                            <undo
                                jcr:primaryType="nt:unstructured"
                                features="[[&quot;undo&quot;]]"/>
                            <findreplace
                                jcr:primaryType="nt:unstructured"
                                features="*"/>
                        </rtePlugins>
                    </next>
                    <buttontext
                        jcr:primaryType="cq:Widget"
                        fieldLabel="Button Text"
                        name="./buttontext"
                        xtype="textfield"/>
                    <buttonlink
                        jcr:primaryType="cq:Widget"
                        fieldLabel="Button Link"
                        linkPattern="\{0}.html"
                        name="./buttonlink"
                        rootPath="/content/dtyb"
                        xtype="pathfield"/>
                </items>
            </tab2>
            <tab3
                jcr:primaryType="cq:Panel"
                title="Warn On Leave Pop Up">
                <items jcr:primaryType="cq:WidgetCollection">
                    <popuptitle
                        jcr:primaryType="cq:Widget"
                        fieldLabel="Title"
                        name="./popuptitle"
                        xtype="textfield"/>
                    <popupbody
                        jcr:primaryType="cq:Widget"
                        editElementQuery="div[class=&quot;text&quot;]"
                        fieldDescription="For a new Line: Press(Shift +Enter) and for a new paragraph press (Enter)"
                        fieldLabel="Pop Up Description"
                        name="./popup"
                        xtype="richtext">
                        <rtePlugins jcr:primaryType="nt:unstructured">
                            <misctools
                                jcr:primaryType="nt:unstructured"
                                features="[specialchars,sourceedit]">
                                <specialCharsConfig jcr:primaryType="nt:unstructured">
                                    <chars jcr:primaryType="nt:unstructured">
                                        <bracket
                                            jcr:primaryType="nt:unstructured"
                                            entity="&amp;#187;"/>
                                        <copyright
                                            jcr:primaryType="nt:unstructured"
                                            entity="&amp;#169;"/>
                                    </chars>
                                </specialCharsConfig>
                            </misctools>
                            <paraformat
                                jcr:primaryType="nt:unstructured"
                                features="*">
                                <formats jcr:primaryType="cq:WidgetCollection">
                                    <heading1
                                        jcr:primaryType="nt:unstructured"
                                        description="Heading 1"
                                        tag="h1"/>
                                    <heading2
                                        jcr:primaryType="nt:unstructured"
                                        description="Heading 2"
                                        tag="h2"/>
                                    <heading3
                                        jcr:primaryType="nt:unstructured"
                                        description="Heading 3"
                                        tag="h3"/>
                                    <heading4
                                        jcr:primaryType="nt:unstructured"
                                        description="Heading 4"
                                        tag="h4"/>
                                    <heading5
                                        jcr:primaryType="nt:unstructured"
                                        description="Heading 5"
                                        tag="h5"/>
                                    <heading6
                                        jcr:primaryType="nt:unstructured"
                                        description="Heading 6"
                                        tag="h6"/>
                                    <paragraph
                                        jcr:primaryType="nt:unstructured"
                                        description="Paragraph"
                                        tag="p"/>
                                </formats>
                            </paraformat>
                            <color
                                jcr:primaryType="nt:unstructured"
                                features="*">
                                <styles jcr:primaryType="cq:WidgetCollection">
                                    <blue
                                        jcr:primaryType="nt:unstructured"
                                        cssName="blue"
                                        text="Blue"/>
                                    <green
                                        jcr:primaryType="nt:unstructured"
                                        cssName="green"
                                        text="Green"/>
                                    <indigo
                                        jcr:primaryType="nt:unstructured"
                                        cssName="indigo"
                                        text="Indigo"/>
                                    <orange
                                        jcr:primaryType="nt:unstructured"
                                        cssName="orange"
                                        text="Orange"/>
                                    <red
                                        jcr:primaryType="nt:unstructured"
                                        cssName="red"
                                        text="Red"/>
                                    <violet
                                        jcr:primaryType="nt:unstructured"
                                        cssName="violet"
                                        text="Violet"/>
                                    <yellow
                                        jcr:primaryType="nt:unstructured"
                                        cssName="yellow"
                                        text="Yellow"/>
                                </styles>
                            </color>
                            <edit
                                jcr:primaryType="nt:unstructured"
                                features="*"/>
                            <font
                                jcr:primaryType="nt:unstructured"
                                features="*"/>
                            <format
                                jcr:primaryType="nt:unstructured"
                                features="*"/>
                            <image
                                jcr:primaryType="nt:unstructured"
                                features="*"/>
                            <justify
                                jcr:primaryType="nt:unstructured"
                                features="*"/>
                            <links jcr:primaryType="nt:unstructured">
                                <linkDialogConfig
                                    jcr:primaryType="nt:unstructured"
                                    height="316">
                                    <linkAttributes jcr:primaryType="cq:WidgetCollection">
                                        <linkAdvanced
                                            jcr:primaryType="cq:Widget"
                                            collapsed="true"
                                            collapsible="true"
                                            inputValue="advanced"
                                            name="./linkdialog/cq:adhocLinkTrackingTab"
                                            title="Link tracking"
                                            xtype="dialogfieldset">
                                            <items jcr:primaryType="cq:WidgetCollection">
                                                <enable
                                                    jcr:primaryType="nt:unstructured"
                                                    attribute="enabletracking"
                                                    fieldDescription="override analytics framework settings"
                                                    fieldLabel="Custom link tracking"
                                                    name="./linkdialog/cq:adhocLinkTrackingEnableTracking"
                                                    xtype="checkbox">
                                                    <listeners
                                                        jcr:primaryType="nt:unstructured"
                                                        check="function(component){var dlg=component.findParentByType('rtelinkdialog');dlg.enableSCFields(component.checked);}"/>
                                                </enable>
                                                <evars
                                                    jcr:primaryType="nt:unstructured"
                                                    attribute="adhocevars"
                                                    fieldDescription="e.g.: eVar1: pagedata.url, prop4: 'const'"
                                                    fieldLabel="Include SiteCatalyst variables"
                                                    name="./linkdialog/cq:adhocLinkTrackingEvars"
                                                    xtype="textfield"/>
                                                <events
                                                    jcr:primaryType="nt:unstructured"
                                                    attribute="adhocevents"
                                                    fieldDescription="e.g.: event2, event7"
                                                    fieldLabel="Include SiteCatalyst events"
                                                    name="./linkdialog/cq:adhocLinkTrackingEvents"
                                                    xtype="textfield"/>
                                            </items>
                                        </linkAdvanced>
                                    </linkAttributes>
                                </linkDialogConfig>
                            </links>
                            <lists
                                jcr:primaryType="nt:unstructured"
                                features="*"/>
                            <styles
                                jcr:primaryType="nt:unstructured"
                                features="*">
                                <styles jcr:primaryType="cq:WidgetCollection"/>
                            </styles>
                            <table
                                jcr:primaryType="nt:unstructured"
                                features="*"/>
                            <undo
                                jcr:primaryType="nt:unstructured"
                                features="[[&quot;undo&quot;]]"/>
                            <findreplace
                                jcr:primaryType="nt:unstructured"
                                features="*"/>
                        </rtePlugins>
                    </popupbody>
                </items>
            </tab3>
        </items>
    </items>
</jcr:root>
