<?xml version="1.0" encoding="UTF-8"?>
<jcr:root xmlns:cq="http://www.day.com/jcr/cq/1.0" xmlns:jcr="http://www.jcp.org/jcr/1.0"
    jcr:primaryType="cq:Dialog"
    title="Document Link"
    width="900"
    xtype="dialog">
    <items jcr:primaryType="cq:TabPanel">
        <items jcr:primaryType="cq:WidgetCollection">
            <tab1
                jcr:primaryType="cq:Panel"
                title="Document Link">
                <items jcr:primaryType="cq:WidgetCollection">
                    <heading
                        jcr:primaryType="cq:Widget"
                        allowBlank="{Boolean}false"
                        fieldLabel="Enter Heading"
                        name="./title"
                        xtype="textfield"/>
                    <pdfdoclink
                        jcr:primaryType="cq:Widget"
                        customMultiFieldName="./pdfdoclink"
                        fieldDescription="Click the '+' to add a new Link."
                        fieldLabel="Configure Document Details"
                        name="./nooffileds"
                        xtype="custommultifield">
                        <fieldConfig jcr:primaryType="cq:WidgetCollection">
                            <pdftitle
                                jcr:primaryType="cq:Widget"
                                allowBlank="false"
                                fieldLabel="Enter Doc Title"
                                name="./pdftitle"
                                xtype="textfield"/>
                            <pdfurl
                                jcr:primaryType="cq:Widget"
                                fieldLabel="Select the Doc Link"
                                name="./pdfurl"
                                xtype="pathfield"/>
                            <pdficon
                                jcr:primaryType="cq:Widget"
                                allowBlank="false"
                                fieldLabel="Select the Icon"
                                name="./pdficon"
                                rootPath="/content/dam/dtyb"
                                xtype="pathfield"/>
                        </fieldConfig>
                    </pdfdoclink>
                </items>
            </tab1>
        </items>
    </items>
</jcr:root>
