<?xml version="1.0" encoding="UTF-8"?>
<jcr:root xmlns:cq="http://www.day.com/jcr/cq/1.0" xmlns:jcr="http://www.jcp.org/jcr/1.0" xmlns:nt="http://www.jcp.org/jcr/nt/1.0"
    jcr:primaryType="cq:Dialog"
    height="600"
    title="Quiz Promo"
    width="700"
    xtype="dialog">
    <items
        jcr:primaryType="cq:Widget"
        xtype="tabpanel">
        <items jcr:primaryType="cq:WidgetCollection">
            <tab1
                jcr:primaryType="cq:Panel"
                title="Quiz Promo">
                <items jcr:primaryType="cq:WidgetCollection">
                    <title
                        jcr:primaryType="cq:Widget"
                        allowBlank="false"
                        fieldLabel="Enter Title"
                        id="t1"
                        name="./title"
                        xtype="customhtmleditor"/>
                    <description
                        jcr:primaryType="cq:Widget"
                        allowBlank="{Boolean}false"
                        enableSourceEdit="{Boolean}true"
                        fieldLabel="Enter Description"
                        name="./description"
                        xtype="richtext"/>
                </items>
            </tab1>
            <tab2
                jcr:primaryType="cq:Panel"
                title="Image">
                <items jcr:primaryType="cq:WidgetCollection">
                    <img
                        jcr:primaryType="cq:Widget"
                        allowBlank="false"
                        allowUpload="{Boolean}false"
                        ddGroups="[media]"
                        fieldLabel="Image"
                        fileNameParameter="./imageName"
                        fileReferenceParameter="./fileReference"
                        height="300"
                        name="./image"
                        sizeLimit="100"
                        title="Image"
                        width="300"
                        xtype="html5smartimage"/>
                    <buttontext
                        jcr:primaryType="cq:Widget"
                        fieldLabel="Enter Button Text"
                        name="./buttontext"
                        xtype="textfield"/>
                    <buttonurl
                        jcr:primaryType="cq:Widget"
                        fieldLabel="Select Button URL"
                        linkPattern="\{0}.html"
                        name="./buttonurl"
                        rootPath="/content/dtyb"
                        xtype="pathfield"/>
                    <componentposition
                        jcr:primaryType="nt:unstructured"
                        allowBlank="false"
                        fieldDescription="Select where the component appears on the page."
                        fieldLabel="Select Component Position"
                        name="./position"
                        type="select"
                        xtype="selection">
                        <options jcr:primaryType="cq:WidgetCollection">
                            <left
                                jcr:primaryType="nt:unstructured"
                                text="Left Section"
                                value="left"/>
                            <right
                                jcr:primaryType="nt:unstructured"
                                text="Right Section"
                                value="right"/>
                            <center
                                jcr:primaryType="nt:unstructured"
                                text="Center Section"
                                value="center"/>
                        </options>
                    </componentposition>
                </items>
            </tab2>
        </items>
    </items>
    <listeners
        jcr:primaryType="nt:unstructured"
        beforesubmit="function(d){var t1= d.findById('t1').getValue();var value=t1.replace(/&amp;nbsp;/gi,&quot;&quot;).replace(/&lt;br>/gi,&quot;&quot;).trim();len=value.length;if(len&lt;1){alert(&quot;Verify validity of marked fields&quot;);return false;}else{return true;}}"/>
</jcr:root>
