<?xml version="1.0" encoding="UTF-8"?>
<jcr:root xmlns:cq="http://www.day.com/jcr/cq/1.0" xmlns:jcr="http://www.jcp.org/jcr/1.0" xmlns:nt="http://www.jcp.org/jcr/nt/1.0"
    jcr:primaryType="cq:Dialog"
    title="Social Media Icons"
    width="900"
    xtype="dialog">
    <items
        jcr:primaryType="cq:Widget"
        xtype="tabpanel">
        <items jcr:primaryType="cq:WidgetCollection">
            <tab1
                jcr:primaryType="cq:Panel"
                title="Social Icons">
                <items jcr:primaryType="cq:WidgetCollection">
                    <socialicon
                        jcr:primaryType="cq:Widget"
                        customMultiFieldName="./slideimagefields"
                        fieldDescription="Click the '+' to add a new Link."
                        fieldLabel="Configure SocialIcons"
                        fieldName="Social Icon Set"
                        id="slideimagefields"
                        maxItems="3"
                        name="./slideimagenooffileds"
                        xtype="custommultifield">
                        <fieldConfig jcr:primaryType="cq:WidgetCollection">
                            <imageurl
                                jcr:primaryType="cq:Widget"
                                allowBlank="false"
                                autoWidth="{Boolean}true"
                                fieldDescription="Choose social media icon image"
                                fieldLabel="Select Icon"
                                name="./imageurl"
                                rootPath="/content/dam/dtyb/icons"
                                xtype="pathfield"/>
                            <linkurl
                                jcr:primaryType="cq:Widget"
                                blankText="Provide the URL for Social Media"
                                fieldDescription="Provide the URL for Social Media"
                                fieldLabel="Enter URL"
                                name="./linkurl"
                                xtype="textarea"/>
                            <select
                                jcr:primaryType="cq:Widget"
                                allowBlank="{Boolean}false"
                                boxMaxWidth="{Long}435"
                                fieldLabel="Select the Social Media"
                                name="./shareid"
                                type="select"
                                xtype="selection">
                                <options jcr:primaryType="cq:WidgetCollection">
                                    <facebook
                                        jcr:primaryType="nt:unstructured"
                                        autoWidth="{Boolean}true"
                                        text="Facebook"
                                        value="facebook"/>
                                    <twitter
                                        jcr:primaryType="nt:unstructured"
                                        autoWidth="{Boolean}true"
                                        text="Twitter"
                                        value="twitter"/>
                                    <googleplus
                                        jcr:primaryType="nt:unstructured"
                                        autoWidth="{Boolean}true"
                                        text="Google+"
                                        value="googleplus"/>
                                </options>
                            </select>
                        </fieldConfig>
                    </socialicon>
                    <print
                        jcr:primaryType="cq:Widget"
                        fieldLabel="Select Print Icon"
                        name="./printimage"
                        xtype="pathfield"/>
                    <email
                        jcr:primaryType="cq:Widget"
                        fieldLabel="Select Email Icon"
                        name="./emailimage"
                        xtype="pathfield"/>
                </items>
            </tab1>
        </items>
    </items>
</jcr:root>
