<?xml version="1.0" encoding="UTF-8"?>
<jcr:root xmlns:cq="http://www.day.com/jcr/cq/1.0" xmlns:jcr="http://www.jcp.org/jcr/1.0"
    jcr:primaryType="cq:Dialog"
    title="List"
    xtype="tabpanel">
    <items jcr:primaryType="cq:WidgetCollection">
        <tab1
            jcr:primaryType="cq:Panel"
            title="Image">
            <items jcr:primaryType="cq:WidgetCollection">
                <image
                    jcr:primaryType="cq:Widget"
                    allowBlank="{Boolean}false"
                    allowUpload="{Boolean}false"
                    ddGroups="[media]"
                    disableZoom="{Boolean}true"
                    fieldLabel="Select Image"
                    fileNameParameter="./fileName"
                    fileReferenceParameter="./fileReference"
                    height="200"
                    name="./file"
                    title="Image is mandatory"
                    uploadUrl="/tmp/upload/*"
                    xtype="html5smartimage"/>
                <title
                    jcr:primaryType="cq:Widget"
                    fieldLabel="Title"
                    name="./title"
                    xtype="textfield"/>
                <description
                    jcr:primaryType="cq:Widget"
                    fieldLabel="Description"
                    name="./description"
                    xtype="richtext"/>
            </items>
        </tab1>
        <tab2
            jcr:primaryType="cq:Widget"
            title="Child pages"
            xtype="panel">
            <items jcr:primaryType="cq:WidgetCollection">
                <parentPage
                    jcr:primaryType="cq:Widget"
                    editable="{Boolean}false"
                    fieldDescription="Select the parent Page"
                    fieldLabel="Select Real Life Stories Main Page"
                    name="./parentPage"
                    xtype="pathfield"/>
                <buttonlink
                    jcr:primaryType="cq:Widget"
                    fieldLabel="Enter the button link"
                    name="./buttonlink"
                    xtype="pathfield"/>
                <buttontext
                    jcr:primaryType="cq:Widget"
                    fieldLabel="Enter the button text"
                    name="./buttontext"
                    xtype="textfield"/>
                <limit
                    jcr:primaryType="cq:Widget"
                    allowDecimals="{Boolean}false"
                    allowNegative="{Boolean}false"
                    fieldDescription="Maximum number of blog entries"
                    fieldLabel="Limit"
                    maxLength="{Long}2"
                    maxValue="{Long}99"
                    minValue="{Long}1"
                    name="./limit"
                    regex="/^[0-9]+$/"
                    regexText="Enter values between 1 and 99"
                    xtype="numberfield"/>
                <listFrom
                    jcr:primaryType="cq:Widget"
                    defaultValue="children"
                    name="./listFrom"
                    xtype="hidden"/>
                <orderBy
                    jcr:primaryType="cq:Widget"
                    defaultValue="jcr:created"
                    name="./orderBy"
                    xtype="hidden"/>
            </items>
        </tab2>
    </items>
</jcr:root>
