<?xml version="1.0" encoding="UTF-8"?>
<jcr:root xmlns:cq="http://www.day.com/jcr/cq/1.0" xmlns:jcr="http://www.jcp.org/jcr/1.0"
    jcr:primaryType="cq:Dialog"
    width="900"
    xtype="dialog">
    <items jcr:primaryType="cq:TabPanel">
        <items jcr:primaryType="cq:WidgetCollection">
            <tab1
                jcr:primaryType="cq:Widget"
                anchor="100%"
                title="SupportNetwork"
                xtype="panel">
                <items jcr:primaryType="cq:WidgetCollection">
                    <Title
                        jcr:primaryType="cq:Widget"
                        allowBlank="false"
                        fieldLabel="Title"
                        name="./title"
                        xtype="textfield"/>
                    <Description
                        jcr:primaryType="cq:Widget"
                        fieldLabel="Description"
                        name="./description"
                        xtype="richtext"/>
                    <titleurl
                        jcr:primaryType="cq:Widget"
                        fieldLabel="Title Link"
                        linkPattern="\{0}.html"
                        name="./link"
                        rootPath="/content/dtyb"
                        xtype="pathfield"/>
                </items>
            </tab1>
            <tab2
                jcr:primaryType="cq:Panel"
                title="Content">
                <items jcr:primaryType="cq:WidgetCollection">
                    <multilinks
                        jcr:primaryType="cq:Widget"
                        customMultiFieldName="./supprtnetwrkfields"
                        fieldDescription="Click the '+' to add a new Link."
                        fieldLabel="Cofigure Support Networks"
                        fieldName="Support Networks"
                        id="slideimagefields"
                        maxItems="2"
                        name="./slideimagenooffileds"
                        xtype="custommultifield">
                        <fieldConfig jcr:primaryType="cq:WidgetCollection">
                            <imagepath
                                jcr:primaryType="cq:Widget"
                                blankText="Select Image"
                                fieldLabel="Select Image"
                                name="./imagepath"
                                rootPath="/content/dam/dtyb"
                                xtype="pathfield"/>
                            <description
                                jcr:primaryType="cq:Widget"
                                blankText="Description"
                                fieldLabel="Description"
                                name="./descriptions"
                                xtype="textarea"/>
                            <buttontext
                                jcr:primaryType="cq:Widget"
                                blankText="Button Text"
                                fieldLabel="Button Text"
                                name="./buttontext"
                                xtype="textfield"/>
                            <buttonlink
                                jcr:primaryType="cq:Widget"
                                blankText="Button Link"
                                fieldLabel="Button Link"
                                linkPattern="\{0}.html"
                                name="./buttonlink"
                                rootPath="/content/dtyb"
                                xtype="pathfield"/>
                        </fieldConfig>
                    </multilinks>
                </items>
            </tab2>
        </items>
    </items>
</jcr:root>
