<?xml version="1.0" encoding="UTF-8"?>
<jcr:root xmlns:cq="http://www.day.com/jcr/cq/1.0" xmlns:jcr="http://www.jcp.org/jcr/1.0" xmlns:nt="http://www.jcp.org/jcr/nt/1.0"
    jcr:primaryType="cq:Dialog"
    title="Training Updates"
    xtype="dialog">
    <items
        jcr:primaryType="cq:Widget"
        xtype="tabpanel">
        <items jcr:primaryType="cq:WidgetCollection">
            <tab1
                jcr:primaryType="cq:Panel"
                title="Training Details">
                <items jcr:primaryType="cq:WidgetCollection">
                    <heading
                        jcr:primaryType="cq:Widget"
                        fieldLabel="Heading"
                        maxLength="30"
                        name="./heading"
                        xtype="textfield"/>
                    <iconimg
                        jcr:primaryType="cq:Widget"
                        fieldLabel="Icon Path"
                        name="./iconpath"
                        rootPath="/content/dam/devuniversity"
                        xtype="pathfield"/>
                    <managelabel
                        jcr:primaryType="cq:Widget"
                        fieldLabel="Label for Manage"
                        maxLength="13"
                        name="./manageall"
                        xtype="textfield"/>
                    <managepath
                        jcr:primaryType="cq:Widget"
                        fieldLabel="Reference Path for Manage"
                        linkPattern="\{0}.html"
                        name="./managepath"
                        rootPath="/content/devuniversity"
                        xtype="pathfield"/>
                    <viewalllabel
                        jcr:primaryType="cq:Widget"
                        fieldLabel="Label for View All"
                        maxLength="13"
                        name="./viewall"
                        xtype="textfield"/>
                    <viewallpath
                        jcr:primaryType="cq:Widget"
                        fieldLabel="Reference Path for View All"
                        linkPattern="\{0}.html"
                        name="./viewallpath"
                        rootPath="/content/devuniversity"
                        xtype="pathfield"/>
                    <displaytype
                        jcr:primaryType="cq:Widget"
                        defaultValue="learningjourney-display"
                        fieldLabel="Training type"
                        name="./displaytype"
                        type="select"
                        xtype="selection">
                        <options jcr:primaryType="cq:WidgetCollection">
                            <learningjourneydisplay
                                jcr:primaryType="nt:unstructured"
                                text="Learning Journey"
                                value="learningjourney-display"/>
                            <learningpathdisplay
                                jcr:primaryType="nt:unstructured"
                                text="Learning Path"
                                value="learningpath-display"/>
                            <learningresourcesdisplay
                                jcr:primaryType="nt:unstructured"
                                text="Learning Resource"
                                value="learningresource-display"/>
                        </options>
                    </displaytype>
                    <color
                        jcr:primaryType="cq:Widget"
                        defaultValue="brown"
                        fieldLabel="Color"
                        name="./color"
                        type="select"
                        xtype="selection">
                        <options jcr:primaryType="cq:WidgetCollection">
                            <brown
                                jcr:primaryType="nt:unstructured"
                                text="Brown"
                                value="brown"/>
                            <purple
                                jcr:primaryType="nt:unstructured"
                                text="Purple"
                                value="purple"/>
                            <blue
                                jcr:primaryType="nt:unstructured"
                                text="Blue"
                                value="blue"/>
                            <aqua
                                jcr:primaryType="nt:unstructured"
                                text="Aqua"
                                value="aqua"/>
                        </options>
                    </color>
                    <noofitems
                        jcr:primaryType="cq:Widget"
                        fieldLabel="No Of Items To Display"
                        name="./noofitems"
                        xtype="numberfield"/>
                    <anchor
                        jcr:primaryType="cq:Widget"
                        data="./anchor"
                        fieldDescription="* Read Only "
                        fieldLabel="Accordion Id"
                        name="./anchor"
                        readOnly="{Boolean}true"
                        xtype="textfield"/>
                    <rightlabel
                        jcr:primaryType="cq:Widget"
                        fieldLabel="Label for Right Section"
                        maxLength="35"
                        name="./rightlabel"
                        xtype="textfield"/>
                    <righticon
                        jcr:primaryType="cq:Widget"
                        fieldLabel="Icon for Right Section"
                        name="./righticon"
                        rootPath="/content/dam/devuniversity"
                        xtype="pathfield"/>
                </items>
            </tab1>
            <tab2
                jcr:primaryType="cq:Panel"
                title="Advanced">
                <items jcr:primaryType="cq:WidgetCollection">
                    <viewtype
                        jcr:primaryType="cq:Widget"
                        defaultValue="collapsed"
                        fieldDescription="Select if the component needs to be collapsed when page is opened"
                        fieldLabel="View Type"
                        inputValue="collapsed"
                        name="./viewtype"
                        type="checkbox"
                        xtype="selection"/>
                </items>
            </tab2>
        </items>
    </items>
</jcr:root>
