<?xml version="1.0" encoding="UTF-8"?>
<jcr:root xmlns:sling="http://sling.apache.org/jcr/sling/1.0" xmlns:cq="http://www.day.com/jcr/cq/1.0" xmlns:jcr="http://www.jcp.org/jcr/1.0" xmlns:nt="http://www.jcp.org/jcr/nt/1.0"
    jcr:primaryType="nt:unstructured"
    jcr:title="One-Drive Excel"
    sling:resourceType="cq/gui/components/authoring/dialog">
    <content
        jcr:primaryType="nt:unstructured"
        sling:resourceType="granite/ui/components/coral/foundation/tabs">
        <layout
            jcr:primaryType="nt:unstructured"
            sling:resourceType="granite/ui/components/foundation/layouts/tabs"
            type="nav"/>
        <items jcr:primaryType="nt:unstructured">
            <labels
                jcr:primaryType="nt:unstructured"
                jcr:title="General"
                sling:resourceType="granite/ui/components/coral/foundation/fixedcolumns">
                <layout
                    jcr:primaryType="nt:unstructured"
                    sling:resourceType="granite/ui/components/foundation/layouts/fixedcolumns"/>
                <items jcr:primaryType="nt:unstructured">
                    <column
                        jcr:primaryType="nt:unstructured"
                        sling:resourceType="granite/ui/components/foundation/container">
                        <items jcr:primaryType="nt:unstructured">
                            <class
                                jcr:primaryType="nt:unstructured"
                                sling:resourceType="granite/ui/components/foundation/form/textfield"
                                fieldLabel="Class"
                                name="./class"/>
                            <iframe
                                jcr:primaryType="nt:unstructured"
                                sling:resourceType="granite/ui/components/foundation/form/textarea"
                                fieldLabel="Iframe URL"
                                name="./iframe"/>
                            <disclaimer
                                jcr:primaryType="nt:unstructured"
                                sling:resourceType="cq/gui/components/authoring/dialog/richtext"
                                fieldDescription="Enter the disclaimer text"
                                fieldLabel="Disclaimer Text"
                                name="./disclaimertext"
                                useFixedInlineToolbar="{Boolean}true">
                                <rtePlugins jcr:primaryType="nt:unstructured">
                                    <subsuperscript
                                        jcr:primaryType="nt:unstructured"
                                        features="*"/>
                                    <paraformat
                                        jcr:primaryType="nt:unstructured"
                                        features="*">
                                        <formats jcr:primaryType="cq:WidgetCollection">
                                            <paragraph
                                                jcr:primaryType="nt:unstructured"
                                                description="Paragraph"
                                                tag="p"/>
                                            <heading1
                                                jcr:primaryType="nt:unstructured"
                                                description="Header 1"
                                                tag="h1"/>
                                            <heading2
                                                jcr:primaryType="nt:unstructured"
                                                description="Header 2"
                                                tag="h2"/>
                                            <heading3
                                                jcr:primaryType="nt:unstructured"
                                                description="Header 3"
                                                tag="h3"/>
                                            <heading4
                                                jcr:primaryType="nt:unstructured"
                                                description="Header 4"
                                                tag="h4"/>
                                            <heading5
                                                jcr:primaryType="nt:unstructured"
                                                description="Header 5"
                                                tag="h5"/>
                                            <heading6
                                                jcr:primaryType="nt:unstructured"
                                                description="Header 6"
                                                tag="h6"/>
                                        </formats>
                                    </paraformat>
                                    <misctools
                                        jcr:primaryType="nt:unstructured"
                                        features="*">
                                        <specialCharsConfig jcr:primaryType="nt:unstructured">
                                            <chars jcr:primaryType="nt:unstructured">
                                                <copyright
                                                    jcr:primaryType="nt:unstructured"
                                                    entity="&amp;#169;"/>
                                                <trademark
                                                    jcr:primaryType="nt:unstructured"
                                                    entity="&amp;#8482;"/>
                                                <registered
                                                    jcr:primaryType="nt:unstructured"
                                                    entity="&amp;#174;"/>
                                                <emDash
                                                    jcr:primaryType="nt:unstructured"
                                                    entity="&amp;#8212;"/>
                                                <pound
                                                    jcr:primaryType="nt:unstructured"
                                                    entity="&amp;#163;"/>
                                                <nbsp
                                                    jcr:primaryType="nt:unstructured"
                                                    entity="&amp;#160;"/>
                                            </chars>
                                        </specialCharsConfig>
                                    </misctools>
                                    <links jcr:primaryType="nt:unstructured">
                                        <linkDialogConfig
                                            jcr:primaryType="nt:unstructured"
                                            height="{Long}316">
                                            <linkAttributes jcr:primaryType="cq:WidgetCollection">
                                                <linkAdvanced/>
                                            </linkAttributes>
                                        </linkDialogConfig>
                                    </links>
                                    <findreplace
                                        jcr:primaryType="nt:unstructured"
                                        features="*"/>
                                    <undo
                                        jcr:primaryType="nt:unstructured"
                                        features="*"/>
                                    <format
                                        jcr:primaryType="nt:unstructured"
                                        features="[bold,italic]"/>
                                    <lists
                                        jcr:primaryType="nt:unstructured"
                                        features="*"/>
                                    <justify
                                        jcr:primaryType="nt:unstructured"
                                        features="*"/>
                                    <edit
                                        jcr:primaryType="nt:unstructured"
                                        defaultPasteMode="plaintext"
                                        features="[cut,copy,paste-plaintext]"
                                        stripHtmlTags="{Boolean}true"/>
                                </rtePlugins>
                                <uiSettings jcr:primaryType="nt:unstructured">
                                    <cui jcr:primaryType="nt:unstructured">
                                        <inline
                                            jcr:primaryType="nt:unstructured"
                                            toolbar="[format#bold,format#italic,#justify,#lists,subsuperscript#subscript,links#modifylink,links#unlink,links#anchor,#image,findreplace#find,findreplace#replace,spellcheck#checktext,misctools#specialchars,misctools#sourceedit,#styles,#paraformat,subsuperscript#superscript]">
                                            <popovers jcr:primaryType="nt:unstructured">
                                                <justify
                                                    jcr:primaryType="nt:unstructured"
                                                    items="[justify#justifyleft,justify#justifycenter,justify#justifyright]"
                                                    ref="justify"/>
                                                <lists
                                                    jcr:primaryType="nt:unstructured"
                                                    items="[lists#unordered,lists#ordered,lists#outdent,lists#indent]"
                                                    ref="lists"/>
                                                <paraformat
                                                    jcr:primaryType="nt:unstructured"
                                                    items="paraformat:getFormats:paraformat-pulldown"
                                                    ref="paraformat"/>
                                                <styles
                                                    jcr:primaryType="nt:unstructured"
                                                    items="styles:getStyles:styles-pulldown"
                                                    ref="styles"/>
                                            </popovers>
                                        </inline>
                                    </cui>
                                </uiSettings>
                            </disclaimer>
                        </items>
                    </column>
                </items>
            </labels>
        </items>
    </content>
</jcr:root>
