<?xml version="1.0" encoding="UTF-8"?>
<jcr:root xmlns:sling="http://sling.apache.org/jcr/sling/1.0" xmlns:cq="http://www.day.com/jcr/cq/1.0" xmlns:jcr="http://www.jcp.org/jcr/1.0" xmlns:nt="http://www.jcp.org/jcr/nt/1.0"
    jcr:primaryType="nt:unstructured"
    jcr:title="Logo-Dialog"
    sling:resourceType="cq/gui/components/authoring/dialog">
    <content
        jcr:primaryType="nt:unstructured"
        sling:resourceType="granite/ui/components/foundation/container">
        <layout
            jcr:primaryType="nt:unstructured"
            sling:resourceType="granite/ui/components/foundation/layouts/tabs"
            type="nav"/>
        <items jcr:primaryType="nt:unstructured">
            <brandimg
                jcr:primaryType="nt:unstructured"
                jcr:title="Logo"
                sling:resourceType="granite/ui/components/foundation/container">
                <layout
                    jcr:primaryType="nt:unstructured"
                    sling:resourceType="granite/ui/components/foundation/layouts/fixedcolumns"/>
                <items jcr:primaryType="nt:unstructured">
                    <columns
                        jcr:primaryType="nt:unstructured"
                        sling:resourceType="granite/ui/components/foundation/container">
                        <items jcr:primaryType="nt:unstructured">
                            <path
                                jcr:primaryType="nt:unstructured"
                                sling:resourceType="granite/ui/components/foundation/form/pathbrowser"
                                editable="{Boolean}false"
                                fieldLabel="Brand Image"
                                name="./brandimage"
                                required="{Boolean}true"
                                rootPath="/content/dam/abbvie-northstar/logos"
                                title="Brand Image"/>
                            <alttext
                                jcr:primaryType="nt:unstructured"
                                sling:resourceType="granite/ui/components/foundation/form/textfield"
                                fieldLabel="Alt Text"
                                name="./imagealttext"/>
                            <logopath
                                jcr:primaryType="nt:unstructured"
                                sling:resourceType="granite/ui/components/foundation/form/pathbrowser"
                                editable="{Boolean}false"
                                fieldLabel="Logo of the Brand"
                                name="./logoimage"
                                required="{Boolean}true"
                                rootPath="/content/dam/abbvie-northstar/logos"
                                title="Logo Image"/>
                            <linkpath
                                jcr:primaryType="nt:unstructured"
                                sling:resourceType="granite/ui/components/foundation/form/pathbrowser"
                                editable="{Boolean}false"
                                fieldLabel="Link To"
                                name="./imagepath"
                                rootPath="/content/abbvie-northstar"/>
                        </items>
                    </columns>
                </items>
            </brandimg>
        </items>
    </content>
</jcr:root>
