<?xml version="1.0" encoding="UTF-8"?>
<jcr:root xmlns:cq="http://www.day.com/jcr/cq/1.0" xmlns:jcr="http://www.jcp.org/jcr/1.0" xmlns:nt="http://www.jcp.org/jcr/nt/1.0"
    jcr:primaryType="cq:Dialog"
    height="400"
    title="Designer List"
    width="900"
    xtype="dialog">
    <items jcr:primaryType="cq:TabPanel">
        <items jcr:primaryType="cq:WidgetCollection">
            <tab1
                jcr:primaryType="cq:Panel"
                title="Designer List">
                <items jcr:primaryType="cq:WidgetCollection">
                    <configurearticles
                        jcr:primaryType="cq:Widget"
                        customMultiFieldName="./configurearticles"
                        fieldDescription="Click the '+' to add a new Link."
                        fieldLabel="Configure Articles"
                        name="./nooffileds"
                        xtype="custommultifield">
                        <fieldConfig jcr:primaryType="cq:WidgetCollection">
                            <title
                                jcr:primaryType="cq:Widget"
                                fieldLabel="Enter Title"
                                name="./title"
                                xtype="textfield"/>
                            <link
                                jcr:primaryType="cq:Widget"
                                fieldDescription="Please provide anchor id from below text component"
                                fieldLabel="Link / Anchor ID"
                                name="./link"
                                rootPath="/content/dtyb"
                                xtype="pathfield"/>
                        </fieldConfig>
                    </configurearticles>
                    <styles
                        jcr:primaryType="cq:Widget"
                        defaultValue="none"
                        fieldLabel="Styles"
                        name="./listStyle"
                        type="select"
                        xtype="selection">
                        <options jcr:primaryType="cq:WidgetCollection">
                            <bullets
                                jcr:primaryType="nt:unstructured"
                                text="Bullets"
                                value="bullets"/>
                            <none
                                jcr:primaryType="nt:unstructured"
                                text="None"
                                value="none"/>
                            <square
                                jcr:primaryType="nt:unstructured"
                                text="Square"
                                value="square"/>
                        </options>
                    </styles>
                </items>
            </tab1>
        </items>
    </items>
</jcr:root>
