<?xml version="1.0" encoding="UTF-8"?>
<jcr:root xmlns:sling="http://sling.apache.org/jcr/sling/1.0" xmlns:cq="http://www.day.com/jcr/cq/1.0" xmlns:jcr="http://www.jcp.org/jcr/1.0" xmlns:nt="http://www.jcp.org/jcr/nt/1.0"
    jcr:primaryType="nt:unstructured"
    jcr:title="Show Excel"
    sling:resourceType="cq/gui/components/authoring/dialog">
    <content
        jcr:primaryType="nt:unstructured"
        sling:resourceType="granite/ui/components/foundation/container">
        <layout
            jcr:primaryType="nt:unstructured"
            sling:resourceType="granite/ui/components/foundation/layouts/tabs"
            type="nav"/>
        <items jcr:primaryType="nt:unstructured">
            <tab1
                jcr:primaryType="nt:unstructured"
                jcr:title="Table 1"
                sling:resourceType="granite/ui/components/foundation/container">
                <layout
                    jcr:primaryType="nt:unstructured"
                    sling:resourceType="granite/ui/components/foundation/layouts/fixedcolumns"/>
                <items jcr:primaryType="nt:unstructured">
                    <columns
                        jcr:primaryType="nt:unstructured"
                        sling:resourceType="granite/ui/components/foundation/container">
                        <items jcr:primaryType="nt:unstructured">
                            <tablename
                                jcr:primaryType="nt:unstructured"
                                sling:resourceType="granite/ui/components/foundation/form/textfield"
                                fieldLabel="QnA Button Text"
                                name="./buttontext"/>
                            <firstcolumn
                                jcr:primaryType="nt:unstructured"
                                sling:resourceType="granite/ui/components/foundation/form/fieldset">
                                <items jcr:primaryType="nt:unstructured">
                                    <hidingcol1
                                        jcr:primaryType="nt:unstructured"
                                        sling:resourceType="granite/ui/components/foundation/form/checkbox"
                                        name="./hidecol11"
                                        text="Hide Column"/>
                                    <hidingcol1-delete
                                        jcr:primaryType="nt:unstructured"
                                        sling:resourceType="granite/ui/components/foundation/form/hidden"
                                        name="./hidecol11@Delete"
                                        value="{Boolean}true"/>
                                    <sortingcol1
                                        jcr:primaryType="nt:unstructured"
                                        sling:resourceType="granite/ui/components/foundation/form/checkbox"
                                        name="./sortcol11"
                                        text="Sort Column"/>
                                    <sortingcol1-delete
                                        jcr:primaryType="nt:unstructured"
                                        sling:resourceType="granite/ui/components/foundation/form/hidden"
                                        name="./sortcol11@Delete"
                                        value="{Boolean}true"/>
                                </items>
                            </firstcolumn>
                            <secondcolumn
                                jcr:primaryType="nt:unstructured"
                                sling:resourceType="granite/ui/components/foundation/form/fieldset">
                                <items jcr:primaryType="nt:unstructured">
                                    <hidingcol2
                                        jcr:primaryType="nt:unstructured"
                                        sling:resourceType="granite/ui/components/foundation/form/checkbox"
                                        name="./hidecol12"
                                        text="Hide Column"/>
                                    <hidingcol2-delete
                                        jcr:primaryType="nt:unstructured"
                                        sling:resourceType="granite/ui/components/foundation/form/hidden"
                                        name="./hidecol12@Delete"
                                        value="{Boolean}true"/>
                                    <sortingcol2
                                        jcr:primaryType="nt:unstructured"
                                        sling:resourceType="granite/ui/components/foundation/form/checkbox"
                                        name="./sortcol12"
                                        text="Sort Column"/>
                                    <sortingcol2-delete
                                        jcr:primaryType="nt:unstructured"
                                        sling:resourceType="granite/ui/components/foundation/form/hidden"
                                        name="./sortcol12@Delete"
                                        value="{Boolean}true"/>
                                </items>
                            </secondcolumn>
                            <thirdcolumn
                                jcr:primaryType="nt:unstructured"
                                sling:resourceType="granite/ui/components/foundation/form/fieldset">
                                <items jcr:primaryType="nt:unstructured">
                                    <hidingcol3
                                        jcr:primaryType="nt:unstructured"
                                        sling:resourceType="granite/ui/components/foundation/form/checkbox"
                                        name="./hidecol13"
                                        text="Hide Column"/>
                                    <hidingcol3-delete
                                        jcr:primaryType="nt:unstructured"
                                        sling:resourceType="granite/ui/components/foundation/form/hidden"
                                        name="./hidecol13@Delete"
                                        value="{Boolean}true"/>
                                    <sortingcol3
                                        jcr:primaryType="nt:unstructured"
                                        sling:resourceType="granite/ui/components/foundation/form/checkbox"
                                        name="./sortcol13"
                                        text="Sort Column"/>
                                    <sortingcol3-delete
                                        jcr:primaryType="nt:unstructured"
                                        sling:resourceType="granite/ui/components/foundation/form/hidden"
                                        name="./sortcol13@Delete"
                                        value="{Boolean}true"/>
                                </items>
                            </thirdcolumn>
                            <fouthcolumn
                                jcr:primaryType="nt:unstructured"
                                sling:resourceType="granite/ui/components/foundation/form/fieldset">
                                <items jcr:primaryType="nt:unstructured">
                                    <hidingcol4
                                        jcr:primaryType="nt:unstructured"
                                        sling:resourceType="granite/ui/components/foundation/form/checkbox"
                                        name="./hidecol14"
                                        text="Hide Column"/>
                                    <hidingcol4-delete
                                        jcr:primaryType="nt:unstructured"
                                        sling:resourceType="granite/ui/components/foundation/form/hidden"
                                        name="./hidecol14@Delete"
                                        value="{Boolean}true"/>
                                    <sortingcol4
                                        jcr:primaryType="nt:unstructured"
                                        sling:resourceType="granite/ui/components/foundation/form/checkbox"
                                        name="./sortcol14"
                                        text="Sort Column"/>
                                    <sortingcol4-delete
                                        jcr:primaryType="nt:unstructured"
                                        sling:resourceType="granite/ui/components/foundation/form/hidden"
                                        name="./sortcol14@Delete"
                                        value="{Boolean}true"/>
                                </items>
                            </fouthcolumn>
                            <fifthcolumn
                                jcr:primaryType="nt:unstructured"
                                sling:resourceType="granite/ui/components/foundation/form/fieldset">
                                <items jcr:primaryType="nt:unstructured">
                                    <hidingcol5
                                        jcr:primaryType="nt:unstructured"
                                        sling:resourceType="granite/ui/components/foundation/form/checkbox"
                                        name="./hidecol15"
                                        text="Hide Column"/>
                                    <hidingcol5-delete
                                        jcr:primaryType="nt:unstructured"
                                        sling:resourceType="granite/ui/components/foundation/form/hidden"
                                        name="./hidecol15@Delete"
                                        value="{Boolean}true"/>
                                    <sortingcol5
                                        jcr:primaryType="nt:unstructured"
                                        sling:resourceType="granite/ui/components/foundation/form/checkbox"
                                        name="./sortcol15"
                                        text="Sort Column"/>
                                    <sortingcol5-delete
                                        jcr:primaryType="nt:unstructured"
                                        sling:resourceType="granite/ui/components/foundation/form/hidden"
                                        name="./sortcol15@Delete"
                                        value="{Boolean}true"/>
                                </items>
                            </fifthcolumn>
                            <sixthcolumn
                                jcr:primaryType="nt:unstructured"
                                sling:resourceType="granite/ui/components/foundation/form/fieldset">
                                <items jcr:primaryType="nt:unstructured">
                                    <hidingcol6
                                        jcr:primaryType="nt:unstructured"
                                        sling:resourceType="granite/ui/components/foundation/form/checkbox"
                                        name="./hidecol16"
                                        text="Hide Column"/>
                                    <hidingcol6-delete
                                        jcr:primaryType="nt:unstructured"
                                        sling:resourceType="granite/ui/components/foundation/form/hidden"
                                        name="./hidecol16@Delete"
                                        value="{Boolean}true"/>
                                    <sortingcol6
                                        jcr:primaryType="nt:unstructured"
                                        sling:resourceType="granite/ui/components/foundation/form/checkbox"
                                        name="./sortcol16"
                                        text="Sort Column"/>
                                    <sortingcol6-delete
                                        jcr:primaryType="nt:unstructured"
                                        sling:resourceType="granite/ui/components/foundation/form/hidden"
                                        name="./sortcol16@Delete"
                                        value="{Boolean}true"/>
                                </items>
                            </sixthcolumn>
                        </items>
                    </columns>
                </items>
            </tab1>
        </items>
    </content>
</jcr:root>
