<?xml version="1.0" encoding="UTF-8"?>
<jcr:root xmlns:cq="http://www.day.com/jcr/cq/1.0" xmlns:jcr="http://www.jcp.org/jcr/1.0" xmlns:nt="http://www.jcp.org/jcr/nt/1.0"
    jcr:primaryType="cq:Dialog"
    activeTab="{Long}0"
    xtype="tabpanel">
    <items jcr:primaryType="cq:WidgetCollection">
        <tab1
            jcr:primaryType="cq:Widget"
            allowUpload="{Boolean}false"
            ddGroups="[media]"
            fieldLabel="Image"
            fileNameParameter="./imageName"
            fileReferenceParameter="./imageReference"
            name="./image"
            sizeLimit="100"
            title="Banner Image"
            xtype="html5smartimage"/>
        <tab2
            jcr:primaryType="cq:Panel"
            title="Image Properties">
            <items jcr:primaryType="cq:WidgetCollection">
                <title
                    jcr:primaryType="cq:Widget"
                    allowBlank="false"
                    fieldLabel="Title"
                    name="./title"
                    xtype="textfield"/>
                <description
                    jcr:primaryType="cq:Widget"
                    enableSubSuperScript="{Boolean}true"
                    fieldLabel="Description"
                    name="./desc"
                    xtype="richtext">
                    <rtePlugins
                        jcr:primaryType="nt:unstructured"
                        features="*">
                        <styles
                            jcr:primaryType="nt:unstructured"
                            features="*">
                            <styles jcr:primaryType="cq:WidgetCollection">
                                <viewMoreLink
                                    jcr:primaryType="nt:unstructured"
                                    cssName="viewMoreLink"
                                    text="Blue-Underlied Links"/>
                                <blackcoloredlink
                                    jcr:primaryType="nt:unstructured"
                                    cssName="bannerLink"
                                    text="Black-Underlied Links"/>
                            </styles>
                        </styles>
                    </rtePlugins>
                </description>
                <backgroundcolor
                    jcr:primaryType="cq:Widget"
                    allowBlank="false"
                    fieldLabel="Select Background Color"
                    name="./backcolor"
                    xtype="customcolorfield"/>
                <alt
                    jcr:primaryType="cq:Widget"
                    fieldLabel="Alt Text for Image"
                    name="./alt"
                    xtype="textfield"/>
                <imgtitle
                    jcr:primaryType="cq:Widget"
                    fieldLabel="Image Title"
                    name="./imgtitle"
                    xtype="textfield"/>
            </items>
        </tab2>
    </items>
</jcr:root>
