<?xml version="1.0" encoding="UTF-8"?>
<jcr:root xmlns:cq="http://www.day.com/jcr/cq/1.0" xmlns:jcr="http://www.jcp.org/jcr/1.0" xmlns:nt="http://www.jcp.org/jcr/nt/1.0"
    jcr:primaryType="cq:Dialog"
    title="Login"
    xtype="dialog">
    <items jcr:primaryType="cq:WidgetCollection">
        <tabs jcr:primaryType="cq:TabPanel">
            <items jcr:primaryType="cq:WidgetCollection">
                <first
                    jcr:primaryType="nt:unstructured"
                    title="Log In"
                    xtype="panel">
                    <items jcr:primaryType="cq:WidgetCollection">
                        <usernameLabel
                            jcr:primaryType="cq:Widget"
                            defaultValue="Username"
                            fieldLabel="Username Label"
                            name="./usernameLabel"
                            xtype="textfield"/>
                        <usersubLabel
                            jcr:primaryType="cq:Widget"
                            defaultValue="(your AbbVie network login ID)"
                            fieldLabel="UserName Sub Text"
                            name="./usersubLabel"
                            xtype="textfield"/>
                        <passwordLabel
                            jcr:primaryType="cq:Widget"
                            defaultValue="Password"
                            fieldLabel="Password Label"
                            name="./passwordLabel"
                            xtype="textfield"/>
                        <passwordsubLabel
                            jcr:primaryType="cq:Widget"
                            defaultValue="(your AbbVie network password)"
                            fieldLabel="Password Sub Text"
                            name="./passwordsubLabel"
                            xtype="textfield"/>
                        <loginLabel
                            jcr:primaryType="cq:Widget"
                            defaultValue="Password"
                            fieldLabel="Log In Button Label"
                            name="./loginLabel"
                            xtype="textfield"/>
                        <signinlabel
                            jcr:primaryType="cq:Widget"
                            defaultValue="Sign In"
                            fieldLabel="Submit Button Label"
                            name="./signinlabel"
                            xtype="textfield"/>
                        <redirectTo
                            jcr:primaryType="cq:Widget"
                            fieldLabel="Redirect To"
                            linkPattern="\{0}.html"
                            name="./redirectTo"
                            xtype="pathfield"/>
                        <signinfailedLabel
                            jcr:primaryType="cq:Widget"
                            defaultValue="Sign In Failed"
                            fieldLabel="Sign In Failed Label"
                            name="./signinfailedLabel"
                            xtype="textfield"/>
                        <backgroundLogo
                            jcr:primaryType="cq:Widget"
                            fieldLabel="Background Logo"
                            name="./backgroundLogo"
                            rootPath="/content/dam/abbvie-northstar"
                            xtype="pathfield"/>
                        <emptyMessageUserName
                            jcr:primaryType="cq:Widget"
                            defaultValue="Username cannot be blank"
                            fieldLabel="Message to be displayed when User Name is Empty"
                            name="./useremptymessage"
                            xtype="textfield"/>
                        <emptyMessagePassword
                            jcr:primaryType="cq:Widget"
                            defaultValue="Password cannot be blank"
                            fieldLabel="Message to be displayed when Password is Empty"
                            name="./emptypassword"
                            xtype="textfield"/>
                    </items>
                </first>
                <image
                    jcr:primaryType="cq:Widget"
                    cropParameter="./imageCrop"
                    ddGroups="[media]"
                    fileNameParameter="./fileName"
                    fileReferenceParameter="./brandlogo"
                    mapParameter="./imageMap"
                    name="./file"
                    requestSuffix=".img.png"
                    rotateParameter="./imageRotate"
                    title="Image"
                    xtype="html5smartimage"/>
                <advanced
                    jcr:primaryType="cq:Widget"
                    title="Advanced"
                    xtype="panel">
                    <items jcr:primaryType="cq:WidgetCollection">
                        <title
                            jcr:primaryType="cq:Widget"
                            fieldLabel="Title"
                            name="./jcr:title"
                            xtype="textfield"/>
                        <alt
                            jcr:primaryType="cq:Widget"
                            fieldDescription="(leave empty to use the title defined above)"
                            fieldLabel="Alt Text"
                            name="./alt"
                            xtype="textfield"/>
                        <linkURL
                            jcr:primaryType="cq:Widget"
                            fieldDescription="Drop files or pages from the Content Finder"
                            fieldLabel="Link to"
                            name="./linkURL"
                            xtype="pathfield"/>
                    </items>
                </advanced>
            </items>
        </tabs>
    </items>
</jcr:root>
