<?xml version="1.0" encoding="UTF-8"?>
<jcr:root xmlns:cq="http://www.day.com/jcr/cq/1.0" xmlns:jcr="http://www.jcp.org/jcr/1.0" xmlns:nt="http://www.jcp.org/jcr/nt/1.0"
    jcr:primaryType="cq:Dialog"
    xtype="dialog">
    <items
        jcr:primaryType="cq:Widget"
        xtype="tabpanel">
        <items jcr:primaryType="cq:WidgetCollection">
            <labels
                jcr:primaryType="cq:Panel"
                title="Labels">
                <items jcr:primaryType="cq:WidgetCollection">
                    <uploadexcel
                        jcr:primaryType="cq:Widget"
                        allowBlank="false"
                        fieldLabel="Upload Excel Label"
                        name="./uploadexcellabel"
                        xtype="textfield"/>
                    <pagepath
                        jcr:primaryType="cq:Widget"
                        allowBlank="false"
                        fieldLabel="Page Path Label"
                        name="./pagepathlabel"
                        xtype="textfield"/>
                    <selectexcel
                        jcr:primaryType="cq:Widget"
                        allowBlank="false"
                        fieldLabel="Select Excel Label"
                        name="./selectexcellabel"
                        xtype="textfield"/>
                    <choosefile
                        jcr:primaryType="cq:Widget"
                        allowBlank="false"
                        fieldLabel="Choose file Label"
                        name="./choosefilelabel"
                        xtype="textfield"/>
                    <thankyou
                        jcr:primaryType="cq:Widget"
                        allowBlank="false"
                        fieldLabel="Redirection Path"
                        name="./redirectionpath"
                        xtype="pathfield"/>
                </items>
            </labels>
            <Instructions
                jcr:primaryType="cq:Panel"
                title="Instructions">
                <items jcr:primaryType="cq:WidgetCollection">
                    <instructionstext
                        jcr:primaryType="cq:Widget"
                        fieldLabel="Enter Instructions"
                        name="./instructionstext"
                        xtype="richtext">
                        <rtePlugins jcr:primaryType="nt:unstructured">
                            <links jcr:primaryType="nt:unstructured">
                                <linkDialogConfig
                                    jcr:primaryType="nt:unstructured"
                                    height="{Long}316">
                                    <linkAttributes jcr:primaryType="cq:WidgetCollection">
                                        <linkAdvanced
                                            jcr:primaryType="cq:Widget"
                                            collapsed="{Boolean}true"
                                            collapsible="{Boolean}true"
                                            inputValue="advanced"
                                            name="./linkdialog/cq:adhocLinkTrackingTab"
                                            title="Link tracking"
                                            xtype="dialogfieldset">
                                            <items jcr:primaryType="cq:WidgetCollection">
                                                <enable
                                                    jcr:primaryType="nt:unstructured"
                                                    attribute="enabletracking"
                                                    fieldDescription="override analytics framework settings"
                                                    fieldLabel="Custom link tracking"
                                                    name="./linkdialog/cq:adhocLinkTrackingEnableTracking"
                                                    xtype="checkbox">
                                                    <listeners
                                                        jcr:primaryType="nt:unstructured"
                                                        check="function(component){var dlg=component.findParentByType('rtelinkdialog');dlg.enableSCFields(component.checked);}"/>
                                                </enable>
                                                <events
                                                    jcr:primaryType="nt:unstructured"
                                                    attribute="adhocevents"
                                                    fieldDescription="e.g.: event2, event7"
                                                    fieldLabel="Include SiteCatalyst events"
                                                    name="./linkdialog/cq:adhocLinkTrackingEvents"
                                                    xtype="textfield"/>
                                                <evars
                                                    jcr:primaryType="nt:unstructured"
                                                    attribute="adhocevars"
                                                    fieldDescription="e.g.: eVar1: pagedata.url, prop4: 'const'"
                                                    fieldLabel="Include SiteCatalyst variables"
                                                    name="./linkdialog/cq:adhocLinkTrackingEvars"
                                                    xtype="textfield"/>
                                            </items>
                                        </linkAdvanced>
                                    </linkAttributes>
                                </linkDialogConfig>
                            </links>
                            <misctools
                                jcr:primaryType="nt:unstructured"
                                features="*"/>
                            <edit
                                jcr:primaryType="nt:unstructured"
                                features="[paste-default,paste-plaintext,paste-wordhtml]"/>
                            <findreplace
                                jcr:primaryType="nt:unstructured"
                                features="*"/>
                            <format
                                jcr:primaryType="nt:unstructured"
                                features="*"/>
                            <image
                                jcr:primaryType="nt:unstructured"
                                features="*"/>
                            <keys
                                jcr:primaryType="nt:unstructured"
                                features="*"/>
                            <justify
                                jcr:primaryType="nt:unstructured"
                                features="*"/>
                            <lists
                                jcr:primaryType="nt:unstructured"
                                features="*"/>
                            <paraformat
                                jcr:primaryType="nt:unstructured"
                                features="*">
                                <formats jcr:primaryType="cq:WidgetCollection">
                                    <paragraph
                                        jcr:primaryType="nt:unstructured"
                                        description="Paragraph"
                                        tag="p"/>
                                    <heading1
                                        jcr:primaryType="nt:unstructured"
                                        description="Heading 1"
                                        tag="h1"/>
                                    <heading2
                                        jcr:primaryType="nt:unstructured"
                                        description="Heading 2"
                                        tag="h2"/>
                                    <heading3
                                        jcr:primaryType="nt:unstructured"
                                        description="Heading 3"
                                        tag="h3"/>
                                    <heading4
                                        jcr:primaryType="nt:unstructured"
                                        description="Heading 4"
                                        tag="h4"/>
                                </formats>
                            </paraformat>
                            <spellcheck
                                jcr:primaryType="nt:unstructured"
                                features="*"/>
                            <styles
                                jcr:primaryType="nt:unstructured"
                                features="*">
                                <styles jcr:primaryType="cq:WidgetCollection">
                                    <footnotes
                                        jcr:primaryType="nt:unstructured"
                                        cssName="bodytext"
                                        text="Body Text"/>
                                </styles>
                            </styles>
                            <subsuperscript
                                jcr:primaryType="nt:unstructured"
                                features="*"/>
                            <table
                                jcr:primaryType="nt:unstructured"
                                features="*"/>
                            <undo
                                jcr:primaryType="nt:unstructured"
                                features="*"/>
                            <htmlColorPicker
                                jcr:primaryType="nt:unstructured"
                                features="*"/>
                        </rtePlugins>
                    </instructionstext>
                </items>
            </Instructions>
        </items>
    </items>
</jcr:root>
