<?xml version="1.0" encoding="UTF-8"?>
<jcr:root xmlns:cq="http://www.day.com/jcr/cq/1.0" xmlns:jcr="http://www.jcp.org/jcr/1.0" xmlns:nt="http://www.jcp.org/jcr/nt/1.0"
    jcr:primaryType="cq:Dialog"
    title="Country Selector - Dialog"
    xtype="dialog">
    <items
        jcr:primaryType="cq:Widget"
        xtype="tabpanel">
        <items jcr:primaryType="cq:WidgetCollection">
            <tab1
                jcr:primaryType="cq:Panel"
                title="Country Selector">
                <items jcr:primaryType="cq:WidgetCollection">
                    <regionandcountry
                        jcr:primaryType="cq:Widget"
                        boxMaxWidth="750"
                        fieldDescription="Click the '+' to add a new Link."
                        fieldLabel="Region, Country and Language"
                        fieldName="Region, Country and Language"
                        name="./regionandcountry"
                        xtype="multifield">
                        <fieldConfig
                            jcr:primaryType="cq:Widget"
                            border="{Boolean}true"
                            hideLabel="{Boolean}true"
                            layout="form"
                            padding="10px"
                            width="1000"
                            xtype="mymultipanel">
                            <items jcr:primaryType="cq:WidgetCollection">
                                <region
                                    jcr:primaryType="nt:unstructured"
                                    allowBlank="{Boolean}false"
                                    dName="region"
                                    fieldDescription="Select the region"
                                    fieldLabel="Region"
                                    type="select"
                                    width="400"
                                    xtype="selection">
                                    <options jcr:primaryType="cq:WidgetCollection">
                                        <eeme_x0026_a
                                            jcr:primaryType="nt:unstructured"
                                            text="EEMEA"
                                            value="EEMEA"/>
                                        <japac
                                            jcr:primaryType="nt:unstructured"
                                            text="JAPAC"
                                            value="JAPAC"/>
                                        <la
                                            jcr:primaryType="nt:unstructured"
                                            text="LATAM"
                                            value="LATAM"/>
                                        <us
                                            jcr:primaryType="nt:unstructured"
                                            text="USA"
                                            value="USA"/>
                                        <we_x0026_c
                                            jcr:primaryType="nt:unstructured"
                                            text="WEC"
                                            value="WEC"/>
                                    </options>
                                </region>
                                <country
                                    jcr:primaryType="cq:Widget"
                                    allowBlank="{Boolean}false"
                                    dName="country"
                                    fieldLabel="Country"
                                    width="400"
                                    xtype="textfield"/>
                                <language
                                    jcr:primaryType="cq:Widget"
                                    dName="language"
                                    fieldLabel="Language"
                                    name="./language"
                                    xtype="multifield">
                                    <fieldConfig
                                        jcr:primaryType="cq:Widget"
                                        border="{Boolean}true"
                                        hideLabel="{Boolean}true"
                                        layout="form"
                                        padding="10px"
                                        width="1000"
                                        xtype="mymultipanel">
                                        <items jcr:primaryType="cq:WidgetCollection">
                                            <languages
                                                jcr:primaryType="cq:Widget"
                                                allowBlank="{Boolean}false"
                                                dName="languages"
                                                fieldLabel="Language"
                                                name="languagess"
                                                width="300"
                                                xtype="textfield"/>
                                            <path
                                                jcr:primaryType="cq:Widget"
                                                allowBlank="{Boolean}false"
                                                dName="redirectionpath"
                                                fieldLabel="Redirection Path"
                                                linkPattern="\{0}.html"
                                                name="redirectpath"
                                                rootPath="/content/abbvie-northstar"
                                                width="300"
                                                xtype="pathfield"/>
                                        </items>
                                    </fieldConfig>
                                </language>
                            </items>
                        </fieldConfig>
                    </regionandcountry>
                </items>
            </tab1>
            <tab2
                jcr:primaryType="cq:Panel"
                title="General">
                <items jcr:primaryType="cq:WidgetCollection">
                    <abbvielogo
                        jcr:primaryType="cq:Widget"
                        fieldLabel="Path for the Abbvie logo"
                        name="./abbvielogopath"
                        rootPath="/content/dam/abbvie-northstar/logos"
                        xtype="pathfield"/>
                    <abbvielogoalt
                        jcr:primaryType="cq:Widget"
                        fieldLabel="Abbvie logo Alternate"
                        name="./abbvielogoalt"
                        xtype="textfield"/>
                    <brandlogo
                        jcr:primaryType="cq:Widget"
                        fieldLabel="Path for the Brand logo"
                        name="./brandlogopath"
                        rootPath="/content/dam/abbvie-northstar/logos"
                        xtype="pathfield"/>
                    <brandlogoalt
                        jcr:primaryType="cq:Widget"
                        fieldLabel="Brand logo Alternate"
                        name="./brandlogoalt"
                        xtype="textfield"/>
                    <expandicon
                        jcr:primaryType="cq:Widget"
                        fieldLabel="Path for the Expand icon"
                        name="./expandiconpath"
                        rootPath="/content/dam/abbvie-northstar/icons"
                        xtype="pathfield"/>
                    <expandiconalt
                        jcr:primaryType="cq:Widget"
                        fieldLabel="Alt for Expand Icon"
                        name="./expandiconalt"
                        xtype="textfield"/>
                    <collapseicon
                        jcr:primaryType="cq:Widget"
                        fieldLabel="Path for the Collapse icon"
                        name="./collapseiconpath"
                        rootPath="/content/dam/abbvie-northstar/icons"
                        xtype="pathfield"/>
                    <collapseiconalt
                        jcr:primaryType="cq:Widget"
                        fieldLabel="Alt for Collapse Icon"
                        name="./collapseiconalt"
                        xtype="textfield"/>
                    <defaultcountryoption
                        jcr:primaryType="cq:Widget"
                        fieldLabel="Country Selection Default option"
                        name="./defaultcountryoption"
                        xtype="textfield"/>
                    <countrydefaulttext
                        jcr:primaryType="cq:Widget"
                        fieldLabel="Country Default Text "
                        name="./ctrydflttext"
                        xtype="textfield"/>
                    <defaultlanguageoption
                        jcr:primaryType="cq:Widget"
                        fieldLabel="Language Selection Default option"
                        name="./defaultlanguageoption"
                        xtype="textfield"/>
                    <languagedefaulttext
                        jcr:primaryType="cq:Widget"
                        fieldLabel="Language Default Text "
                        name="./langdflttext"
                        xtype="textfield"/>
                </items>
            </tab2>
        </items>
    </items>
</jcr:root>
