<?xml version="1.0" encoding="UTF-8"?>
<jcr:root xmlns:sling="http://sling.apache.org/jcr/sling/1.0" xmlns:cq="http://www.day.com/jcr/cq/1.0" xmlns:jcr="http://www.jcp.org/jcr/1.0" xmlns:nt="http://www.jcp.org/jcr/nt/1.0"
    jcr:primaryType="nt:unstructured"
    jcr:title="Video"
    sling:resourceType="cq/gui/components/authoring/dialog">
    <content
        jcr:primaryType="nt:unstructured"
        sling:resourceType="granite/ui/components/foundation/container">
        <layout
            jcr:primaryType="nt:unstructured"
            sling:resourceType="granite/ui/components/foundation/layouts/tabs"
            type="nav"/>
        <items jcr:primaryType="nt:unstructured">
            <tab1
                jcr:primaryType="nt:unstructured"
                jcr:title="General"
                sling:resourceType="granite/ui/components/foundation/container">
                <layout
                    jcr:primaryType="nt:unstructured"
                    sling:resourceType="granite/ui/components/foundation/layouts/fixedcolumns"/>
                <items jcr:primaryType="nt:unstructured">
                    <columns
                        jcr:primaryType="nt:unstructured"
                        sling:resourceType="granite/ui/components/foundation/container">
                        <items jcr:primaryType="nt:unstructured">
                            <videodialog
                                jcr:primaryType="nt:unstructured"
                                sling:resourceType="granite/ui/components/foundation/form/checkbox"
                                fieldDescription="Select this to play video in a modal dialog"
                                name="./videodialog"
                                text="Play video in dialog"
                                value="true"/>
                            <videodialog-delete
                                jcr:primaryType="nt:unstructured"
                                sling:resourceType="granite/ui/components/foundation/form/hidden"
                                name="./videodialog@Delete"
                                value="{Boolean}true"/>
                            <analytics
                                jcr:primaryType="nt:unstructured"
                                sling:resourceType="granite/ui/components/foundation/form/checkbox"
                                fieldDescription="Select this to enable analytic tracking for the Brightcove video"
                                name="./analytics"
                                text="Enable Analytic Tracking"
                                value="true"/>
                            <analytics-delete
                                jcr:primaryType="nt:unstructured"
                                sling:resourceType="granite/ui/components/foundation/form/hidden"
                                name="./analytics@Delete"
                                value="{Boolean}true"/>
                            <video
                                jcr:primaryType="nt:unstructured"
                                sling:resourceType="granite/ui/components/foundation/form/textarea"
                                fieldDescription="Only object tag embed code and video tag embed code"
                                fieldLabel="Brightcove snippet for the video"
                                name="./video"/>
                        </items>
                    </columns>
                </items>
            </tab1>
            <tab2
                jcr:primaryType="nt:unstructured"
                jcr:title="Detail Settings"
                sling:resourceType="granite/ui/components/foundation/container">
                <layout
                    jcr:primaryType="nt:unstructured"
                    sling:resourceType="granite/ui/components/foundation/layouts/fixedcolumns"/>
                <items jcr:primaryType="nt:unstructured">
                    <columns
                        jcr:primaryType="nt:unstructured"
                        sling:resourceType="granite/ui/components/foundation/container">
                        <items jcr:primaryType="nt:unstructured">
                            <videoimg
                                jcr:primaryType="nt:unstructured"
                                sling:resourceType="granite/ui/components/foundation/form/pathbrowser"
                                fieldDescription="This will display as video image, and on click of it only the video will be displayed"
                                fieldLabel="Video Image"
                                name="./videoimg"
                                rootPath="/content/dam"/>
                            <videoimgalttext
                                jcr:primaryType="nt:unstructured"
                                sling:resourceType="granite/ui/components/foundation/form/textfield"
                                fieldLabel="Video Image Alt Text"
                                maxlength="{Long}50"
                                name="./videoimgalttext"/>
                            <videoplayicon
                                jcr:primaryType="nt:unstructured"
                                sling:resourceType="granite/ui/components/foundation/form/pathbrowser"
                                fieldDescription="This will display as an overlay on the video image"
                                fieldLabel="Play Icon Image"
                                name="./videoplayicon"
                                rootPath="/content/dam"/>
                            <videoplayiconalttext
                                jcr:primaryType="nt:unstructured"
                                sling:resourceType="granite/ui/components/foundation/form/textfield"
                                fieldLabel="Play Icon Alt Text"
                                maxlength="{Long}50"
                                name="./videoplayiconalttext"/>
                            <videosizedialog
                                jcr:primaryType="nt:unstructured"
                                sling:resourceType="granite/ui/components/foundation/form/select"
                                fieldDescription="This will set the modal popup size respective to the window size. "
                                fieldLabel="Modal Pop-up Size"
                                name="./videosize">
                                <items jcr:primaryType="nt:unstructured">
                                    <default
                                        jcr:primaryType="nt:unstructured"
                                        text="Default"
                                        value=""/>
                                    <small
                                        jcr:primaryType="nt:unstructured"
                                        text="Video size width 25%"
                                        value="small-size"/>
                                    <medium
                                        jcr:primaryType="nt:unstructured"
                                        text="Video size with 50%"
                                        value="medium-size"/>
                                    <large
                                        jcr:primaryType="nt:unstructured"
                                        text="Video size with 75%"
                                        value="large-size"/>
                                </items>
                            </videosizedialog>
                            <videoloader
                                jcr:primaryType="nt:unstructured"
                                sling:resourceType="granite/ui/components/foundation/form/pathbrowser"
                                fieldDescription="[This will be display while the video is being loaded]"
                                fieldLabel="Loading Image"
                                name="./videoloader"
                                rootPath="/content/dam"/>
                            <alignment
                                jcr:primaryType="nt:unstructured"
                                sling:resourceType="granite/ui/components/foundation/form/select"
                                fieldLabel="Alignment"
                                name="./alignment">
                                <items jcr:primaryType="nt:unstructured">
                                    <center
                                        jcr:primaryType="nt:unstructured"
                                        text="Center"
                                        value="align-center"/>
                                    <left
                                        jcr:primaryType="nt:unstructured"
                                        text="Left"
                                        value="pull-left"/>
                                    <right
                                        jcr:primaryType="nt:unstructured"
                                        text="Right"
                                        value="pull-right"/>
                                </items>
                            </alignment>
                            <videosizeimage
                                jcr:primaryType="nt:unstructured"
                                sling:resourceType="granite/ui/components/foundation/form/select"
                                fieldDescription="This will set the size for the video (not in modal) and it's image if there is any"
                                fieldLabel="Video Size"
                                name="./videosizeimage">
                                <items jcr:primaryType="nt:unstructured">
                                    <default
                                        jcr:primaryType="nt:unstructured"
                                        text="Default"
                                        value=""/>
                                    <small
                                        jcr:primaryType="nt:unstructured"
                                        text="Video size width 25%"
                                        value="bcls-small-size"/>
                                    <medium
                                        jcr:primaryType="nt:unstructured"
                                        text="Video size with 50%"
                                        value="bcls-medium-size"/>
                                    <large
                                        jcr:primaryType="nt:unstructured"
                                        text="Video size with 75%"
                                        value="bcls-large-size"/>
                                </items>
                            </videosizeimage>
                        </items>
                    </columns>
                </items>
            </tab2>
        </items>
    </content>
</jcr:root>
