<?xml version="1.0" encoding="UTF-8"?>
<jcr:root xmlns:cq="http://www.day.com/jcr/cq/1.0" xmlns:jcr="http://www.jcp.org/jcr/1.0"
    jcr:primaryType="cq:Dialog"
    height="600"
    title="Sidebar"
    width="700"
    xtype="dialog">
    <items
        jcr:primaryType="cq:Widget"
        xtype="tabpanel">
        <items jcr:primaryType="cq:WidgetCollection">
            <tab1
                jcr:primaryType="cq:Panel"
                title="Section 1">
                <items jcr:primaryType="cq:WidgetCollection">
                    <buttontext
                        jcr:primaryType="cq:Widget"
                        fieldLabel="Enter Button Text"
                        name="./sidebar1/buttontext"
                        xtype="textfield"/>
                    <buttonurl
                        jcr:primaryType="cq:Widget"
                        fieldLabel="Select Button URL"
                        linkPattern="\{0}.html"
                        name="./sidebar1/buttonurl"
                        rootPath="/content/dtyb"
                        xtype="pathfield"/>
                    <img
                        jcr:primaryType="cq:Widget"
                        allowBlank="false"
                        allowUpload="{Boolean}false"
                        ddGroups="[media]"
                        fieldLabel="Image"
                        fileNameParameter="./imageName"
                        fileReferenceParameter="./sidebar1/fileReference"
                        height="300"
                        name="./image"
                        sizeLimit="100"
                        title="Image"
                        width="300"
                        xtype="html5smartimage"/>
                    <backgroundcolor
                        jcr:primaryType="cq:Widget"
                        fieldLabel="Background Color"
                        name="./sidebar1/color"
                        ShowHexValue="true"
                        xtype="customcolorfield"/>
                </items>
            </tab1>
            <tab2
                jcr:primaryType="cq:Panel"
                title="Section 2">
                <items jcr:primaryType="cq:WidgetCollection">
                    <buttontext
                        jcr:primaryType="cq:Widget"
                        fieldLabel="Enter Button Text"
                        name="./sidebar2/buttontext"
                        xtype="textfield"/>
                    <buttonurl
                        jcr:primaryType="cq:Widget"
                        fieldLabel="Select Button URL"
                        linkPattern="\{0}.html"
                        name="./sidebar2/buttonurl"
                        rootPath="/content/dtyb"
                        xtype="pathfield"/>
                    <img
                        jcr:primaryType="cq:Widget"
                        allowBlank="false"
                        allowUpload="{Boolean}false"
                        ddGroups="[media]"
                        fieldLabel=" Image"
                        fileNameParameter="./imageName"
                        fileReferenceParameter="./sidebar2/fileReference"
                        height="300"
                        name="./image"
                        sizeLimit="100"
                        title="Image"
                        width="300"
                        xtype="html5smartimage"/>
                    <backgroundcolor
                        jcr:primaryType="cq:Widget"
                        fieldLabel="Background Color"
                        name="./sidebar2/color"
                        ShowHexValue="true"
                        xtype="customcolorfield"/>
                </items>
            </tab2>
            <tab3
                jcr:primaryType="cq:Panel"
                title="Section 3">
                <items jcr:primaryType="cq:WidgetCollection">
                    <buttontext
                        jcr:primaryType="cq:Widget"
                        fieldLabel="Enter Button Text"
                        name="./sidebar3/buttontext"
                        xtype="textfield"/>
                    <buttonurl
                        jcr:primaryType="cq:Widget"
                        fieldLabel="Select Button URL"
                        linkPattern="\{0}.html"
                        name="./sidebar3/buttonurl"
                        rootPath="/content/dtyb"
                        xtype="pathfield"/>
                    <img
                        jcr:primaryType="cq:Widget"
                        allowBlank="false"
                        allowUpload="{Boolean}false"
                        ddGroups="[media]"
                        fieldLabel="Image"
                        fileNameParameter="./imageName"
                        fileReferenceParameter="./sidebar3/fileReference"
                        height="300"
                        name="./image"
                        sizeLimit="100"
                        title="Image"
                        width="300"
                        xtype="html5smartimage"/>
                    <backgroundcolor
                        jcr:primaryType="cq:Widget"
                        fieldLabel="Background Color"
                        name="./sidebar3/color"
                        ShowHexValue="true"
                        xtype="customcolorfield"/>
                </items>
            </tab3>
        </items>
    </items>
</jcr:root>
