<?xml version="1.0" encoding="UTF-8"?>
<jcr:root xmlns:cq="http://www.day.com/jcr/cq/1.0" xmlns:jcr="http://www.jcp.org/jcr/1.0" xmlns:nt="http://www.jcp.org/jcr/nt/1.0"
    jcr:primaryType="cq:Dialog"
    title="Symptom Checker"
    width="{Long}1000"
    xtype="dialog">
    <items jcr:primaryType="cq:TabPanel">
        <items jcr:primaryType="cq:WidgetCollection">
            <tab1
                jcr:primaryType="cq:Panel"
                title=" Static Symptom Query">
                <items jcr:primaryType="cq:WidgetCollection">
                    <questions
                        jcr:primaryType="cq:Widget"
                        fieldLabel="Enter Questions *"
                        name="./questions"
                        xtype="multifield">
                        <fieldConfig
                            jcr:primaryType="nt:unstructured"
                            allowBlank="{Boolean}false"
                            xtype="richtext">
                            <listeners
                                jcr:primaryType="nt:unstructured"
                                destroy="function() {this.el.dom={};}"/>
                            <rtePlugins jcr:primaryType="nt:unstructured">
                                <misctools
                                    jcr:primaryType="nt:unstructured"
                                    features="[specialchars,sourceedit]">
                                    <specialCharsConfig jcr:primaryType="nt:unstructured">
                                        <chars jcr:primaryType="nt:unstructured">
                                            <bracket
                                                jcr:primaryType="nt:unstructured"
                                                entity="&amp;#187;"/>
                                        </chars>
                                    </specialCharsConfig>
                                </misctools>
                                <paraformat
                                    jcr:primaryType="nt:unstructured"
                                    features="*">
                                    <formats jcr:primaryType="cq:WidgetCollection">
                                        <heading1
                                            jcr:primaryType="nt:unstructured"
                                            description="Heading 1"
                                            tag="h1"/>
                                        <heading2
                                            jcr:primaryType="nt:unstructured"
                                            description="Heading 2"
                                            tag="h2"/>
                                        <heading3
                                            jcr:primaryType="nt:unstructured"
                                            description="Heading 3"
                                            tag="h3"/>
                                        <heading4
                                            jcr:primaryType="nt:unstructured"
                                            description="Heading 4"
                                            tag="h4"/>
                                        <heading5
                                            jcr:primaryType="nt:unstructured"
                                            description="Heading 5"
                                            tag="h5"/>
                                        <heading6
                                            jcr:primaryType="nt:unstructured"
                                            description="Heading 6"
                                            tag="h6"/>
                                        <paragraph
                                            jcr:primaryType="nt:unstructured"
                                            description="Paragraph"
                                            tag="p"/>
                                    </formats>
                                </paraformat>
                            </rtePlugins>
                        </fieldConfig>
                        <listeners
                            jcr:primaryType="nt:unstructured"
                            beforeadd="function(container,component,index){if(index==5){alert('Only 5 fields allowed'); return false;}}"/>
                    </questions>
                </items>
            </tab1>
            <tab2
                jcr:primaryType="cq:Panel"
                title="Description">
                <items jcr:primaryType="cq:WidgetCollection">
                    <description
                        jcr:primaryType="cq:Widget"
                        allowBlank="{Boolean}false"
                        fieldLabel="Enter Description"
                        name="./desc"
                        xtype="richtext"/>
                    <yes
                        jcr:primaryType="cq:Widget"
                        allowBlank="{Boolean}false"
                        fieldLabel="Yes Label"
                        name="./yes"
                        xtype="textfield"/>
                    <no
                        jcr:primaryType="cq:Widget"
                        allowBlank="{Boolean}false"
                        fieldLabel="No Label"
                        name="./no"
                        xtype="textfield"/>
                    <image
                        jcr:primaryType="cq:Widget"
                        allowBlank="{Boolean}false"
                        allowUpload="{Boolean}false"
                        ddGroups="[media]"
                        disableZoom="{Boolean}true"
                        fieldLabel="Image"
                        fileNameParameter="./fileName"
                        fileReferenceParameter="./prodPhoto"
                        height="200"
                        name="./file"
                        title="Image"
                        uploadUrl="/tmp/upload/*"
                        xtype="html5smartimage"/>
                    <alt
                        jcr:primaryType="cq:Widget"
                        fieldLabel="Alt Text for image"
                        name="./alt"
                        xtype="textfield"/>
                    <imgtitle
                        jcr:primaryType="cq:Widget"
                        fieldLabel="Title for image"
                        name="./imgtitle"
                        xtype="textfield"/>
                </items>
            </tab2>
        </items>
    </items>
</jcr:root>
