<?xml version="1.0" encoding="UTF-8"?>
<jcr:root xmlns:cq="http://www.day.com/jcr/cq/1.0" xmlns:jcr="http://www.jcp.org/jcr/1.0"
    jcr:primaryType="cq:Dialog"
    height="400"
    title="Related Information"
    width="900"
    xtype="dialog">
    <items jcr:primaryType="cq:TabPanel">
        <items jcr:primaryType="cq:WidgetCollection">
            <tab1
                jcr:primaryType="cq:Panel"
                title="Related Info">
                <items jcr:primaryType="cq:WidgetCollection">
                    <heading
                        jcr:primaryType="cq:Widget"
                        allowBlank="{Boolean}false"
                        fieldLabel="Enter Heading"
                        name="./heading"
                        xtype="textfield"/>
                    <image
                        jcr:primaryType="cq:Widget"
                        fieldLabel="Select Image"
                        name="./img"
                        rootPath="/content/dam/dtyb"
                        xtype="pathfield"/>
                    <imagepath
                        jcr:primaryType="cq:Widget"
                        fieldLabel="Select the link for image"
                        name="./imglink"
                        xtype="pathfield"/>
                    <openinnewwindow
                        jcr:primaryType="cq:Widget"
                        fieldLabel="Open in new tab"
                        name="./openinnewwindow"
                        type="checkbox"
                        xtype="selection"/>
                    <configurearticles
                        jcr:primaryType="cq:Widget"
                        customMultiFieldName="./configurearticles"
                        fieldDescription="Click the '+' to add a new Link."
                        fieldLabel="Configure Articles"
                        maxItems="3"
                        name="./nooffileds"
                        xtype="custommultifield">
                        <fieldConfig jcr:primaryType="cq:WidgetCollection">
                            <relatedinfotitle
                                jcr:primaryType="cq:Widget"
                                fieldLabel="Enter Title"
                                name="./relinfotitle"
                                xtype="textfield"/>
                            <relatedinfolink
                                jcr:primaryType="cq:Widget"
                                allowBlank="false"
                                fieldLabel="Select the Link"
                                linkPattern="\{0}.html"
                                name="./relinfolink"
                                rootPath="/content/dtyb"
                                xtype="pathfield"/>
                            <buttontext
                                jcr:primaryType="cq:Widget"
                                fieldLabel="Enter Button Text"
                                name="./buttontext"
                                xtype="textfield"/>
                            <img
                                jcr:primaryType="cq:Widget"
                                allowBlank="false"
                                fieldLabel="Select Image"
                                name="./image"
                                rootPath="/content/dam/dtyb"
                                xtype="pathfield"/>
                            <title
                                jcr:primaryType="cq:Widget"
                                fieldLabel="Enter Image Title"
                                name="./title"
                                xtype="textfield"/>
                            <alt
                                jcr:primaryType="cq:Widget"
                                fieldLabel="Enter Alt Text"
                                name="./alt"
                                xtype="textfield"/>
                        </fieldConfig>
                    </configurearticles>
                </items>
            </tab1>
        </items>
    </items>
</jcr:root>
