<?xml version="1.0" encoding="UTF-8"?>
<jcr:root xmlns:sling="http://sling.apache.org/jcr/sling/1.0" xmlns:cq="http://www.day.com/jcr/cq/1.0" xmlns:jcr="http://www.jcp.org/jcr/1.0" xmlns:nt="http://www.jcp.org/jcr/nt/1.0"
    jcr:primaryType="cq:Widget"
    fieldLabel="Enter Instructions"
    name="./instructionstext"
    xtype="richtext">
    <rtePlugins jcr:primaryType="nt:unstructured">
        <links jcr:primaryType="nt:unstructured">
            <linkDialogConfig
                jcr:primaryType="nt:unstructured"
                height="{Long}316">
                <linkAttributes jcr:primaryType="cq:WidgetCollection">
                    <linkAdvanced
                        jcr:primaryType="nt:unstructured"
                        jcr:title="Link tracking"
                        sling:resourceType="granite/ui/components/foundation/form/fieldset"
                        title="Link tracking">
                        <items jcr:primaryType="nt:unstructured">
                            <enable
                                jcr:primaryType="nt:unstructured"
                                sling:resourceType="granite/ui/components/foundation/form/checkbox"
                                fieldDescription="override analytics framework settings"
                                name="./linkdialog/cq:adhocLinkTrackingEnableTracking"
                                text="Custom link tracking"/>
                            <enable-delete
                                jcr:primaryType="nt:unstructured"
                                sling:resourceType="granite/ui/components/foundation/form/hidden"
                                name="./linkdialog/cq:adhocLinkTrackingEnableTracking@Delete"
                                value="{Boolean}true"/>
                            <events
                                jcr:primaryType="nt:unstructured"
                                attribute="adhocevents"
                                fieldDescription="e.g.: event2, event7"
                                fieldLabel="Include SiteCatalyst events"
                                name="./linkdialog/cq:adhocLinkTrackingEvents"
                                xtype="textfield"/>
                            <evars
                                jcr:primaryType="nt:unstructured"
                                attribute="adhocevars"
                                fieldDescription="e.g.: eVar1: pagedata.url, prop4: 'const'"
                                fieldLabel="Include SiteCatalyst variables"
                                name="./linkdialog/cq:adhocLinkTrackingEvars"
                                xtype="textfield"/>
                        </items>
                    </linkAdvanced>
                </linkAttributes>
            </linkDialogConfig>
        </links>
        <misctools
            jcr:primaryType="nt:unstructured"
            features="*"/>
        <edit
            jcr:primaryType="nt:unstructured"
            features="[paste-default,paste-plaintext,paste-wordhtml]"/>
        <findreplace
            jcr:primaryType="nt:unstructured"
            features="*"/>
        <format
            jcr:primaryType="nt:unstructured"
            features="*"/>
        <image
            jcr:primaryType="nt:unstructured"
            features="*"/>
        <keys
            jcr:primaryType="nt:unstructured"
            features="*"/>
        <justify
            jcr:primaryType="nt:unstructured"
            features="*"/>
        <lists
            jcr:primaryType="nt:unstructured"
            features="*"/>
        <paraformat
            jcr:primaryType="nt:unstructured"
            features="*">
            <formats jcr:primaryType="cq:WidgetCollection">
                <paragraph
                    jcr:primaryType="nt:unstructured"
                    description="Paragraph"
                    tag="p"/>
                <heading1
                    jcr:primaryType="nt:unstructured"
                    description="Heading 1"
                    tag="h1"/>
                <heading2
                    jcr:primaryType="nt:unstructured"
                    description="Heading 2"
                    tag="h2"/>
                <heading3
                    jcr:primaryType="nt:unstructured"
                    description="Heading 3"
                    tag="h3"/>
                <heading4
                    jcr:primaryType="nt:unstructured"
                    description="Heading 4"
                    tag="h4"/>
            </formats>
        </paraformat>
        <spellcheck
            jcr:primaryType="nt:unstructured"
            features="*"/>
        <styles
            jcr:primaryType="nt:unstructured"
            features="*">
            <styles jcr:primaryType="cq:WidgetCollection">
                <footnotes
                    jcr:primaryType="nt:unstructured"
                    cssName="bodytext"
                    text="Body Text"/>
            </styles>
        </styles>
        <subsuperscript
            jcr:primaryType="nt:unstructured"
            features="*"/>
        <table
            jcr:primaryType="nt:unstructured"
            features="*"/>
        <undo
            jcr:primaryType="nt:unstructured"
            features="*"/>
        <htmlColorPicker
            jcr:primaryType="nt:unstructured"
            features="*"/>
    </rtePlugins>
</jcr:root>
