<?xml version="1.0" encoding="UTF-8"?>
<jcr:root xmlns:cq="http://www.day.com/jcr/cq/1.0" xmlns:jcr="http://www.jcp.org/jcr/1.0" xmlns:nt="http://www.jcp.org/jcr/nt/1.0"
    jcr:primaryType="cq:Dialog"
    height="320"
    title="Rich Text"
    width="75"
    xtype="dialog">
    <items
        jcr:primaryType="cq:TabPanel"
        helpPath="en/cq/current/wcm/default_components.html#Text"
        title="Text"
        xtype="tabpanel">
        <items jcr:primaryType="cq:WidgetCollection">
            <tab1
                jcr:primaryType="cq:Panel"
                title="Text">
                <items jcr:primaryType="cq:WidgetCollection">
                    <rte
                        jcr:primaryType="cq:Widget"
                        enableSourceEdit="true"
                        enableSpecialChars="true"
                        enableStyle="true"
                        enableSubSuperScript="true"
                        externalStyleSheets="\[&quot;/etc/designs/dtyb/clientlibs/css/style.css&quot;,&quot;/etc/designs/dtyb/clientlibs/css/bootstrap.css&quot;]"
                        hideLabel="hideLabel"
                        name="./text"
                        xtype="richtext">
                        <rtePlugins jcr:primaryType="nt:unstructured">
                            <color
                                jcr:primaryType="nt:unstructured"
                                features="*">
                                <styles jcr:primaryType="cq:WidgetCollection">
                                    <blue
                                        jcr:primaryType="nt:unstructured"
                                        cssName="blue"
                                        text="Blue"/>
                                    <green
                                        jcr:primaryType="nt:unstructured"
                                        cssName="green"
                                        text="Green"/>
                                    <indigo
                                        jcr:primaryType="nt:unstructured"
                                        cssName="indigo"
                                        text="Indigo"/>
                                    <orange
                                        jcr:primaryType="nt:unstructured"
                                        cssName="orange"
                                        text="Orange"/>
                                    <red
                                        jcr:primaryType="nt:unstructured"
                                        cssName="red"
                                        text="Red"/>
                                    <violet
                                        jcr:primaryType="nt:unstructured"
                                        cssName="violet"
                                        text="Violet"/>
                                    <yellow
                                        jcr:primaryType="nt:unstructured"
                                        cssName="yellow"
                                        text="Yellow"/>
                                </styles>
                            </color>
                            <edit
                                jcr:primaryType="nt:unstructured"
                                features="*"/>
                            <font
                                jcr:primaryType="nt:unstructured"
                                features="*"/>
                            <format
                                jcr:primaryType="nt:unstructured"
                                features="*"/>
                            <image
                                jcr:primaryType="nt:unstructured"
                                features="*"/>
                            <justify
                                jcr:primaryType="nt:unstructured"
                                features="*"/>
                            <links jcr:primaryType="nt:unstructured">
                                <linkDialogConfig
                                    jcr:primaryType="nt:unstructured"
                                    height="316">
                                    <linkAttributes jcr:primaryType="cq:WidgetCollection">
                                        <linkAdvanced
                                            jcr:primaryType="cq:Widget"
                                            collapsed="true"
                                            collapsible="true"
                                            inputValue="advanced"
                                            name="./linkdialog/cq:adhocLinkTrackingTab"
                                            title="Link tracking"
                                            xtype="dialogfieldset">
                                            <items jcr:primaryType="cq:WidgetCollection">
                                                <enable
                                                    jcr:primaryType="nt:unstructured"
                                                    attribute="enabletracking"
                                                    fieldDescription="override analytics framework settings"
                                                    fieldLabel="Custom link tracking"
                                                    name="./linkdialog/cq:adhocLinkTrackingEnableTracking"
                                                    xtype="checkbox">
                                                    <listeners
                                                        jcr:primaryType="nt:unstructured"
                                                        check="function(component){var dlg=component.findParentByType('rtelinkdialog');dlg.enableSCFields(component.checked);}"/>
                                                </enable>
                                                <evars
                                                    jcr:primaryType="nt:unstructured"
                                                    attribute="adhocevars"
                                                    fieldDescription="e.g.: eVar1: pagedata.url, prop4: 'const'"
                                                    fieldLabel="Include SiteCatalyst variables"
                                                    name="./linkdialog/cq:adhocLinkTrackingEvars"
                                                    xtype="textfield"/>
                                                <events
                                                    jcr:primaryType="nt:unstructured"
                                                    attribute="adhocevents"
                                                    fieldDescription="e.g.: event2, event7"
                                                    fieldLabel="Include SiteCatalyst events"
                                                    name="./linkdialog/cq:adhocLinkTrackingEvents"
                                                    xtype="textfield"/>
                                            </items>
                                        </linkAdvanced>
                                    </linkAttributes>
                                </linkDialogConfig>
                            </links>
                            <lists
                                jcr:primaryType="nt:unstructured"
                                features="*"/>
                            <misctools
                                jcr:primaryType="nt:unstructured"
                                features="[[&quot;specialchars&quot;\,&quot;sourceedit&quot;]]">
                                <specialCharsConfig jcr:primaryType="nt:unstructured">
                                    <chars jcr:primaryType="nt:unstructured">
                                        <bracket
                                            jcr:primaryType="nt:unstructured"
                                            entity="&amp;#187;"/>
                                    </chars>
                                </specialCharsConfig>
                            </misctools>
                            <paraformat
                                jcr:primaryType="nt:unstructured"
                                features="*">
                                <formats jcr:primaryType="cq:WidgetCollection">
                                    <heading1
                                        jcr:primaryType="nt:unstructured"
                                        description="Heading 1"
                                        tag="h1"/>
                                    <heading2
                                        jcr:primaryType="nt:unstructured"
                                        description="Heading 2"
                                        tag="h2"/>
                                    <heading3
                                        jcr:primaryType="nt:unstructured"
                                        description="Heading 3"
                                        tag="h3"/>
                                    <heading4
                                        jcr:primaryType="nt:unstructured"
                                        description="Heading 4"
                                        tag="h4"/>
                                    <heading5
                                        jcr:primaryType="nt:unstructured"
                                        description="Heading 5"
                                        tag="h5"/>
                                    <heading6
                                        jcr:primaryType="nt:unstructured"
                                        description="Heading 6"
                                        tag="h6"/>
                                    <paragraph
                                        jcr:primaryType="nt:unstructured"
                                        description="Paragraph"
                                        tag="p"/>
                                </formats>
                            </paraformat>
                            <styles
                                jcr:primaryType="nt:unstructured"
                                features="*">
                                <styles jcr:primaryType="cq:WidgetCollection">
                                    <viewMoreLink
                                        jcr:primaryType="nt:unstructured"
                                        cssName="viewMoreLink"
                                        text="Blue-Underlined Links"/>
                                    <exitramp
                                        jcr:primaryType="nt:unstructured"
                                        cssName="dtyb-ext-link"
                                        text="External Link"/>
                                </styles>
                            </styles>
                            <table
                                jcr:primaryType="nt:unstructured"
                                features="*"/>
                            <undo
                                jcr:primaryType="nt:unstructured"
                                features="[[&quot;undo&quot;]]"/>
                        </rtePlugins>
                    </rte>
                </items>
            </tab1>
            <tab2
                jcr:primaryType="cq:Widget"
                title="Advanced Properties"
                xtype="panel">
                <items jcr:primaryType="cq:WidgetCollection">
                    <topborder
                        jcr:primaryType="nt:unstructured"
                        defaultValue=""
                        fieldDescription="Check for Top Rule Line"
                        fieldLabel="Top Content Break"
                        name="./topmargin"
                        type="select"
                        xtype="selection">
                        <options jcr:primaryType="cq:WidgetCollection">
                            <none
                                jcr:primaryType="nt:unstructured"
                                text="None"
                                value=""/>
                            <separatorborder
                                jcr:primaryType="nt:unstructured"
                                text="Separator Border"
                                value="topmargin"/>
                        </options>
                    </topborder>
                </items>
            </tab2>
        </items>
    </items>
</jcr:root>
