<?xml version="1.0" encoding="UTF-8"?>
<jcr:root xmlns:cq="http://www.day.com/jcr/cq/1.0" xmlns:jcr="http://www.jcp.org/jcr/1.0"
    jcr:primaryType="cq:Dialog"
    title="Call to Action"
    width="900"
    xtype="dialog">
    <items jcr:primaryType="cq:TabPanel">
        <items jcr:primaryType="cq:WidgetCollection">
            <tab1
                jcr:primaryType="cq:Panel"
                title="Call to Action">
                <items jcr:primaryType="cq:WidgetCollection">
                    <configurecta
                        jcr:primaryType="cq:Widget"
                        customMultiFieldName="./configure"
                        fieldDescription="Configure Call To Action (CTA) Links"
                        fieldLabel="Configure CTA"
                        id="slideimagefields"
                        maxItems="4"
                        name="./slideimagenooffileds"
                        xtype="custommultifield">
                        <fieldConfig jcr:primaryType="cq:WidgetCollection">
                            <icon
                                jcr:primaryType="cq:Widget"
                                allowBlank="false"
                                editable="{Boolean}false"
                                fieldLabel="Select Icon"
                                name="./icon"
                                rootPath="/content/dam/dtyb/icons"
                                xtype="pathfield"/>
                            <hovericon
                                jcr:primaryType="cq:Widget"
                                allowBlank="false"
                                editable="{Boolean}false"
                                fieldLabel="Select Hover Icon"
                                name="./hovericon"
                                rootPath="/content/dam/dtyb/icons"
                                xtype="pathfield"/>
                            <linktext
                                jcr:primaryType="cq:Widget"
                                fieldLabel="Enter Link Text"
                                name="./linktext"
                                xtype="textfield"/>
                            <linkurl
                                jcr:primaryType="cq:Widget"
                                editable="{Boolean}false"
                                fieldLabel="Enter URL Path for icon"
                                linkPattern="\{0}.html"
                                name="./linkurl"
                                rootPath="/content/dtyb"
                                xtype="pathfield"/>
                            <alttext
                                jcr:primaryType="cq:Widget"
                                fieldLabel="Enter Alt Text"
                                name="./alttext"
                                xtype="textfield"/>
                        </fieldConfig>
                    </configurecta>
                </items>
            </tab1>
        </items>
    </items>
</jcr:root>
