<?xml version="1.0" encoding="UTF-8"?>
<jcr:root xmlns:cq="http://www.day.com/jcr/cq/1.0" xmlns:jcr="http://www.jcp.org/jcr/1.0" xmlns:nt="http://www.jcp.org/jcr/nt/1.0"
    jcr:primaryType="cq:Dialog"
    title="Text &amp; Image"
    width="800"
    xtype="dialog">
    <items
        jcr:primaryType="cq:Widget"
        xtype="tabpanel">
        <items jcr:primaryType="cq:WidgetCollection">
            <tab1
                jcr:primaryType="cq:Widget"
                anchor="100%"
                title="Text"
                xtype="panel">
                <items jcr:primaryType="cq:WidgetCollection">
                    <richFlag
                        jcr:primaryType="cq:Widget"
                        ignoreData="{Boolean}true"
                        name="./textIsRich"
                        value="true"
                        xtype="hidden"/>
                    <text
                        jcr:primaryType="cq:Widget"
                        editElementQuery="div[class=&quot;text&quot;]"
                        fieldDescription="New Line: Press(Shift +Enter) &amp; New Paragraph: Press (Enter)"
                        hideLabel="hideLabel"
                        name="./text"
                        xtype="richtext">
                        <rtePlugins jcr:primaryType="nt:unstructured">
                            <edit
                                jcr:primaryType="nt:unstructured"
                                defaultPasteMode="plaintext"
                                features="[cut,copy,delete]"/>
                            <findreplace
                                jcr:primaryType="nt:unstructured"
                                features="*"/>
                            <format
                                jcr:primaryType="nt:unstructured"
                                features="*"/>
                            <keys
                                jcr:primaryType="nt:unstructured"
                                tabSize="4"/>
                            <justify
                                jcr:primaryType="nt:unstructured"
                                features="*"/>
                            <links
                                jcr:primaryType="nt:unstructured"
                                features="*"/>
                            <lists
                                jcr:primaryType="nt:unstructured"
                                identSize="{Long}200"/>
                            <misctools
                                jcr:primaryType="nt:unstructured"
                                features="*">
                                <specialCharsConfig jcr:primaryType="nt:unstructured">
                                    <chars jcr:primaryType="nt:unstructured">
                                        <half
                                            jcr:primaryType="nt:unstructured"
                                            entity="1/2"/>
                                    </chars>
                                </specialCharsConfig>
                            </misctools>
                            <paraformat
                                jcr:primaryType="nt:unstructured"
                                features="*">
                                <formats jcr:primaryType="cq:WidgetCollection">
                                    <p
                                        jcr:primaryType="nt:unstructured"
                                        description="Paragraph"
                                        tag="p"/>
                                    <h1
                                        jcr:primaryType="nt:unstructured"
                                        description="Heading 1"
                                        tag="h1"/>
                                    <h2
                                        jcr:primaryType="nt:unstructured"
                                        description="Heading 2"
                                        tag="h2"/>
                                    <h3
                                        jcr:primaryType="nt:unstructured"
                                        description="Heading 3"
                                        tag="h3"/>
                                    <h4
                                        jcr:primaryType="nt:unstructured"
                                        description="Heading 4"
                                        tag="h4"/>
                                    <h5
                                        jcr:primaryType="nt:unstructured"
                                        description="Heading 5"
                                        tag="h5"/>
                                    <h6
                                        jcr:primaryType="nt:unstructured"
                                        description="Heading 6"
                                        tag="h6"/>
                                </formats>
                            </paraformat>
                            <spellcheck
                                jcr:primaryType="nt:unstructured"
                                features="*"/>
                            <styles
                                jcr:primaryType="nt:unstructured"
                                features="*">
                                <styles jcr:primaryType="cq:WidgetCollection">
                                    <brown
                                        jcr:primaryType="nt:unstructured"
                                        cssName="txt-brown"
                                        text="Brown"/>
                                    <purple
                                        jcr:primaryType="nt:unstructured"
                                        cssName="txt-purple"
                                        text="Purple"/>
                                    <blue
                                        jcr:primaryType="nt:unstructured"
                                        cssName="txt-blue"
                                        text="Blue"/>
                                    <aqua
                                        jcr:primaryType="nt:unstructured"
                                        cssName="txt-aqua"
                                        text="Aqua"/>
                                </styles>
                            </styles>
                            <subsuperscript
                                jcr:primaryType="nt:unstructured"
                                features="*"/>
                            <table
                                jcr:primaryType="nt:unstructured"
                                features="*"/>
                            <undo
                                jcr:primaryType="nt:unstructured"
                                features="[undo]"/>
                        </rtePlugins>
                    </text>
                </items>
            </tab1>
            <tab2
                jcr:primaryType="cq:Widget"
                cropParameter="./image/imageCrop"
                ddGroups="[media]"
                disableZoom="{Boolean}true"
                fileNameParameter="./image/fileName"
                fileReferenceParameter="./image/fileReference"
                name="./image/file"
                requestSuffix="/image.img.png"
                rotateParameter="./image/imageRotate"
                sizeLimit="100"
                title="Image"
                xtype="html5smartimage"/>
            <tab3
                jcr:primaryType="cq:Widget"
                title="Advanced"
                xtype="panel">
                <items jcr:primaryType="cq:WidgetCollection">
                    <image
                        jcr:primaryType="cq:Widget"
                        collapsed="{Boolean}false"
                        collapsible="{Boolean}true"
                        title="Image Specific Config"
                        width="650"
                        xtype="dialogfieldset">
                        <items jcr:primaryType="cq:WidgetCollection">
                            <extimage
                                jcr:primaryType="cq:Widget"
                                fieldDescription="This will be given precedence over image dragged in tab 2."
                                fieldLabel="External Image Path"
                                name="./extImagePath"
                                rootPath="/content/dam"
                                xtype="pathfield"/>
                            <imgtitle
                                jcr:primaryType="cq:Widget"
                                fieldLabel="Image Title"
                                name="./imgtitle"
                                xtype="textfield"/>
                            <alt
                                jcr:primaryType="cq:Widget"
                                fieldDescription="(leave empty to use the title defined above)"
                                fieldLabel="Alt Text"
                                name="./alttext"
                                xtype="textfield"/>
                            <imagelink
                                jcr:primaryType="cq:Widget"
                                fieldLabel="Link to page"
                                name="./imagelink"
                                xtype="pathfield"/>
                            <newtab
                                jcr:primaryType="cq:Widget"
                                fieldDescription="Select to open in new tab."
                                fieldLabel="Open In New Tab"
                                inputValue="true"
                                name="./newTab"
                                type="checkbox"
                                xtype="selection"/>
                            <size
                                jcr:primaryType="cq:Widget"
                                fieldDescription="Width x Height (Note: Image width more than 700px will be resized according  to the parent panel)&#xa;"
                                fieldLabel="Size"
                                heightParameter="./extimageheight"
                                widthParameter="./extimagewidth"
                                xtype="sizefield"/>
                            <mobileimage
                                jcr:primaryType="cq:Widget"
                                fieldDescription="Image for Mobile View(for different image in mobile view).&#xa;NOTE : If empty default desktop image will be taken."
                                fieldLabel="Mobile Image"
                                name="./mobimagelink"
                                rootPath="/content/dam"
                                xtype="pathfield"/>
                            <tabimage
                                jcr:primaryType="cq:Widget"
                                fieldDescription="Image for Tab View(for different image in tablet view).&#xa;NOTE : If empty default desktop image will be taken by default."
                                fieldLabel=" Tablet Image"
                                name="./tabimagelink"
                                rootPath="/content/dam"
                                xtype="pathfield"/>
                        </items>
                    </image>
                    <textandimage
                        jcr:primaryType="cq:Widget"
                        collapsed="{Boolean}false"
                        collapsible="{Boolean}true"
                        title="Image &amp; Text Relative Config"
                        xtype="dialogfieldset">
                        <items jcr:primaryType="cq:WidgetCollection">
                            <imageposition
                                jcr:primaryType="cq:Widget"
                                defaultValue="none"
                                fieldLabel="Image Position"
                                name="./imagePosition"
                                type="select"
                                xtype="selection">
                                <options jcr:primaryType="cq:WidgetCollection">
                                    <none
                                        jcr:primaryType="nt:unstructured"
                                        text="None"
                                        value="none"/>
                                    <left
                                        jcr:primaryType="nt:unstructured"
                                        text="Left"
                                        value="fleft"/>
                                    <right
                                        jcr:primaryType="nt:unstructured"
                                        text="Right"
                                        value="fright"/>
                                    <top
                                        jcr:primaryType="nt:unstructured"
                                        text="Top"
                                        value="top"/>
                                </options>
                            </imageposition>
                            <imagestyle
                                jcr:primaryType="nt:unstructured"
                                defaultValue="none"
                                fieldDescription="Select the styles for the image"
                                fieldLabel="Image Style"
                                name="./imageStyle"
                                type="select"
                                xtype="selection">
                                <options jcr:primaryType="cq:WidgetCollection">
                                    <none
                                        jcr:primaryType="nt:unstructured"
                                        text="None"
                                        value="none"/>
                                    <imagestyle1
                                        jcr:primaryType="nt:unstructured"
                                        text="Circle the image"
                                        value="img-circle"/>
                                </options>
                            </imagestyle>
                            <restype
                                jcr:primaryType="cq:Widget"
                                ignoreData="{Boolean}true"
                                name="./image/sling:resourceType"
                                value="foundation/components/image"
                                xtype="hidden"/>
                            <textwrap
                                jcr:primaryType="cq:Widget"
                                fieldDescription="Select to Un-wrap the text."
                                fieldLabel="Text Un-wrap"
                                inputValue="true"
                                name="./textWrap"
                                type="checkbox"
                                xtype="selection"/>
                            <resposimage
                                jcr:primaryType="cq:Widget"
                                defaultValue="false"
                                fieldDescription="Select for responsive image."
                                fieldLabel="Responsive Image"
                                inputValue="true"
                                name="./imageresponsive"
                                type="checkbox"
                                xtype="selection"/>
                        </items>
                    </textandimage>
                    <miscproperties
                        jcr:primaryType="cq:Widget"
                        collapsed="{Boolean}false"
                        collapsible="{Boolean}true"
                        title="Miscellaneous Config"
                        xtype="dialogfieldset">
                        <items jcr:primaryType="cq:WidgetCollection">
                            <anchor
                                jcr:primaryType="cq:Widget"
                                data="./anchor"
                                fieldDescription="Please provide this anchor Id to map this area using link"
                                fieldLabel="Anchor Id"
                                name="./anchor"
                                readOnly="{Boolean}true"
                                xtype="textfield"/>
                            <expirydate
                                jcr:primaryType="cq:Widget"
                                fieldDescription="Set the expiry date, if empty contents will never expire"
                                fieldLabel="Expiry Date"
                                format="d/m/Y H:i"
                                name="./expiryDate"
                                xtype="datetime"/>
                        </items>
                    </miscproperties>
                </items>
            </tab3>
        </items>
    </items>
</jcr:root>
