<?xml version="1.0" encoding="UTF-8"?>
<jcr:root xmlns:cq="http://www.day.com/jcr/cq/1.0" xmlns:jcr="http://www.jcp.org/jcr/1.0" xmlns:nt="http://www.jcp.org/jcr/nt/1.0"
    jcr:primaryType="cq:Dialog"
    height="500"
    title="Image Text"
    width="600"
    xtype="dialog">
    <items
        jcr:primaryType="cq:Widget"
        xtype="tabpanel">
        <items jcr:primaryType="cq:WidgetCollection">
            <logo
                jcr:primaryType="cq:Widget"
                allowUpload="{Boolean}false"
                ddGroups="[media]"
                fieldLabel="Image"
                fileNameParameter="./imageName"
                fileReferenceParameter="./imageReference"
                name="./image"
                sizeLimit="100"
                title="Image"
                xtype="smartimage"/>
            <advanced
                jcr:primaryType="cq:Panel"
                title="Advanced">
                <items jcr:primaryType="cq:WidgetCollection">
                    <alttext
                        jcr:primaryType="cq:Widget"
                        fieldLabel="Alt Text For Image"
                        name="./alttext"
                        width="300"
                        xtype="textfield"/>
                    <linkurl
                        jcr:primaryType="cq:Widget"
                        fieldDescription="Select the Link"
                        fieldLabel="Link For Image"
                        name="./imagelink"
                        rootPath="/content/abbvie-northstar"
                        width="400"
                        xtype="pathfield"/>
                    <openinnewwindow
                        jcr:primaryType="cq:Widget"
                        boxLabel="Open In New Window"
                        name="./openUrlInNewWindow"
                        type="checkbox"
                        xtype="selection"/>
                    <rtetext
                        jcr:primaryType="cq:Widget"
                        fieldLabel="Text"
                        name="./rtetext"
                        xtype="richtext">
                        <rtePlugins jcr:primaryType="nt:unstructured">
                            <edit
                                jcr:primaryType="nt:unstructured"
                                features="*"/>
                            <findreplace
                                jcr:primaryType="nt:unstructured"
                                features="*"/>
                            <format
                                jcr:primaryType="nt:unstructured"
                                features="*"/>
                            <image
                                jcr:primaryType="nt:unstructured"
                                features="*"/>
                            <justify
                                jcr:primaryType="nt:unstructured"
                                features="*"/>
                            <keys
                                jcr:primaryType="nt:unstructured"
                                features="*"/>
                            <links
                                jcr:primaryType="nt:unstructured"
                                features="*"/>
                            <lists
                                jcr:primaryType="nt:unstructured"
                                features="*"/>
                            <misctools
                                jcr:primaryType="nt:unstructured"
                                features="*"/>
                            <paraformat
                                jcr:primaryType="nt:unstructured"
                                features="*"/>
                            <spellcheck
                                jcr:primaryType="nt:unstructured"
                                features="*"/>
                            <subsuperscript
                                jcr:primaryType="nt:unstructured"
                                features="*"/>
                            <table
                                jcr:primaryType="nt:unstructured"
                                features="*">
                                <cellStyles jcr:primaryType="cq:WidgetCollection"/>
                                <tableStyles jcr:primaryType="cq:WidgetCollection"/>
                            </table>
                            <undo
                                jcr:primaryType="nt:unstructured"
                                features="*"/>
                        </rtePlugins>
                    </rtetext>
                    <mobile
                        jcr:primaryType="cq:Widget"
                        boxLabel="Media centered in mobile "
                        name="./mobileimage"
                        type="checkbox"
                        xtype="selection"/>
                    <imagePosition
                        jcr:primaryType="cq:Widget"
                        defaultValue="fleft"
                        fieldLabel="Image Position"
                        name="./imagePosition"
                        type="select"
                        xtype="selection">
                        <options jcr:primaryType="cq:WidgetCollection">
                            <left
                                jcr:primaryType="nt:unstructured"
                                text="Left"
                                value="fleft"/>
                            <right
                                jcr:primaryType="nt:unstructured"
                                text="Right"
                                value="fright"/>
                            <top
                                jcr:primaryType="nt:unstructured"
                                text="Top"
                                value="top"/>
                            <center
                                jcr:primaryType="nt:unstructured"
                                text="Center"
                                value="text-center"/>
                            <none
                                jcr:primaryType="nt:unstructured"
                                text="None"
                                value=" "/>
                        </options>
                    </imagePosition>
                    <bulletcolor
                        jcr:primaryType="nt:unstructured"
                        defaultValue=""
                        fieldDescription="Check for Bullet color"
                        fieldLabel="Bullet color"
                        name="./bulletcolor"
                        type="select"
                        xtype="selection">
                        <options jcr:primaryType="cq:WidgetCollection">
                            <none
                                jcr:primaryType="nt:unstructured"
                                text="None"
                                value=" "/>
                            <green
                                jcr:primaryType="nt:unstructured"
                                text="Green"
                                value="bullet-green"/>
                            <purple
                                jcr:primaryType="nt:unstructured"
                                text="Purple"
                                value="bullet-purple"/>
                        </options>
                    </bulletcolor>
                    <textwrap
                        jcr:primaryType="cq:Widget"
                        fieldDescription="if you want text to warp the text, then enable this."
                        fieldLabel="Text Un-wrap"
                        inputValue="true"
                        name="./textWrap"
                        type="checkbox"
                        xtype="selection"/>
                </items>
            </advanced>
        </items>
    </items>
</jcr:root>
