<?xml version="1.0" encoding="UTF-8"?>
<jcr:root xmlns:sling="http://sling.apache.org/jcr/sling/1.0" xmlns:cq="http://www.day.com/jcr/cq/1.0" xmlns:jcr="http://www.jcp.org/jcr/1.0" xmlns:nt="http://www.jcp.org/jcr/nt/1.0"
    jcr:primaryType="nt:unstructured"
    jcr:title="Information Box"
    sling:resourceType="cq/gui/components/authoring/dialog">
    <content
        jcr:primaryType="nt:unstructured"
        sling:resourceType="granite/ui/components/foundation/container">
        <layout
            jcr:primaryType="nt:unstructured"
            sling:resourceType="granite/ui/components/foundation/layouts/tabs"
            type="nav"/>
        <items jcr:primaryType="nt:unstructured">
            <tab1
                jcr:primaryType="nt:unstructured"
                jcr:title="Tab 1"
                sling:resourceType="granite/ui/components/foundation/container">
                <layout
                    jcr:primaryType="nt:unstructured"
                    sling:resourceType="granite/ui/components/foundation/layouts/fixedcolumns"/>
                <items jcr:primaryType="nt:unstructured">
                    <columns
                        jcr:primaryType="nt:unstructured"
                        sling:resourceType="granite/ui/components/foundation/container">
                        <items jcr:primaryType="nt:unstructured">
                            <infotext
                                jcr:primaryType="nt:unstructured"
                                sling:resourceType="granite/ui/components/foundation/form/textfield"
                                fieldLabel="Information Text"
                                maxlength="22"
                                name="./infotext"/>
                            <infoicon
                                jcr:primaryType="nt:unstructured"
                                sling:resourceType="granite/ui/components/foundation/form/pathbrowser"
                                fieldLabel="Information Text Icon"
                                name="./infoicon"
                                rootPath="/content/dam/devuniversity"/>
                            <alttext
                                jcr:primaryType="nt:unstructured"
                                sling:resourceType="granite/ui/components/foundation/form/textfield"
                                fieldLabel="Alt Text"
                                name="./alttext"/>
                            <infolinks
                                jcr:primaryType="nt:unstructured"
                                sling:resourceType="/apps/devuniversity/components/content/touchui_limit/touchui_limit.jsp"
                                class="foundation-layout-util-maximized-alt"
                                eaem-nested=""
                                fieldLabel="Information Box Links"
                                fieldLimit="5">
                                <field
                                    jcr:primaryType="nt:unstructured"
                                    sling:resourceType="granite/ui/components/foundation/form/fieldset"
                                    baseName="infolinks_"
                                    eaem-nested="NODE_STORE"
                                    fieldDescription="Click on the + button to add Fields"
                                    fieldLabel="Information Box Links"
                                    fieldName="Information Box Links"
                                    id="infolinks"
                                    name="./infolinks"
                                    prefix="./">
                                    <layout
                                        jcr:primaryType="nt:unstructured"
                                        sling:resouceType="granite/ui/components/foundation/layouts/fixedcolumns"
                                        method="absolute"/>
                                    <items jcr:primaryType="nt:unstructured">
                                        <column
                                            jcr:primaryType="nt:unstructured"
                                            sling:resourceType="granite/ui/components/foundation/container">
                                            <items jcr:primaryType="nt:unstructured">
                                                <title/>
                                                <description/>
                                            </items>
                                        </column>
                                    </items>
                                </field>
                            </infolinks>
                        </items>
                    </columns>
                </items>
            </tab1>
        </items>
    </content>
</jcr:root>
