<?xml version="1.0" encoding="UTF-8"?>
<jcr:root xmlns:cq="http://www.day.com/jcr/cq/1.0" xmlns:jcr="http://www.jcp.org/jcr/1.0"
    cq:lastReplicated="{Date}2017-04-19T12:04:10.636-04:00"
    cq:lastReplicatedBy="naranns"
    cq:lastReplicationAction="Activate"
    jcr:mixinTypes="[cq:ReplicationStatus]"
    jcr:primaryType="cq:Dialog"
    title="Video Component"
    width="1000"
    xtype="dialog">
    <items
        jcr:primaryType="cq:Widget"
        xtype="tabpanel">
        <items jcr:primaryType="cq:WidgetCollection">
            <tab1
                jcr:primaryType="cq:Panel"
                title="Video Details">
                <items jcr:primaryType="cq:WidgetCollection">
                    <title
                        cq:lastReplicated="{Date}2017-04-26T07:08:51.630-04:00"
                        cq:lastReplicatedBy="naranns"
                        cq:lastReplicationAction="Activate"
                        jcr:mixinTypes="[cq:ReplicationStatus]"
                        jcr:primaryType="cq:Widget"
                        fieldLabel="Title"
                        height="50"
                        name="./title"
                        xtype="textarea"/>
                    <video
                        jcr:primaryType="cq:Widget"
                        fieldLabel="Video Snippet"
                        height="150"
                        name="./video"
                        xtype="textarea"/>
                </items>
            </tab1>
            <tab2
                jcr:primaryType="cq:Panel"
                title="Social Icons">
                <items jcr:primaryType="cq:WidgetCollection">
                    <socialicons
                        jcr:primaryType="cq:Widget"
                        defaultValue="false"
                        fieldDescription="Uncheck to configure Social Icons"
                        fieldLabel="Disable Social  Icons"
                        inputValue="true"
                        name="./socialicondisabled"
                        type="checkbox"
                        xtype="selection"/>
                </items>
            </tab2>
        </items>
    </items>
</jcr:root>
