<?xml version="1.0" encoding="UTF-8"?>
<jcr:root xmlns:cq="http://www.day.com/jcr/cq/1.0" xmlns:jcr="http://www.jcp.org/jcr/1.0"
    jcr:primaryType="cq:Panel"
    title="NorthStar Metadata">
    <items jcr:primaryType="cq:WidgetCollection">
        <items jcr:primaryType="cq:WidgetCollection">
            <boilerplatedata
                jcr:primaryType="cq:Widget"
                collapsed="{Boolean}true"
                collapsible="{Boolean}true"
                description="Configure Header and Footer boiler plate details. Configure the country specific details"
                title="NorthStar Boilerplate Data"
                xtype="dialogfieldset">
                <items jcr:primaryType="cq:WidgetCollection">
                    <headerboilerplate
                        jcr:primaryType="cq:Widget"
                        fieldDescription="Path need to be entered in root level (language page)"
                        fieldLabel="Path for Header Boilerplate"
                        name="./headerpath"
                        xtype="pathfield"/>
                    <footerboilerplate
                        jcr:primaryType="cq:Widget"
                        fieldDescription="Path need to be entered in root level (language page)"
                        fieldLabel="Path for Footer Boilerplate"
                        name="./footerpath"
                        xtype="pathfield"/>
                    <flag
                        jcr:primaryType="cq:Widget"
                        fieldDescription="The flag image for the country"
                        fieldLabel="Path of Country flag"
                        name="./flag"
                        rootPath="/content/dam/abbvie-northstar/flags"
                        xtype="pathfield"/>
                </items>
            </boilerplatedata>
            <sitemapdata
                jcr:primaryType="cq:Widget"
                collapsed="{Boolean}true"
                collapsible="{Boolean}true"
                description="Configure Sitemap details"
                title="NorthStar Sitemap Data"
                xtype="dialogfieldset">
                <items jcr:primaryType="cq:WidgetCollection">
                    <footersitemap
                        jcr:primaryType="cq:Widget"
                        defaultValue="false"
                        fieldDescription="Select to disable footer sitemap"
                        fieldLabel="Disable Footer Sitemap"
                        inputValue="true"
                        name="./disablefootersitemap"
                        type="checkbox"
                        xtype="selection"/>
                    <sitemapxml
                        jcr:primaryType="cq:Widget"
                        fieldDescription="Select checkbox to hide in Sitemap XML"
                        fieldLabel="Hide in Sitemap XML"
                        inputValue="true"
                        name="./sitemapxml"
                        type="checkbox"
                        xtype="selection"/>
                </items>
            </sitemapdata>
            <loginredirecturl
                jcr:primaryType="cq:Widget"
                defaultValue="/content/abbvie-northstar/global/north-america/us/en_us/pages/login.html"
                fieldDescription="Please select Login page path"
                fieldLabel="Login Page URL"
                linkPattern="\{0}.html"
                name="./loginredirecturl"
                rootPath="{Path}/content"
                xtype="pathfield"/>
        </items>
    </items>
</jcr:root>
