<?xml version="1.0" encoding="UTF-8"?>
<jcr:root xmlns:cq="http://www.day.com/jcr/cq/1.0" xmlns:jcr="http://www.jcp.org/jcr/1.0" xmlns:nt="http://www.jcp.org/jcr/nt/1.0"
    jcr:primaryType="cq:Dialog"
    title="Footer"
    width="{Long}800"
    xtype="dialog">
    <items jcr:primaryType="cq:TabPanel">
        <items jcr:primaryType="cq:WidgetCollection">
            <tab1
                jcr:primaryType="cq:Panel"
                title="Footer Information">
                <items jcr:primaryType="cq:WidgetCollection">
                    <infotext
                        jcr:primaryType="cq:Widget"
                        fieldLabel="Information Text"
                        maxLength="100"
                        name="./infotext"
                        xtype="textfield"/>
                    <footerlinks
                        jcr:primaryType="cq:Widget"
                        baseName="footerlinks_"
                        fieldDescription="Click the '+' to add a new Link."
                        fieldLabel="Footer Links"
                        fieldName="Footer Links"
                        id="footerlinks"
                        name="./footerlinks"
                        prefix="./"
                        xtype="mtmulticompositefield">
                        <fieldConfigs jcr:primaryType="cq:WidgetCollection">
                            <linktext
                                jcr:primaryType="cq:Widget"
                                fieldLabel="Link Text"
                                maxLength="{Long}34"
                                name="linktext"
                                width="330"
                                xtype="textfield"/>
                            <path
                                jcr:primaryType="cq:Widget"
                                fieldLabel="Link"
                                linkPattern="\{0}.html"
                                name="path"
                                rootPath="/content/devuniversity"
                                width="330"
                                xtype="pathfield"/>
                        </fieldConfigs>
                        <listeners
                            jcr:primaryType="nt:unstructured"
                            beforeadd="function(container,component,index){if(index>2){alert('Only 3 fields allowed'); return false;}}"/>
                    </footerlinks>
                    <rte
                        jcr:primaryType="cq:Widget"
                        editElementQuery="div[class=&quot;text&quot;]"
                        fieldDescription="For a new Line: Press(Shift +Enter) and for a new paragraph press (Enter)"
                        fieldLabel="Text Area"
                        name="./text"
                        xtype="richtext">
                        <rtePlugins
                            jcr:primaryType="nt:unstructured"
                            features="*">
                            <edit
                                jcr:primaryType="nt:unstructured"
                                features="*"/>
                            <font
                                jcr:primaryType="nt:unstructured"
                                features="*"/>
                            <format
                                jcr:primaryType="nt:unstructured"
                                features="*"/>
                            <justify
                                jcr:primaryType="nt:unstructured"
                                features="*"/>
                            <lists
                                jcr:primaryType="nt:unstructured"
                                features="*"/>
                            <paraformat
                                jcr:primaryType="nt:unstructured"
                                features="*">
                                <formats jcr:primaryType="cq:WidgetCollection">
                                    <paragraph
                                        jcr:primaryType="nt:unstructured"
                                        description="Paragraph"
                                        tag="p"/>
                                    <heading1
                                        jcr:primaryType="nt:unstructured"
                                        description="Heading 1"
                                        tag="h1"/>
                                    <heading2
                                        jcr:primaryType="nt:unstructured"
                                        description="Heading 2"
                                        tag="h2"/>
                                    <heading3
                                        jcr:primaryType="nt:unstructured"
                                        description="Heading 3"
                                        tag="h3"/>
                                    <heading4
                                        jcr:primaryType="nt:unstructured"
                                        description="Heading 4"
                                        tag="h4"/>
                                    <heading5
                                        jcr:primaryType="nt:unstructured"
                                        description="Heading 5"
                                        tag="h5"/>
                                    <heading6
                                        jcr:primaryType="nt:unstructured"
                                        description="Heading 6"
                                        tag="h6"/>
                                </formats>
                            </paraformat>
                            <styles
                                jcr:primaryType="nt:unstructured"
                                features="*">
                                <styles jcr:primaryType="cq:WidgetCollection">
                                    <brown
                                        jcr:primaryType="nt:unstructured"
                                        cssName="txt-brown"
                                        text="Brown"/>
                                    <purple
                                        jcr:primaryType="nt:unstructured"
                                        cssName="txt-purple"
                                        text="Purple"/>
                                    <blue
                                        jcr:primaryType="nt:unstructured"
                                        cssName="txt-blue"
                                        text="Blue"/>
                                    <aqua
                                        jcr:primaryType="nt:unstructured"
                                        cssName="txt-aqua"
                                        text="Aqua"/>
                                </styles>
                            </styles>
                            <undo
                                jcr:primaryType="nt:unstructured"
                                features="[undo]"/>
                            <links jcr:primaryType="nt:unstructured">
                                <linkDialogConfig
                                    jcr:primaryType="nt:unstructured"
                                    height="{Long}316">
                                    <linkAttributes jcr:primaryType="cq:WidgetCollection">
                                        <linkAdvanced
                                            jcr:primaryType="cq:Widget"
                                            collapsed="{Boolean}true"
                                            collapsible="{Boolean}true"
                                            inputValue="advanced"
                                            name="./linkdialog/cq:adhocLinkTrackingTab"
                                            title="Link tracking"
                                            xtype="dialogfieldset">
                                            <items jcr:primaryType="cq:WidgetCollection">
                                                <enable
                                                    jcr:primaryType="nt:unstructured"
                                                    attribute="enabletracking"
                                                    fieldDescription="override analytics framework settings"
                                                    fieldLabel="Custom link tracking"
                                                    name="./linkdialog/cq:adhocLinkTrackingEnableTracking"
                                                    xtype="checkbox">
                                                    <listeners
                                                        jcr:primaryType="nt:unstructured"
                                                        check="function(component){var dlg=component.findParentByType('rtelinkdialog');dlg.enableSCFields(component.checked);}"/>
                                                </enable>
                                                <evars
                                                    jcr:primaryType="nt:unstructured"
                                                    attribute="adhocevars"
                                                    fieldDescription="e.g.: eVar1: pagedata.url, prop4: 'const'"
                                                    fieldLabel="Include SiteCatalyst variables"
                                                    name="./linkdialog/cq:adhocLinkTrackingEvars"
                                                    xtype="textfield"/>
                                                <events
                                                    jcr:primaryType="nt:unstructured"
                                                    attribute="adhocevents"
                                                    fieldDescription="e.g.: event2, event7"
                                                    fieldLabel="Include SiteCatalyst events"
                                                    name="./linkdialog/cq:adhocLinkTrackingEvents"
                                                    xtype="textfield"/>
                                            </items>
                                        </linkAdvanced>
                                    </linkAttributes>
                                </linkDialogConfig>
                            </links>
                            <misctools
                                jcr:primaryType="nt:unstructured"
                                features="*"/>
                        </rtePlugins>
                    </rte>
                </items>
            </tab1>
            <tab2
                jcr:primaryType="cq:Panel"
                title="Error Pop-up">
                <items jcr:primaryType="cq:WidgetCollection">
                    <heading
                        jcr:primaryType="cq:Widget"
                        fieldLabel="Enter Heading"
                        maxLength="200"
                        name="./heading"
                        xtype="textfield"/>
                    <oktxt
                        jcr:primaryType="cq:Widget"
                        defaultValue="OK"
                        fieldLabel="Text for OK"
                        maxLength="25"
                        name="./oktxt"
                        xtype="textfield"/>
                </items>
            </tab2>
        </items>
    </items>
</jcr:root>
