<?xml version="1.0" encoding="UTF-8"?>
<jcr:root xmlns:cq="http://www.day.com/jcr/cq/1.0" xmlns:jcr="http://www.jcp.org/jcr/1.0"
    jcr:primaryType="cq:Dialog"
    fieldEditLockMode="{Boolean}true"
    title="Accordion Links"
    xtype="dialog">
    <items
        jcr:primaryType="cq:Widget"
        xtype="tabpanel">
        <items jcr:primaryType="cq:WidgetCollection">
            <tab1
                jcr:primaryType="cq:Panel"
                title="Accordion Links">
                <items jcr:primaryType="cq:WidgetCollection">
                    <accordionlink
                        jcr:primaryType="cq:Widget"
                        baseName="accordionlink_"
                        fieldDescription="Configure the accordion links. Click on '+' to add a new link."
                        fieldLabel="Accordion Links"
                        name="./accordionlink"
                        prefix="./"
                        xtype="mtmulticompositefield">
                        <fieldConfigs jcr:primaryType="cq:WidgetCollection">
                            <title
                                jcr:primaryType="cq:Widget"
                                allowBlank="{Boolean}false"
                                fieldLabel="Title"
                                name="title"
                                width="400"
                                xtype="textfield"/>
                            <link
                                jcr:primaryType="cq:Widget"
                                allowBlank="{Boolean}false"
                                fieldLabel="Link"
                                name="link"
                                rootPath="/content/abbvie-northstar"
                                width="400"
                                xtype="pathfield"/>
                            <newtabcheckbox
                                jcr:primaryType="cq:Widget"
                                defaultValue="{Boolean}false"
                                fieldLabel="Open in new tab?"
                                name="newtabcheckbox"
                                type="checkbox"
                                xtype="selection"/>
                        </fieldConfigs>
                    </accordionlink>
                </items>
            </tab1>
        </items>
    </items>
</jcr:root>
