<?xml version="1.0" encoding="UTF-8"?>
<jcr:root xmlns:cq="http://www.day.com/jcr/cq/1.0" xmlns:jcr="http://www.jcp.org/jcr/1.0" xmlns:nt="http://www.jcp.org/jcr/nt/1.0"
    jcr:primaryType="cq:Dialog"
    title="Video"
    width="600"
    xtype="dialog">
    <items
        jcr:primaryType="cq:Widget"
        xtype="tabpanel">
        <items jcr:primaryType="cq:WidgetCollection">
            <tab1
                jcr:primaryType="cq:Panel"
                title="General">
                <items jcr:primaryType="cq:WidgetCollection">
                    <videodialog
                        jcr:primaryType="cq:Widget"
                        fieldDescription="Select this to play video in a modal dialog"
                        fieldLabel="Play video in dialog"
                        inputValue="true"
                        name="./videodialog"
                        type="checkbox"
                        xtype="selection"/>
                    <analytics
                        jcr:primaryType="cq:Widget"
                        fieldDescription="Select this to enable analytic tracking for the Brightcove video"
                        fieldLabel="Enable Analytic Tracking"
                        inputValue="true"
                        name="./analytics"
                        type="checkbox"
                        xtype="selection"/>
                    <video
                        jcr:primaryType="cq:Widget"
                        fieldDescription="Only object tag embed code and video tag embed code"
                        fieldLabel="Brightcove snippet for the video"
                        height="{Long}300"
                        name="./video"
                        xtype="textarea"/>
                </items>
            </tab1>
            <tab2
                jcr:primaryType="cq:Panel"
                title="Detail Settings">
                <items jcr:primaryType="cq:WidgetCollection">
                    <videoimg
                        jcr:primaryType="cq:Widget"
                        anchor="80%"
                        editable="{Boolean}false"
                        fieldDescription="This will display as video image, and on click of it only the video will be displayed"
                        fieldLabel="Video Image"
                        name="./videoimg"
                        rootPath="/content/dam"
                        xtype="pathfield"/>
                    <videoimgalttext
                        jcr:primaryType="cq:Widget"
                        anchor="80%"
                        fieldLabel="Video Image Alt Text"
                        maxLength="{Long}50"
                        name="./videoimgalttext"
                        xtype="textfield"/>
                    <videoplayicon
                        jcr:primaryType="cq:Widget"
                        anchor="80%"
                        editable="{Boolean}false"
                        fieldDescription="This will display as an overlay on the video image"
                        fieldLabel="Play Icon Image"
                        name="./videoplayicon"
                        rootPath="/content/dam"
                        xtype="pathfield"/>
                    <videoplayiconalttext
                        jcr:primaryType="cq:Widget"
                        anchor="80%"
                        fieldLabel="Play Icon Alt Text"
                        maxLength="{Long}50"
                        name="./videoplayiconalttext"
                        xtype="textfield"/>
                    <videosizedialog
                        jcr:primaryType="cq:Widget"
                        anchor="80%"
                        default=""
                        fieldDescription="This will set the modal popup size respective to the window size. "
                        fieldLabel="Modal Pop-up Size"
                        name="./videosize"
                        type="select"
                        xtype="selection">
                        <options jcr:primaryType="cq:WidgetCollection">
                            <default
                                jcr:primaryType="nt:unstructured"
                                text="Default"
                                value=""/>
                            <small
                                jcr:primaryType="nt:unstructured"
                                text="Video size width 25%"
                                value="small-size"/>
                            <medium
                                jcr:primaryType="nt:unstructured"
                                text="Video size with 50%"
                                value="medium-size"/>
                            <large
                                jcr:primaryType="nt:unstructured"
                                text="Video size with 75%"
                                value="large-size"/>
                        </options>
                    </videosizedialog>
                    <videoloader
                        jcr:primaryType="cq:Widget"
                        anchor="80%"
                        editable="{Boolean}false"
                        fieldDescription="[This will be display while the video is being loaded]"
                        fieldLabel="Loading Image"
                        name="./videoloader"
                        rootPath="/content/dam"
                        xtype="pathfield"/>
                    <alignment
                        jcr:primaryType="cq:Widget"
                        anchor="80%"
                        default="pull-left"
                        fieldLabel="Alignment"
                        name="./alignment"
                        type="select"
                        xtype="selection">
                        <options jcr:primaryType="cq:WidgetCollection">
                            <center
                                jcr:primaryType="nt:unstructured"
                                text="Center"
                                value="align-center"/>
                            <left
                                jcr:primaryType="nt:unstructured"
                                text="Left"
                                value="pull-left"/>
                            <right
                                jcr:primaryType="nt:unstructured"
                                text="Right"
                                value="pull-right"/>
                        </options>
                    </alignment>
                    <videosizeimage
                        jcr:primaryType="cq:Widget"
                        anchor="80%"
                        default=""
                        fieldDescription="This will set the size for the video (not in modal) and it's image if there is any"
                        fieldLabel="Video Size"
                        name="./videosizeimage"
                        type="select"
                        xtype="selection">
                        <options jcr:primaryType="cq:WidgetCollection">
                            <default
                                jcr:primaryType="nt:unstructured"
                                text="Default"
                                value=""/>
                            <small
                                jcr:primaryType="nt:unstructured"
                                text="Video size width 25%"
                                value="bcls-small-size"/>
                            <medium
                                jcr:primaryType="nt:unstructured"
                                text="Video size with 50%"
                                value="bcls-medium-size"/>
                            <large
                                jcr:primaryType="nt:unstructured"
                                text="Video size with 75%"
                                value="bcls-large-size"/>
                        </options>
                    </videosizeimage>
                </items>
            </tab2>
        </items>
    </items>
</jcr:root>
