<?xml version="1.0" encoding="UTF-8"?>
<jcr:root xmlns:sling="http://sling.apache.org/jcr/sling/1.0" xmlns:cq="http://www.day.com/jcr/cq/1.0" xmlns:jcr="http://www.jcp.org/jcr/1.0" xmlns:nt="http://www.jcp.org/jcr/nt/1.0"
    jcr:primaryType="nt:unstructured"
    jcr:title="Anchor-dialog"
    sling:resourceType="cq/gui/components/authoring/dialog">
    <content
        jcr:primaryType="nt:unstructured"
        sling:resourceType="granite/ui/components/foundation/container">
        <layout
            jcr:primaryType="nt:unstructured"
            sling:resourceType="granite/ui/components/foundation/layouts/tabs"
            type="nav"/>
        <items jcr:primaryType="nt:unstructured">
            <tab1
                jcr:primaryType="nt:unstructured"
                jcr:title="Anchor"
                sling:resourceType="granite/ui/components/foundation/container">
                <layout
                    jcr:primaryType="nt:unstructured"
                    sling:resourceType="granite/ui/components/foundation/layouts/fixedcolumns"/>
                <items jcr:primaryType="nt:unstructured">
                    <columns
                        jcr:primaryType="nt:unstructured"
                        sling:resourceType="granite/ui/components/foundation/container">
                        <items jcr:primaryType="nt:unstructured">
                            <multi
                                jcr:primaryType="nt:unstructured"
                                sling:resourceType="granite/ui/components/foundation/form/multifield"
                                aem-composit-multifield=""
                                class="full-width"
                                eaem-nested=""
                                fieldDescription="Click the '+' to add a new Link."
                                fieldLabel="Anchor"
                                fieldName="Anchor"
                                name="./anchor">
                                <field
                                    jcr:primaryType="nt:unstructured"
                                    sling:resourceType="granite/ui/components/foundation/form/fieldset"
                                    eaem-nested=""
                                    name="./anchor">
                                    <layout
                                        jcr:primaryType="nt:unstructured"
                                        sling:resourceType="granite/ui/components/foundation/layouts/fixedcolumns"
                                        method="absolute"/>
                                    <items jcr:primaryType="nt:unstructured">
                                        <column
                                            jcr:primaryType="nt:unstructured"
                                            sling:resourceType="granite/ui/components/foundation/container">
                                            <items jcr:primaryType="nt:unstructured">
                                                <title
                                                    jcr:primaryType="nt:unstructured"
                                                    sling:resourceType="/libs/granite/ui/components/foundation/form/textfield"
                                                    allowBlank="false"
                                                    autoWidth="{Boolean}true"
                                                    dName="title"
                                                    fieldLabel="Title"
                                                    name="./title"/>
                                                <link
                                                    jcr:primaryType="nt:unstructured"
                                                    sling:resourceType="granite/ui/components/foundation/form/pathbrowser"
                                                    allowBlank="{Boolean}false"
                                                    autoWidth="{Boolean}true"
                                                    dName="link"
                                                    fieldLabel="Anchor logo Link"
                                                    name="./link"
                                                    rootPath="/content/dam/abbvie-northstar/icons"/>
                                                <hrefid
                                                    jcr:primaryType="nt:unstructured"
                                                    sling:resourceType="/libs/granite/ui/components/foundation/form/textfield"
                                                    allowBlank="{Boolean}false"
                                                    autoWidth="{Boolean}true"
                                                    dName="hrefid"
                                                    fieldLabel="Anchor ID"
                                                    name="./hrefid"/>
                                                <alttext
                                                    jcr:primaryType="nt:unstructured"
                                                    sling:resourceType="/libs/granite/ui/components/foundation/form/textfield"
                                                    autoWidth="{Boolean}true"
                                                    dName="title"
                                                    fieldLabel="Alternative text for the image"
                                                    name="./imagealttext"/>
                                            </items>
                                        </column>
                                    </items>
                                </field>
                            </multi>
                        </items>
                    </columns>
                </items>
            </tab1>
        </items>
    </content>
</jcr:root>
