<?xml version="1.0" encoding="UTF-8"?>
<jcr:root xmlns:cq="http://www.day.com/jcr/cq/1.0" xmlns:jcr="http://www.jcp.org/jcr/1.0" xmlns:nt="http://www.jcp.org/jcr/nt/1.0"
    jcr:primaryType="cq:Dialog"
    title="Intent Survey"
    width="{Long}1000"
    xtype="dialog">
    <items jcr:primaryType="cq:TabPanel">
        <items jcr:primaryType="cq:WidgetCollection">
            <tab1
                jcr:primaryType="cq:Panel"
                title="Survey">
                <items jcr:primaryType="cq:WidgetCollection">
                    <question
                        jcr:primaryType="cq:Widget"
                        collapsed="{Boolean}true"
                        collapsible="true"
                        title="Question "
                        xtype="dialogfieldset">
                        <items jcr:primaryType="cq:WidgetCollection">
                            <title
                                jcr:primaryType="cq:Widget"
                                allowBlank="{Boolean}false"
                                fieldLabel="Title"
                                name="./title"
                                xtype="textfield"/>
                            <question
                                jcr:primaryType="cq:Widget"
                                allowBlank="{Boolean}false"
                                fieldLabel="Question"
                                height="{Long}100"
                                name="./ques2"
                                xtype="textarea"/>
                            <ans
                                jcr:primaryType="cq:Widget"
                                fieldLabel="Answer"
                                name="./ans2"
                                xtype="multifield">
                                <fieldConfig
                                    jcr:primaryType="nt:unstructured"
                                    enableSourceEdit="{Boolean}true"
                                    enableSubSuperScript="true"
                                    xtype="textfield"/>
                            </ans>
                            <submitbutton
                                jcr:primaryType="cq:Widget"
                                allowBlank="{Boolean}false"
                                fieldLabel="Submit Button Text"
                                name="./submit"
                                xtype="textfield"/>
                            <cancelbutton
                                jcr:primaryType="cq:Widget"
                                allowBlank="{Boolean}false"
                                fieldLabel="Cancel Button Text"
                                name="./cancel"
                                xtype="textfield"/>
                        </items>
                    </question>
                </items>
            </tab1>
        </items>
    </items>
</jcr:root>
