<?xml version="1.0" encoding="UTF-8"?>
<jcr:root xmlns:cq="http://www.day.com/jcr/cq/1.0" xmlns:jcr="http://www.jcp.org/jcr/1.0" xmlns:nt="http://www.jcp.org/jcr/nt/1.0"
    jcr:primaryType="cq:Dialog"
    title="Feature Image"
    xtype="dialog">
    <items jcr:primaryType="cq:TabPanel">
        <items jcr:primaryType="cq:WidgetCollection">
            <tab1
                jcr:primaryType="cq:Widget"
                anchor="100%"
                title="Feature Image"
                xtype="panel">
                <items jcr:primaryType="cq:WidgetCollection">
                    <text
                        jcr:primaryType="cq:Widget"
                        fieldDescription="For a new Line: Press(Shift +Enter) and for a new paragraph press (Enter)"
                        fieldLabel="Text Area"
                        name="./text"
                        xtype="richtext"/>
                    <buttontext
                        jcr:primaryType="cq:Widget"
                        fieldLabel="Enter the button text"
                        name="./buttontext"
                        xtype="textfield"/>
                    <buttonlink
                        jcr:primaryType="cq:Widget"
                        fieldLabel="Enter the button link"
                        linkPattern="\{0}.html"
                        name="./buttonlink"
                        rootPath="/content/dtyb"
                        xtype="pathfield"/>
                </items>
            </tab1>
            <tab2
                jcr:primaryType="cq:Panel"
                title="Image">
                <items jcr:primaryType="cq:WidgetCollection">
                    <imagemaptext
                        jcr:primaryType="cq:Widget"
                        fieldLabel="Image Map Text"
                        name="./imageMapText"
                        xtype="textfield"/>
                    <imagemaplink
                        jcr:primaryType="cq:Widget"
                        fieldLabel="Image Map Link"
                        linkPattern="\{0}.html"
                        name="./imageMapLink"
                        rootPath="/content/dtyb"
                        xtype="pathfield"/>
                    <image
                        jcr:primaryType="cq:Widget"
                        allowBlank="{Boolean}false"
                        allowUpload="{Boolean}false"
                        ddGroups="[media]"
                        disableZoom="{Boolean}true"
                        fieldLabel="Image"
                        fileNameParameter="./fileName"
                        fileReferenceParameter="./fileReference"
                        height="200"
                        name="./file"
                        uploadUrl="/tmp/upload/*"
                        xtype="html5smartimage"/>
                </items>
            </tab2>
            <tab3
                jcr:primaryType="cq:Panel"
                title="Slide Image">
                <items jcr:primaryType="cq:WidgetCollection">
                    <imagetitle
                        jcr:primaryType="cq:Widget"
                        fieldLabel="Image Title"
                        name="./imageTitle"
                        xtype="textarea"/>
                    <imagemaplink
                        jcr:primaryType="cq:Widget"
                        fieldLabel="Select Slide Image"
                        name="./slideImage"
                        rootPath="/content/dam/dtyb"
                        xtype="pathfield"/>
                    <surroundborder
                        jcr:primaryType="nt:unstructured"
                        defaultValue=""
                        fieldDescription="Check for Bottom Rule Line"
                        fieldLabel="Surrounding border"
                        name="./surroundborder"
                        type="select"
                        xtype="selection">
                        <options jcr:primaryType="cq:WidgetCollection">
                            <none
                                jcr:primaryType="nt:unstructured"
                                text="None"
                                value=""/>
                            <surroundborder
                                jcr:primaryType="nt:unstructured"
                                text="Surround Border"
                                value="imageTextBorderDiv"/>
                        </options>
                    </surroundborder>
                </items>
            </tab3>
        </items>
    </items>
</jcr:root>
