<?xml version="1.0" encoding="UTF-8"?>
<jcr:root xmlns:cq="http://www.day.com/jcr/cq/1.0" xmlns:jcr="http://www.jcp.org/jcr/1.0" xmlns:nt="http://www.jcp.org/jcr/nt/1.0"
    jcr:primaryType="cq:Dialog"
    title="Footer"
    xtype="dialog">
    <items jcr:primaryType="cq:TabPanel">
        <items jcr:primaryType="cq:WidgetCollection">
            <image
                jcr:primaryType="cq:Widget"
                allowBlank="false"
                allowUpload="{Boolean}false"
                ddGroups="[media]"
                fieldLabel="Image"
                fileNameParameter="./imageName"
                fileReferenceParameter="./imageReference"
                name="./image"
                sizeLimit="100"
                title="Image"
                xtype="html5smartimage"/>
            <content
                jcr:primaryType="cq:Panel"
                title="Text">
                <items jcr:primaryType="cq:WidgetCollection">
                    <copyrighttext
                        jcr:primaryType="cq:Widget"
                        enableSourceEdit="{Boolean}true"
                        enableSpecialChars="{Boolean}true"
                        fieldLabel="Enter Copyright Text"
                        name="./shorttext"
                        xtype="richtext">
                        <rtePlugins jcr:primaryType="nt:unstructured">
                            <links
                                jcr:primaryType="nt:unstructured"
                                features="[-]">
                                <linkDialogConfig
                                    jcr:primaryType="nt:unstructured"
                                    height="{Long}316">
                                    <linkAttributes jcr:primaryType="cq:WidgetCollection">
                                        <linkAdvanced
                                            jcr:primaryType="cq:Widget"
                                            collapsed="{Boolean}true"
                                            collapsible="{Boolean}true"
                                            inputValue="advanced"
                                            name="./linkdialog/cq:adhocLinkTrackingTab"
                                            title="Link tracking"
                                            xtype="dialogfieldset">
                                            <items jcr:primaryType="cq:WidgetCollection">
                                                <enable
                                                    jcr:primaryType="nt:unstructured"
                                                    attribute="enabletracking"
                                                    fieldDescription="override analytics framework settings"
                                                    fieldLabel="Custom link tracking"
                                                    name="./linkdialog/cq:adhocLinkTrackingEnableTracking"
                                                    xtype="checkbox">
                                                    <listeners
                                                        jcr:primaryType="nt:unstructured"
                                                        check="function(component){var dlg=component.findParentByType('rtelinkdialog');dlg.enableSCFields(component.checked);}"/>
                                                </enable>
                                                <evars
                                                    jcr:primaryType="nt:unstructured"
                                                    attribute="adhocevars"
                                                    fieldDescription="e.g.: eVar1: pagedata.url, prop4: 'const'"
                                                    fieldLabel="Include SiteCatalyst variables"
                                                    name="./linkdialog/cq:adhocLinkTrackingEvars"
                                                    xtype="textfield"/>
                                                <events
                                                    jcr:primaryType="nt:unstructured"
                                                    attribute="adhocevents"
                                                    fieldDescription="e.g.: event2, event7"
                                                    fieldLabel="Include SiteCatalyst events"
                                                    name="./linkdialog/cq:adhocLinkTrackingEvents"
                                                    xtype="textfield"/>
                                            </items>
                                        </linkAdvanced>
                                    </linkAttributes>
                                </linkDialogConfig>
                            </links>
                            <paraformat
                                jcr:primaryType="nt:unstructured"
                                features="*">
                                <formats jcr:primaryType="cq:WidgetCollection">
                                    <heading1
                                        jcr:primaryType="nt:unstructured"
                                        description="Heading 1"
                                        tag="h1"/>
                                    <heading2
                                        jcr:primaryType="nt:unstructured"
                                        description="Heading 2"
                                        tag="h2"/>
                                    <heading3
                                        jcr:primaryType="nt:unstructured"
                                        description="Heading 3"
                                        tag="h3"/>
                                    <heading4
                                        jcr:primaryType="nt:unstructured"
                                        description="Heading 4"
                                        tag="h4"/>
                                    <heading5
                                        jcr:primaryType="nt:unstructured"
                                        description="Heading 5"
                                        tag="h5"/>
                                    <heading6
                                        jcr:primaryType="nt:unstructured"
                                        description="Heading 6"
                                        tag="h6"/>
                                    <paragraph
                                        jcr:primaryType="nt:unstructured"
                                        description="Paragraph"
                                        tag="p"/>
                                </formats>
                            </paraformat>
                        </rtePlugins>
                    </copyrighttext>
                    <description
                        jcr:primaryType="cq:Widget"
                        enableLinks="{Boolean}true"
                        fieldLabel="Enter Description"
                        height="{Long}500"
                        name="./description"
                        xtype="customhtmleditor"/>
                    <footerimage
                        jcr:primaryType="cq:Widget"
                        fieldLabel="Select Footer Image"
                        name="./footerimage"
                        rootPath="/content/dam/dtyb"
                        xtype="pathfield"/>
                    <footerimagelink
                        jcr:primaryType="cq:Widget"
                        fieldLabel="Select Footer Image Link"
                        linkPattern="\{0}.html"
                        name="./footerimagelink"
                        rootPath="/content/dtyb"
                        xtype="pathfield"/>
                </items>
            </content>
            <advanced
                jcr:primaryType="cq:Widget"
                title="Advanced"
                xtype="panel">
                <items jcr:primaryType="cq:WidgetCollection">
                    <title
                        jcr:primaryType="cq:Widget"
                        fieldLabel="Title"
                        name="./imagetitle"
                        xtype="textfield"/>
                    <alttext
                        jcr:primaryType="cq:Widget"
                        fieldLabel="Alt Text"
                        name="./alttext"
                        xtype="textfield"/>
                    <linkURL
                        jcr:primaryType="cq:Widget"
                        allowBlank="false"
                        fieldLabel="Link for Footer logo"
                        linkPattern="\{0}.html"
                        name="./logolink"
                        rootPath="/content/dtyb"
                        xtype="pathfield"/>
                </items>
            </advanced>
        </items>
    </items>
</jcr:root>
