<?xml version="1.0" encoding="UTF-8"?>
<jcr:root xmlns:sling="http://sling.apache.org/jcr/sling/1.0" xmlns:cq="http://www.day.com/jcr/cq/1.0" xmlns:jcr="http://www.jcp.org/jcr/1.0" xmlns:nt="http://www.jcp.org/jcr/nt/1.0"
    jcr:primaryType="nt:unstructured"
    jcr:title="Admin Search"
    sling:resourceType="cq/gui/components/authoring/dialog"
    width="800">
    <content
        jcr:primaryType="nt:unstructured"
        sling:resourceType="granite/ui/components/foundation/container">
        <layout
            jcr:primaryType="nt:unstructured"
            sling:resourceType="granite/ui/components/foundation/layouts/tabs"
            type="nav"/>
        <items jcr:primaryType="nt:unstructured">
            <general
                jcr:primaryType="nt:unstructured"
                jcr:title="General"
                sling:resourceType="granite/ui/components/foundation/container">
                <layout
                    jcr:primaryType="nt:unstructured"
                    sling:resourceType="granite/ui/components/foundation/layouts/fixedcolumns"/>
                <items jcr:primaryType="nt:unstructured">
                    <columns
                        jcr:primaryType="nt:unstructured"
                        sling:resourceType="granite/ui/components/foundation/container">
                        <items jcr:primaryType="nt:unstructured">
                            <usersearchlabel
                                jcr:primaryType="nt:unstructured"
                                sling:resourceType="granite/ui/components/foundation/form/textfield"
                                fieldDescription="Please enter the user search label"
                                fieldLabel="User Search Label"
                                maxlength="11"
                                name="./usersearchlabel"/>
                            <searchicon
                                jcr:primaryType="nt:unstructured"
                                sling:resourceType="granite/ui/components/foundation/form/pathbrowser"
                                fieldDescription="Icon for search."
                                fieldLabel="Search Icon"
                                name="./searchicon"
                                rootPath="/content/dam/devuniversity"/>
                            <updateuserconf
                                jcr:primaryType="nt:unstructured"
                                sling:resourceType="granite/ui/components/foundation/form/fieldset"
                                collapsed="{Boolean}true"
                                collapsible="{Boolean}true"
                                fieldLabel="User Profile Details Config"
                                width="650">
                                <layout
                                    jcr:primaryType="nt:unstructured"
                                    sling:resourceType="granite/ui/components/foundation/layouts/fixedcolumns"/>
                                <items jcr:primaryType="nt:unstructured">
                                    <columns
                                        jcr:primaryType="nt:unstructured"
                                        sling:resourceType="granite/ui/components/foundation/container">
                                        <items jcr:primaryType="nt:unstructured">
                                            <updateuserdetails
                                                jcr:primaryType="nt:unstructured"
                                                sling:resourceType="granite/ui/components/foundation/form/textfield"
                                                fieldDescription="Please enter the update user details label"
                                                fieldLabel="Update User Details Label"
                                                name="./updateuserdetails"
                                                width="300"/>
                                            <updateuserdetailslink
                                                jcr:primaryType="nt:unstructured"
                                                sling:resourceType="granite/ui/components/foundation/form/pathbrowser"
                                                fieldDescription="Please enter the update user details link"
                                                fieldLabel="Update User Details Link"
                                                name="./updateuserdetailslink"
                                                rootPath="/content/devuniversity"
                                                width="300"/>
                                            <updateuserdetailsicon
                                                jcr:primaryType="nt:unstructured"
                                                sling:resourceType="granite/ui/components/foundation/form/pathbrowser"
                                                fieldDescription="Please enter the update user details icon"
                                                fieldLabel="Update user details icon"
                                                name="./updateuserdetailsicon"
                                                rootPath="/content/dam/devuniversity"/>
                                        </items>
                                    </columns>
                                </items>
                            </updateuserconf>
                            <updatetrainingconf
                                jcr:primaryType="nt:unstructured"
                                sling:resourceType="granite/ui/components/foundation/form/fieldset"
                                collapsed="{Boolean}true"
                                collapsible="{Boolean}true"
                                fieldLabel="User Training Details Config"
                                width="650">
                                <layout
                                    jcr:primaryType="nt:unstructured"
                                    sling:resourceType="granite/ui/components/foundation/layouts/fixedcolumns"/>
                                <items jcr:primaryType="nt:unstructured">
                                    <columns
                                        jcr:primaryType="nt:unstructured"
                                        sling:resourceType="granite/ui/components/foundation/container">
                                        <items jcr:primaryType="nt:unstructured">
                                            <updatetraniningdetails
                                                jcr:primaryType="nt:unstructured"
                                                sling:resourceType="granite/ui/components/foundation/form/textfield"
                                                fieldDescription="Please enter the update user training  details label"
                                                fieldLabel="Update User Training Details Label"
                                                name="./updatetrainingdetails"/>
                                            <updatetrainingdetailsicon
                                                jcr:primaryType="nt:unstructured"
                                                sling:resourceType="granite/ui/components/foundation/form/pathbrowser"
                                                fieldDescription="Please enter the update user training details icon"
                                                fieldLabel="Update User Training Details Icon"
                                                name="./updatetrainingdetailsicon"
                                                rootPath="/content/dam/devuniversity"
                                                width="300"/>
                                        </items>
                                    </columns>
                                </items>
                            </updatetrainingconf>
                        </items>
                    </columns>
                </items>
            </general>
            <advanced
                jcr:primaryType="nt:unstructured"
                jcr:title="Advanced"
                sling:resourceType="granite/ui/components/foundation/container">
                <layout
                    jcr:primaryType="nt:unstructured"
                    sling:resourceType="granite/ui/components/foundation/layouts/fixedcolumns"/>
                <items jcr:primaryType="nt:unstructured">
                    <columns
                        jcr:primaryType="nt:unstructured"
                        sling:resourceType="granite/ui/components/foundation/container">
                        <items jcr:primaryType="nt:unstructured">
                            <netwrokid
                                jcr:primaryType="nt:unstructured"
                                sling:resourceType="granite/ui/components/foundation/form/textfield"
                                fieldDescription="Please enter the label for Network ID/511 ID displayed in the dropdown"
                                fieldLabel="Network ID/ 511 ID"
                                name="./networkid"
                                required="true"/>
                            <upi
                                jcr:primaryType="nt:unstructured"
                                sling:resourceType="granite/ui/components/foundation/form/textfield"
                                fieldDescription="Please enter the label for UPI displayed in the dropdown"
                                fieldLabel="UPI"
                                name="./upi"/>
                            <emailid
                                jcr:primaryType="nt:unstructured"
                                sling:resourceType="granite/ui/components/foundation/form/textfield"
                                fieldDescription="Please enter the label for Email ID displayed in the dropdown"
                                fieldLabel="Email ID"
                                name="./emailid"/>
                            <landingpage
                                jcr:primaryType="nt:unstructured"
                                sling:resourceType="granite/ui/components/foundation/form/pathbrowser"
                                fieldDescription="Admin lands on the provided page path, in emulation mode."
                                fieldLabel="Emulation Landing Page"
                                name="./landingpage"
                                required="true"
                                rootPath="/content/devuniversity"/>
                        </items>
                    </columns>
                </items>
            </advanced>
        </items>
    </content>
</jcr:root>
