<?xml version="1.0" encoding="UTF-8"?>
<jcr:root xmlns:sling="http://sling.apache.org/jcr/sling/1.0" xmlns:cq="http://www.day.com/jcr/cq/1.0" xmlns:jcr="http://www.jcp.org/jcr/1.0" xmlns:nt="http://www.jcp.org/jcr/nt/1.0"
    jcr:primaryType="nt:unstructured"
    jcr:title="Text &amp; Image"
    sling:resourceType="cq/gui/components/authoring/dialog">
    <content
        jcr:primaryType="nt:unstructured"
        sling:resourceType="granite/ui/components/foundation/container">
        <layout
            jcr:primaryType="nt:unstructured"
            sling:resourceType="granite/ui/components/foundation/layouts/tabs"
            type="nav"/>
        <items jcr:primaryType="nt:unstructured">
            <tab1
                jcr:primaryType="nt:unstructured"
                jcr:title="Text"
                sling:resourceType="granite/ui/components/foundation/container">
                <layout
                    jcr:primaryType="nt:unstructured"
                    sling:resourceType="granite/ui/components/foundation/layouts/fixedcolumns"/>
                <items jcr:primaryType="nt:unstructured">
                    <columns
                        jcr:primaryType="nt:unstructured"
                        sling:resourceType="granite/ui/components/foundation/container">
                        <items jcr:primaryType="nt:unstructured">
                            <richFlag
                                jcr:primaryType="nt:unstructured"
                                sling:resourceType="granite/ui/components/foundation/form/hidden"
                                name="./textIsRich"
                                value="true"/>
                            <text/>
                        </items>
                    </columns>
                </items>
            </tab1>
            <tab3
                jcr:primaryType="nt:unstructured"
                jcr:title="Advanced"
                sling:resourceType="granite/ui/components/foundation/container">
                <layout
                    jcr:primaryType="nt:unstructured"
                    sling:resourceType="granite/ui/components/foundation/layouts/fixedcolumns"/>
                <items jcr:primaryType="nt:unstructured">
                    <columns
                        jcr:primaryType="nt:unstructured"
                        sling:resourceType="granite/ui/components/foundation/container">
                        <items jcr:primaryType="nt:unstructured">
                            <image
                                jcr:primaryType="nt:unstructured"
                                jcr:title="Image Specific Config"
                                sling:resourceType="granite/ui/components/foundation/form/fieldset"
                                title="Image Specific Config">
                                <items jcr:primaryType="nt:unstructured">
                                    <extimage
                                        jcr:primaryType="nt:unstructured"
                                        sling:resourceType="granite/ui/components/foundation/form/pathbrowser"
                                        fieldDescription="This will be given precedence over image dragged in tab 2."
                                        fieldLabel="External Image Path"
                                        name="./extImagePath"
                                        rootPath="/content/dam"/>
                                    <imgtitle
                                        jcr:primaryType="nt:unstructured"
                                        sling:resourceType="granite/ui/components/foundation/form/textfield"
                                        fieldLabel="Image Title"
                                        name="./imgtitle"/>
                                    <alt
                                        jcr:primaryType="nt:unstructured"
                                        sling:resourceType="granite/ui/components/foundation/form/textfield"
                                        fieldDescription="(leave empty to use the title defined above)"
                                        fieldLabel="Alt Text"
                                        name="./alttext"/>
                                    <imagelink
                                        jcr:primaryType="nt:unstructured"
                                        sling:resourceType="granite/ui/components/foundation/form/pathbrowser"
                                        fieldLabel="Link to page"
                                        name="./imagelink"/>
                                    <newtab
                                        jcr:primaryType="nt:unstructured"
                                        sling:resourceType="granite/ui/components/foundation/form/checkbox"
                                        fieldDescription="Select to open in new tab."
                                        name="./newTab"
                                        text="Open In New Tab"
                                        value="true"/>
                                    <newtab-delete
                                        jcr:primaryType="nt:unstructured"
                                        sling:resourceType="granite/ui/components/foundation/form/hidden"
                                        name="./newTab@Delete"
                                        value="{Boolean}true"/>
                                    <size
                                        jcr:primaryType="nt:unstructured"
                                        sling:resourceType="cq/gui/components/authoring/dialog/sizefield"
                                        fieldDescription="Width x Height (Note: Image width more than 700px will be resized according  to the parent panel)&#xa;"
                                        fieldLabel="Size">
                                        <width
                                            jcr:primaryType="nt:unstructured"
                                            sling:resourceType="granite/ui/components/foundation/form/numberfield"
                                            name="./extimagewidth"/>
                                        <height
                                            jcr:primaryType="nt:unstructured"
                                            sling:resourceType="granite/ui/components/foundation/form/numberfield"
                                            name="./extimageheight"/>
                                    </size>
                                    <mobileimage
                                        jcr:primaryType="nt:unstructured"
                                        sling:resourceType="granite/ui/components/foundation/form/pathbrowser"
                                        fieldDescription="Image for Mobile View(for different image in mobile view).&#xa;NOTE : If empty default desktop image will be taken."
                                        fieldLabel="Mobile Image"
                                        name="./mobimagelink"
                                        rootPath="/content/dam"/>
                                    <tabimage
                                        jcr:primaryType="nt:unstructured"
                                        sling:resourceType="granite/ui/components/foundation/form/pathbrowser"
                                        fieldDescription="Image for Tab View(for different image in tablet view).&#xa;NOTE : If empty default desktop image will be taken by default."
                                        fieldLabel=" Tablet Image"
                                        name="./tabimagelink"
                                        rootPath="/content/dam"/>
                                </items>
                            </image>
                            <textandimage
                                jcr:primaryType="nt:unstructured"
                                jcr:title="Image &amp; Text Relative Config"
                                sling:resourceType="granite/ui/components/foundation/form/fieldset"
                                title="Image &amp; Text Relative Config">
                                <items jcr:primaryType="nt:unstructured">
                                    <imageposition
                                        jcr:primaryType="nt:unstructured"
                                        sling:resourceType="granite/ui/components/foundation/form/select"
                                        fieldLabel="Image Position"
                                        name="./imagePosition"
                                        value="none">
                                        <items jcr:primaryType="nt:unstructured">
                                            <none
                                                jcr:primaryType="nt:unstructured"
                                                text="None"
                                                value="none"/>
                                            <left
                                                jcr:primaryType="nt:unstructured"
                                                text="Left"
                                                value="fleft"/>
                                            <right
                                                jcr:primaryType="nt:unstructured"
                                                text="Right"
                                                value="fright"/>
                                            <top
                                                jcr:primaryType="nt:unstructured"
                                                text="Top"
                                                value="top"/>
                                        </items>
                                    </imageposition>
                                    <imagestyle
                                        jcr:primaryType="nt:unstructured"
                                        defaultValue="none"
                                        fieldDescription="Select the styles for the image"
                                        fieldLabel="Image Style"
                                        name="./imageStyle"
                                        type="select"
                                        xtype="selection">
                                        <options jcr:primaryType="cq:WidgetCollection">
                                            <none
                                                jcr:primaryType="nt:unstructured"
                                                text="None"
                                                value="none"/>
                                            <imagestyle1
                                                jcr:primaryType="nt:unstructured"
                                                text="Circle the image"
                                                value="img-circle"/>
                                        </options>
                                    </imagestyle>
                                    <restype
                                        jcr:primaryType="nt:unstructured"
                                        sling:resourceType="granite/ui/components/foundation/form/hidden"
                                        name="./image/sling:resourceType"
                                        value="foundation/components/image"/>
                                    <textwrap
                                        jcr:primaryType="nt:unstructured"
                                        sling:resourceType="granite/ui/components/foundation/form/checkbox"
                                        fieldDescription="Select to Un-wrap the text."
                                        name="./textWrap"
                                        text="Text Un-wrap"
                                        value="true"/>
                                    <textwrap-delete
                                        jcr:primaryType="nt:unstructured"
                                        sling:resourceType="granite/ui/components/foundation/form/hidden"
                                        name="./textWrap@Delete"
                                        value="{Boolean}true"/>
                                    <resposimage
                                        jcr:primaryType="nt:unstructured"
                                        sling:resourceType="granite/ui/components/foundation/form/checkbox"
                                        fieldDescription="Select for responsive image."
                                        name="./imageresponsive"
                                        text="Responsive Image"
                                        value="true"/>
                                    <resposimage-delete
                                        jcr:primaryType="nt:unstructured"
                                        sling:resourceType="granite/ui/components/foundation/form/hidden"
                                        name="./imageresponsive@Delete"
                                        value="{Boolean}true"/>
                                </items>
                            </textandimage>
                            <miscproperties
                                jcr:primaryType="nt:unstructured"
                                jcr:title="Miscellaneous Config"
                                sling:resourceType="granite/ui/components/foundation/form/fieldset"
                                title="Miscellaneous Config">
                                <items jcr:primaryType="nt:unstructured">
                                    <anchor
                                        jcr:primaryType="nt:unstructured"
                                        sling:resourceType="granite/ui/components/foundation/form/textfield"
                                        fieldDescription="Please provide this anchor Id to map this area using link"
                                        fieldLabel="Anchor Id"
                                        name="./anchor"
                                        renderReadOnly="{Boolean}true"/>
                                    <expirydate
                                        jcr:primaryType="nt:unstructured"
                                        sling:resourceType="granite/ui/components/foundation/form/datepicker"
                                        fieldDescription="Set the expiry date, if empty contents will never expire"
                                        fieldLabel="Expiry Date"
                                        name="./expiryDate"
                                        type="datetime"/>
                                </items>
                            </miscproperties>
                        </items>
                    </columns>
                </items>
            </tab3>
            <tab2/>
        </items>
    </content>
</jcr:root>
