<?xml version="1.0" encoding="UTF-8"?>
<jcr:root xmlns:cq="http://www.day.com/jcr/cq/1.0" xmlns:jcr="http://www.jcp.org/jcr/1.0" xmlns:nt="http://www.jcp.org/jcr/nt/1.0"
    jcr:primaryType="cq:Dialog"
    title="Upload Excel"
    xtype="dialog">
    <items
        jcr:primaryType="cq:Widget"
        xtype="tabpanel">
        <items jcr:primaryType="cq:WidgetCollection">
            <general
                jcr:primaryType="cq:Panel"
                title="General">
                <items jcr:primaryType="cq:WidgetCollection">
                    <headertitle
                        jcr:primaryType="cq:Widget"
                        fieldDescription="Enter the header title"
                        fieldLabel="Header Title"
                        name="./headerTitle"
                        xtype="textfield"/>
                    <subheadertitle
                        jcr:primaryType="cq:Widget"
                        fieldDescription="Enter the sub-header title"
                        fieldLabel="Sub-Header Title"
                        name="./subheaderTitle"
                        xtype="textfield"/>
                    <instructions
                        jcr:primaryType="cq:Widget"
                        fieldDescription="Enter the instructions for user reference"
                        fieldLabel="Instructions"
                        name="./instructions"
                        xtype="richtext">
                        <rtePlugins jcr:primaryType="nt:unstructured">
                            <subsuperscript
                                jcr:primaryType="nt:unstructured"
                                features="*"/>
                            <paraformat
                                jcr:primaryType="nt:unstructured"
                                features="*">
                                <formats jcr:primaryType="cq:WidgetCollection">
                                    <paragraph
                                        jcr:primaryType="nt:unstructured"
                                        description="Paragraph"
                                        tag="p"/>
                                    <heading1
                                        jcr:primaryType="nt:unstructured"
                                        description="Header 1"
                                        tag="h1"/>
                                    <heading2
                                        jcr:primaryType="nt:unstructured"
                                        description="Header 2"
                                        tag="h2"/>
                                    <heading3
                                        jcr:primaryType="nt:unstructured"
                                        description="Header 3"
                                        tag="h3"/>
                                    <heading4
                                        jcr:primaryType="nt:unstructured"
                                        description="Header 4"
                                        tag="h4"/>
                                    <heading5
                                        jcr:primaryType="nt:unstructured"
                                        description="Header 5"
                                        tag="h5"/>
                                    <heading6
                                        jcr:primaryType="nt:unstructured"
                                        description="Header 6"
                                        tag="h6"/>
                                </formats>
                            </paraformat>
                            <misctools
                                jcr:primaryType="nt:unstructured"
                                features="*">
                                <specialCharsConfig jcr:primaryType="nt:unstructured">
                                    <chars jcr:primaryType="nt:unstructured">
                                        <copyright
                                            jcr:primaryType="nt:unstructured"
                                            entity="&amp;#169;"/>
                                        <trademark
                                            jcr:primaryType="nt:unstructured"
                                            entity="&amp;#8482;"/>
                                        <registered
                                            jcr:primaryType="nt:unstructured"
                                            entity="&amp;#174;"/>
                                        <emDash
                                            jcr:primaryType="nt:unstructured"
                                            entity="&amp;#8212;"/>
                                        <pound
                                            jcr:primaryType="nt:unstructured"
                                            entity="&amp;#163;"/>
                                        <nbsp
                                            jcr:primaryType="nt:unstructured"
                                            entity="&amp;#160;"/>
                                    </chars>
                                </specialCharsConfig>
                            </misctools>
                            <links jcr:primaryType="nt:unstructured">
                                <linkDialogConfig
                                    jcr:primaryType="nt:unstructured"
                                    height="{Long}316">
                                    <linkAttributes jcr:primaryType="cq:WidgetCollection">
                                        <linkAdvanced
                                            jcr:primaryType="cq:Widget"
                                            collapsed="{Boolean}true"
                                            collapsible="{Boolean}true"
                                            inputValue="advanced"
                                            name="./linkdialog/cq:adhocLinkTrackingTab"
                                            title="Link tracking"
                                            xtype="dialogfieldset">
                                            <items jcr:primaryType="cq:WidgetCollection">
                                                <enable
                                                    jcr:primaryType="nt:unstructured"
                                                    attribute="enabletracking"
                                                    fieldDescription="Override analytics framework settings"
                                                    fieldLabel="Custom link tracking"
                                                    name="./linkdialog/cq:adhocLinkTrackingEnableTracking"
                                                    xtype="checkbox">
                                                    <listeners
                                                        jcr:primaryType="nt:unstructured"
                                                        check="function(component){var dlg=component.findParentByType('rtelinkdialog');dlg.enableSCFields(component.checked);}"/>
                                                </enable>
                                                <events
                                                    jcr:primaryType="nt:unstructured"
                                                    attribute="adhocevents"
                                                    fieldDescription="e.g.: event2, event7"
                                                    fieldLabel="Include SiteCatalyst events"
                                                    name="./linkdialog/cq:adhocLinkTrackingEvents"
                                                    xtype="textfield"/>
                                                <evars
                                                    jcr:primaryType="nt:unstructured"
                                                    attribute="adhocevars"
                                                    fieldDescription="e.g.: eVar1: pagedata.url, prop4: 'const'"
                                                    fieldLabel="Include SiteCatalyst variables"
                                                    name="./linkdialog/cq:adhocLinkTrackingEvars"
                                                    xtype="textfield"/>
                                            </items>
                                        </linkAdvanced>
                                    </linkAttributes>
                                </linkDialogConfig>
                            </links>
                            <edit
                                jcr:primaryType="nt:unstructured"
                                defaultPasteMode="plaintext"
                                features="[cut,copy,paste-plaintext]"
                                stripHtmlTags="{Boolean}true"/>
                            <findreplace
                                jcr:primaryType="nt:unstructured"
                                features="*"/>
                            <undo
                                jcr:primaryType="nt:unstructured"
                                features="*"/>
                            <format
                                jcr:primaryType="nt:unstructured"
                                features="[bold,italic]"/>
                            <lists
                                jcr:primaryType="nt:unstructured"
                                features="*"/>
                            <justify
                                jcr:primaryType="nt:unstructured"
                                features="*"/>
                        </rtePlugins>
                    </instructions>
                    <sheetdropdowntitle
                        jcr:primaryType="cq:Widget"
                        fieldDescription="Enter the sheet dropdown title"
                        fieldLabel="Excel Sheet Dropdown Title"
                        name="./sheetDropdownTitle"
                        xtype="textfield"/>
                    <sheetdropdown
                        jcr:primaryType="cq:Widget"
                        fieldDescription="Configure the sheet dropdown"
                        fieldLabel="Excel Sheet Dropdown Configuration"
                        name="./multi"
                        prefix="./"
                        xtype="mtmulticompositefield">
                        <fieldConfigs jcr:primaryType="cq:WidgetCollection">
                            <sheetname
                                jcr:primaryType="cq:Widget"
                                fieldDescription="Sheet Name"
                                fieldLabel="Sheet Name"
                                name="sheetName"
                                xtype="textfield"/>
                            <sheetvalue
                                jcr:primaryType="cq:Widget"
                                fieldDescription="Map the sheet name to a value in the format: Sheet Number-Policy Name. Eg: 0-Grants and Donations"
                                fieldLabel="Sheet Value"
                                name="sheetValue"
                                xtype="textfield"/>
                        </fieldConfigs>
                    </sheetdropdown>
                    <chooseexceltitle
                        jcr:primaryType="cq:Widget"
                        fieldDescription="Enter choose excel title"
                        fieldLabel="Select Excel Title"
                        name="./chooseExcelTitle"
                        xtype="textfield"/>
                    <chooseexcelbuttontitle
                        jcr:primaryType="cq:Widget"
                        fieldDescription="Enter choose excel button title"
                        fieldLabel="Select Excel Button Title"
                        name="./chooseExcelButtonTitle"
                        xtype="textfield"/>
                    <submitbuttontitle
                        jcr:primaryType="cq:Widget"
                        fieldDescription="Enter the submit button title"
                        fieldLabel="Submit Button Title"
                        name="./submitButtonTitle"
                        xtype="textfield"/>
                    <exceluploaded
                        jcr:primaryType="cq:Widget"
                        defaultValue="false"
                        fieldDescription="Select the checkbox to manually trigger the workflow for EH CACHE clearance"
                        fieldLabel="Is Excel Uploaded?"
                        name="./excelUploaded"
                        type="checkbox"
                        width="400"
                        xtype="selection"/>
                </items>
            </general>
        </items>
    </items>
</jcr:root>
