<?xml version="1.0" encoding="UTF-8"?>
<jcr:root xmlns:cq="http://www.day.com/jcr/cq/1.0" xmlns:jcr="http://www.jcp.org/jcr/1.0" xmlns:nt="http://www.jcp.org/jcr/nt/1.0"
    jcr:primaryType="cq:Dialog"
    helpPath="en/cq/current/wcm/default_components.html#Text"
    title="Footer-Dialog"
    xtype="dialog">
    <items
        jcr:primaryType="cq:Widget"
        xtype="tabpanel">
        <items jcr:primaryType="cq:WidgetCollection">
            <general
                jcr:primaryType="cq:Widget"
                anchor="100%"
                title="Text"
                xtype="panel">
                <items jcr:primaryType="cq:WidgetCollection">
                    <notice
                        jcr:primaryType="cq:Widget"
                        hideLabel="{Boolean}true"
                        name="./text"
                        useFixedInlineToolbar="{Boolean}true"
                        xtype="richtext">
                        <rtePlugins jcr:primaryType="nt:unstructured">
                            <subsuperscript
                                jcr:primaryType="nt:unstructured"
                                features="*"/>
                            <paraformat
                                jcr:primaryType="nt:unstructured"
                                features="*">
                                <formats jcr:primaryType="cq:WidgetCollection">
                                    <Paragraph
                                        jcr:primaryType="nt:unstructured"
                                        description="Paragraph"
                                        tag="p"/>
                                    <heading1
                                        jcr:primaryType="nt:unstructured"
                                        description="Header 1"
                                        tag="h1"/>
                                    <heading2
                                        jcr:primaryType="nt:unstructured"
                                        description="Header 2"
                                        tag="h2"/>
                                    <heading3
                                        jcr:primaryType="nt:unstructured"
                                        description="Header 3"
                                        tag="h3"/>
                                    <heading4
                                        jcr:primaryType="nt:unstructured"
                                        description="Header 4"
                                        tag="h4"/>
                                    <heading5
                                        jcr:primaryType="nt:unstructured"
                                        description="Header 5"
                                        tag="h5"/>
                                    <heading6
                                        jcr:primaryType="nt:unstructured"
                                        description="Header 6"
                                        tag="h6"/>
                                </formats>
                            </paraformat>
                            <misctools
                                jcr:primaryType="nt:unstructured"
                                features="*">
                                <specialCharsConfig jcr:primaryType="nt:unstructured">
                                    <chars jcr:primaryType="nt:unstructured">
                                        <copyright
                                            jcr:primaryType="nt:unstructured"
                                            entity="&amp;#169;"/>
                                        <trademark
                                            jcr:primaryType="nt:unstructured"
                                            entity="&amp;#8482;"/>
                                        <registered
                                            jcr:primaryType="nt:unstructured"
                                            entity="&amp;#174;"/>
                                        <emDash
                                            jcr:primaryType="nt:unstructured"
                                            entity="&amp;#8212;"/>
                                        <pound
                                            jcr:primaryType="nt:unstructured"
                                            entity="&amp;#163;"/>
                                        <nbsp
                                            jcr:primaryType="nt:unstructured"
                                            entity="&amp;#160;"/>
                                    </chars>
                                </specialCharsConfig>
                            </misctools>
                            <links jcr:primaryType="nt:unstructured">
                                <linkDialogConfig
                                    jcr:primaryType="nt:unstructured"
                                    height="{Long}316">
                                    <linkAttributes jcr:primaryType="cq:WidgetCollection">
                                        <linkAdvanced
                                            jcr:primaryType="cq:Widget"
                                            collapsed="{Boolean}true"
                                            collapsible="{Boolean}true"
                                            inputValue="advanced"
                                            name="./linkdialog/cq:adhocLinkTrackingTab"
                                            title="Link tracking"
                                            xtype="dialogfieldset">
                                            <items jcr:primaryType="cq:WidgetCollection">
                                                <enable
                                                    jcr:primaryType="nt:unstructured"
                                                    attribute="enabletracking"
                                                    fieldDescription="override analytics framework settings"
                                                    fieldLabel="Custom link tracking"
                                                    name="./linkdialog/cq:adhocLinkTrackingEnableTracking"
                                                    xtype="checkbox">
                                                    <listeners
                                                        jcr:primaryType="nt:unstructured"
                                                        check="function(component){var dlg=component.findParentByType('rtelinkdialog');dlg.enableSCFields(component.checked);}"/>
                                                </enable>
                                                <events
                                                    jcr:primaryType="nt:unstructured"
                                                    attribute="adhocevents"
                                                    fieldDescription="e.g.: event2, event7"
                                                    fieldLabel="Include SiteCatalyst events"
                                                    name="./linkdialog/cq:adhocLinkTrackingEvents"
                                                    xtype="textfield"/>
                                                <evars
                                                    jcr:primaryType="nt:unstructured"
                                                    attribute="adhocevars"
                                                    fieldDescription="e.g.: eVar1: pagedata.url, prop4: 'const'"
                                                    fieldLabel="Include SiteCatalyst variables"
                                                    name="./linkdialog/cq:adhocLinkTrackingEvars"
                                                    xtype="textfield"/>
                                            </items>
                                        </linkAdvanced>
                                    </linkAttributes>
                                </linkDialogConfig>
                            </links>
                            <edit
                                jcr:primaryType="nt:unstructured"
                                defaultPasteMode="plaintext"
                                features="[cut,copy,paste-plaintext]"
                                stripHtmlTags="{Boolean}true"/>
                            <spellcheck
                                jcr:primaryType="nt:unstructured"
                                features="*"/>
                            <findreplace
                                jcr:primaryType="nt:unstructured"
                                features="*"/>
                            <undo
                                jcr:primaryType="nt:unstructured"
                                features="*"/>
                            <format
                                jcr:primaryType="nt:unstructured"
                                features="[bold,italic]"/>
                            <lists
                                jcr:primaryType="nt:unstructured"
                                features="*"/>
                            <justify
                                jcr:primaryType="nt:unstructured"
                                features="*"/>
                            <styles
                                jcr:primaryType="nt:unstructured"
                                features="*">
                                <styles jcr:primaryType="cq:WidgetCollection">
                                    <disclaimer
                                        jcr:primaryType="nt:unstructured"
                                        cssName="wysiwyg--disclaimer"
                                        text="Disclaimer"/>
                                    <quote
                                        jcr:primaryType="nt:unstructured"
                                        cssName="pull-quote component"
                                        text="Quote"/>
                                </styles>
                            </styles>
                        </rtePlugins>
                    </notice>
                    <isRichTextFlag
                        jcr:primaryType="cq:Widget"
                        ignoreData="{Boolean}true"
                        name="./textIsRich"
                        value="true"
                        xtype="hidden"/>
                    <enablePlaceholders
                        jcr:primaryType="cq:Widget"
                        fieldLabel="Enable Placeholders"
                        name="./enablePlaceholders"
                        type="checkbox"
                        xtype="selection"/>
                </items>
            </general>
        </items>
    </items>
</jcr:root>
