<?xml version="1.0" encoding="UTF-8"?>
<jcr:root xmlns:cq="http://www.day.com/jcr/cq/1.0" xmlns:jcr="http://www.jcp.org/jcr/1.0"
    jcr:primaryType="cq:Dialog"
    title="Admin Search"
    width="800"
    xtype="dialog">
    <items
        jcr:primaryType="cq:Widget"
        xtype="tabpanel">
        <items jcr:primaryType="cq:WidgetCollection">
            <general
                jcr:primaryType="cq:Panel"
                title="General">
                <items jcr:primaryType="cq:WidgetCollection">
                    <usersearchlabel
                        jcr:primaryType="cq:Widget"
                        fieldDescription="Please enter the user search label"
                        fieldLabel="User Search Label"
                        maxLength="11"
                        name="./usersearchlabel"
                        xtype="textfield"/>
                    <searchicon
                        jcr:primaryType="cq:Widget"
                        fieldDescription="Icon for search."
                        fieldLabel="Search Icon"
                        name="./searchicon"
                        rootPath="/content/dam/devuniversity"
                        xtype="pathfield"/>
                    <updateuserconf
                        jcr:primaryType="cq:Widget"
                        collapsed="{Boolean}true"
                        collapsible="{Boolean}true"
                        title="User Profile Details Config"
                        width="650"
                        xtype="dialogfieldset">
                        <items jcr:primaryType="cq:WidgetCollection">
                            <updateuserdetails
                                jcr:primaryType="cq:Widget"
                                fieldDescription="Please enter the update user details label"
                                fieldLabel="Update User Details Label"
                                name="./updateuserdetails"
                                width="300"
                                xtype="textfield"/>
                            <updateuserdetailslink
                                jcr:primaryType="cq:Widget"
                                fieldDescription="Please enter the update user details link"
                                fieldLabel="Update User Details Link"
                                linkPattern="\{0}.html"
                                name="./updateuserdetailslink"
                                rootPath="/content/devuniversity"
                                width="300"
                                xtype="pathfield"/>
                            <updateuserdetailsicon
                                jcr:primaryType="cq:Widget"
                                fieldDescription="Please enter the update user details icon"
                                fieldLabel="Update User Details Icon"
                                name="./updateuserdetailsicon"
                                rootPath="/content/dam/devuniversity"
                                width="300"
                                xtype="pathfield"/>
                        </items>
                    </updateuserconf>
                    <updatetrainingconf
                        jcr:primaryType="cq:Widget"
                        collapsed="{Boolean}true"
                        collapsible="{Boolean}true"
                        title="User Training Details Config"
                        width="650"
                        xtype="dialogfieldset">
                        <items jcr:primaryType="cq:WidgetCollection">
                            <updatetraniningdetails
                                jcr:primaryType="cq:Widget"
                                fieldDescription="Please enter the update user training  details label"
                                fieldLabel="Update User Training Details Label"
                                name="./updatetrainingdetails"
                                xtype="textfield"/>
                            <updatetrainingdetailsicon
                                jcr:primaryType="cq:Widget"
                                fieldDescription="Please enter the update user training details icon"
                                fieldLabel="Update User Training Details Icon"
                                name="./updatetrainingdetailsicon"
                                rootPath="/content/dam/devuniversity"
                                width="300"
                                xtype="pathfield"/>
                        </items>
                    </updatetrainingconf>
                </items>
            </general>
            <advanced
                jcr:primaryType="cq:Panel"
                title="Advanced">
                <items jcr:primaryType="cq:WidgetCollection">
                    <netwrokid
                        jcr:primaryType="cq:Widget"
                        allowBlank="false"
                        fieldDescription="Please enter the label for Network ID/511 ID displayed in the dropdown"
                        fieldLabel="Network ID/ 511 ID"
                        name="./networkid"
                        xtype="textfield"/>
                    <upi
                        jcr:primaryType="cq:Widget"
                        fieldDescription="Please enter the label for UPI displayed in the dropdown"
                        fieldLabel="UPI"
                        name="./upi"
                        xtype="textfield"/>
                    <emailid
                        jcr:primaryType="cq:Widget"
                        fieldDescription="Please enter the label for Email ID displayed in the dropdown"
                        fieldLabel="Email ID"
                        name="./emailid"
                        xtype="textfield"/>
                    <landingpage
                        jcr:primaryType="cq:Widget"
                        allowBlank="false"
                        fieldDescription="Admin lands on the provided page path, in emulation mode."
                        fieldLabel="Emulation Landing Page"
                        name="./landingpage"
                        rootPath="/content/devuniversity"
                        xtype="pathfield"/>
                </items>
            </advanced>
        </items>
    </items>
</jcr:root>
