<?xml version="1.0" encoding="UTF-8"?>
<jcr:root xmlns:cq="http://www.day.com/jcr/cq/1.0" xmlns:jcr="http://www.jcp.org/jcr/1.0"
    jcr:primaryType="cq:Dialog"
    title="Related Articles"
    width="900"
    xtype="dialog">
    <items jcr:primaryType="cq:TabPanel">
        <items jcr:primaryType="cq:WidgetCollection">
            <tab1
                jcr:primaryType="cq:Panel"
                title="Related Articles">
                <items jcr:primaryType="cq:WidgetCollection">
                    <heading
                        jcr:primaryType="cq:Widget"
                        allowBlank="{Boolean}false"
                        fieldLabel="Enter Heading"
                        name="./heading"
                        xtype="textfield"/>
                    <configurearticles
                        jcr:primaryType="cq:Widget"
                        customMultiFieldName="./relatedarticles"
                        fieldDescription="Click the '+' to add a new Link."
                        fieldLabel="Configure Related Articles"
                        maxItems="5"
                        name="./nooffileds"
                        xtype="custommultifield">
                        <fieldConfig jcr:primaryType="cq:WidgetCollection">
                            <title
                                jcr:primaryType="cq:Widget"
                                allowBlank="{Boolean}false"
                                fieldLabel="Provide the title"
                                name="./title"
                                xtype="textfield"/>
                            <link
                                jcr:primaryType="cq:Widget"
                                fieldLabel="Provide the link"
                                name="./link"
                                rootPath="/content/dtyb"
                                xtype="pathfield"/>
                            <buttontext
                                jcr:primaryType="cq:Widget"
                                allowBlank="{Boolean}false"
                                fieldLabel="Enter Button Text"
                                name="./buttontexts"
                                xtype="textfield"/>
                        </fieldConfig>
                    </configurearticles>
                </items>
            </tab1>
        </items>
    </items>
</jcr:root>
