<?xml version="1.0" encoding="UTF-8"?>
<jcr:root xmlns:cq="http://www.day.com/jcr/cq/1.0" xmlns:jcr="http://www.jcp.org/jcr/1.0"
    jcr:primaryType="cq:Dialog"
    title="Article Listing"
    xtype="tabpanel">
    <items jcr:primaryType="cq:WidgetCollection">
        <tab1
            jcr:primaryType="cq:Widget"
            title="Article Listing"
            xtype="panel">
            <items jcr:primaryType="cq:WidgetCollection">
                <listFrom
                    jcr:primaryType="cq:Widget"
                    defaultValue="children"
                    name="./listFrom"
                    xtype="hidden"/>
                <orderBy
                    jcr:primaryType="cq:Widget"
                    defaultValue="jcr:created"
                    name="./orderBy"
                    xtype="hidden"/>
                <loadmoretext
                    jcr:primaryType="cq:Widget"
                    fieldDescription="Field for entering load more text"
                    fieldLabel="Enter the load more button text"
                    name="./loadmoretext"
                    xtype="textfield"/>
            </items>
        </tab1>
        <tab2
            jcr:primaryType="cq:Widget"
            title="Feature Story"
            xtype="panel">
            <items jcr:primaryType="cq:WidgetCollection">
                <articlePage
                    jcr:primaryType="cq:Widget"
                    allowBlank="false"
                    editable="{Boolean}false"
                    fieldDescription="Select the Article page to display in feature story section"
                    fieldLabel="Select the Feature Story Article"
                    name="./articlePage"
                    rootPath="/content/dtyb"
                    xtype="pathfield"/>
                <buttontext
                    jcr:primaryType="cq:Widget"
                    fieldDescription="Field for entering button title"
                    fieldLabel="Button Text"
                    name="./buttontext"
                    xtype="textfield"/>
                <newsicon
                    jcr:primaryType="cq:Widget"
                    fieldDescription="Select the news icon to be displayed at left section of feature story"
                    fieldLabel="Select News Icon"
                    name="./newsicon"
                    xtype="pathfield"/>
            </items>
        </tab2>
    </items>
</jcr:root>
