<?xml version="1.0" encoding="UTF-8"?>
<jcr:root xmlns:cq="http://www.day.com/jcr/cq/1.0" xmlns:jcr="http://www.jcp.org/jcr/1.0" xmlns:nt="http://www.jcp.org/jcr/nt/1.0"
    jcr:primaryType="cq:Dialog"
    title="Multifield"
    xtype="dialog">
    <items jcr:primaryType="cq:TabPanel">
        <items jcr:primaryType="cq:WidgetCollection">
            <multifield
                jcr:primaryType="cq:Panel"
                title="multifield">
                <items jcr:primaryType="cq:WidgetCollection">
                    <title
                        jcr:primaryType="cq:Widget"
                        fieldLabel="Title"
                        name="./title"
                        xtype="textfield"/>
                    <content
                        jcr:primaryType="cq:Widget"
                        fieldLabel="Enter Content"
                        name="./values"
                        xtype="multifield">
                        <fieldConfig
                            jcr:primaryType="nt:unstructured"
                            enableSourceEdit="{Boolean}true"
                            enableSubSuperScript="true"
                            xtype="richtext">
                            <listeners
                                jcr:primaryType="nt:unstructured"
                                destroy="function() {this.el.dom={};}"/>
                        </fieldConfig>
                    </content>
                    <footnote
                        jcr:primaryType="cq:Widget"
                        fieldLabel="Footnote"
                        name="./footnote"
                        xtype="textarea"/>
                </items>
            </multifield>
        </items>
    </items>
</jcr:root>
