<?xml version="1.0" encoding="UTF-8"?>
<jcr:root xmlns:cq="http://www.day.com/jcr/cq/1.0" xmlns:jcr="http://www.jcp.org/jcr/1.0" xmlns:nt="http://www.jcp.org/jcr/nt/1.0"
    jcr:primaryType="cq:Panel"
    title="Development University Configurations">
    <items jcr:primaryType="cq:WidgetCollection">
        <items jcr:primaryType="cq:WidgetCollection">
            <googlepath
                jcr:primaryType="cq:Widget"
                fieldDescription="Path for Google Font api"
                fieldLabel="Path for Google Font api"
                id="googlepathid"
                name="./googlepath"
                xtype="pathfield"/>
            <buttons jcr:primaryType="cq:WidgetCollection">
                <getFont
                    jcr:primaryType="nt:unstructured"
                    handler="function(button) { ns.googleFontUtils.GoogleFontJSON(this.findParentByType('dialog'), true);  } "
                    hidden="false"
                    text="Get the Fonts"
                    xtype="button"/>
            </buttons>
            <buttonLabel
                jcr:primaryType="cq:Widget"
                allowBlank="{Boolean}true"
                disabled="{Boolean}true"
                fieldDescription="Click to update the Google Font family list"
                fieldLabel=" "
                width="500"
                xtype="label"/>
            <googlefont
                jcr:primaryType="nt:unstructured"
                fieldDescription="Select the Font family to be applied"
                fieldLabel="Font family"
                id="googlefontid"
                name="./googlefont"
                options="$PATH.font.json"
                type="select"
                xtype="selection">
                <listeners
                    jcr:primaryType="nt:unstructured"
                    selectionchanged="function(value){return ns.googleFontUtils.getSubset(value);}"/>
            </googlefont>
            <subset
                jcr:primaryType="nt:unstructured"
                fieldDescription="Select the subset to be applied"
                fieldLabel="Subset"
                id="subsetid"
                name="./subset"
                type="checkbox"
                xtype="selection"/>
            <basefontsize
                jcr:primaryType="nt:unstructured"
                fieldDescription="Select the Base font size"
                fieldLabel="Base Font size"
                name="./basefontsize"
                type="select"
                xtype="selection">
                <options jcr:primaryType="cq:WidgetCollection">
                    <reset
                        jcr:primaryType="nt:unstructured"
                        text="Reset"
                        value=" "/>
                    <size11
                        jcr:primaryType="nt:unstructured"
                        text="11px"
                        value="11px"/>
                    <size12
                        jcr:primaryType="nt:unstructured"
                        text="12px"
                        value="12px"/>
                    <size13
                        jcr:primaryType="nt:unstructured"
                        text="13px"
                        value="13px"/>
                    <size14
                        jcr:primaryType="nt:unstructured"
                        text="14px"
                        value="14px"/>
                    <size15
                        jcr:primaryType="nt:unstructured"
                        text="15px"
                        value="15px"/>
                    <size16
                        jcr:primaryType="nt:unstructured"
                        text="16px"
                        value="16px"/>
                    <size17
                        jcr:primaryType="nt:unstructured"
                        text="17px"
                        value="17px"/>
                    <size18
                        jcr:primaryType="nt:unstructured"
                        text="18px"
                        value="18px"/>
                    <size19
                        jcr:primaryType="nt:unstructured"
                        text="19px"
                        value="19px"/>
                    <size20
                        jcr:primaryType="nt:unstructured"
                        text="20px"
                        value="20px"/>
                </options>
            </basefontsize>
            <hiddensubset
                jcr:primaryType="nt:unstructured"
                hidden="true"
                id="hiddensubsetid"
                name="./subset"
                xtype="textfield"/>
        </items>
    </items>
</jcr:root>
