<?xml version="1.0" encoding="UTF-8"?>
<jcr:root xmlns:cq="http://www.day.com/jcr/cq/1.0" xmlns:jcr="http://www.jcp.org/jcr/1.0" xmlns:nt="http://www.jcp.org/jcr/nt/1.0"
    jcr:primaryType="cq:Dialog"
    title="Reportees Display"
    width="800"
    xtype="dialog">
    <items
        jcr:primaryType="cq:Widget"
        xtype="tabpanel">
        <items jcr:primaryType="cq:WidgetCollection">
            <tab1
                jcr:primaryType="cq:Panel"
                title="General">
                <items jcr:primaryType="cq:WidgetCollection">
                    <heading
                        jcr:primaryType="cq:Widget"
                        fieldLabel="Heading"
                        maxLength="19"
                        name="./heading"
                        xtype="textfield"/>
                    <manageindividualpath
                        jcr:primaryType="cq:Widget"
                        allowBlank="false"
                        fieldDescription="The servlet to hit to get the data. To be configured by a developer only"
                        fieldLabel="Manage Individual Profile Path"
                        linkPattern="\{0}.html"
                        name="./manageindividualpath"
                        rootPath="/content/devuniversity"
                        xtype="pathfield"/>
                    <links
                        jcr:primaryType="cq:Widget"
                        baseName="links_"
                        fieldDescription="Click the '+' to add a new tab."
                        fieldLabel="My Training Links"
                        fieldName="My Training Links"
                        id="links"
                        name="./links"
                        prefix="./"
                        xtype="mtmulticompositefield">
                        <fieldConfigs jcr:primaryType="cq:WidgetCollection">
                            <text
                                jcr:primaryType="cq:Widget"
                                allowBlank="false"
                                fieldLabel="Button Text"
                                maxLength="25"
                                name="text"
                                width="300"
                                xtype="textfield"/>
                            <path
                                jcr:primaryType="cq:Widget"
                                fieldLabel="Button Path"
                                linkPattern="\{0}.html"
                                name="path"
                                rootPath="/content/devuniversity"
                                width="300"
                                xtype="pathfield"/>
                            <learningtype
                                jcr:primaryType="cq:Widget"
                                allowBlank="false"
                                fieldLabel="Learning Type"
                                name="learningtype"
                                type="select"
                                width="300"
                                xtype="selection">
                                <options jcr:primaryType="cq:WidgetCollection">
                                    <journey
                                        jcr:primaryType="nt:unstructured"
                                        text="Journey"
                                        value="journey"/>
                                    <path
                                        jcr:primaryType="nt:unstructured"
                                        text="Path"
                                        value="path"/>
                                    <resource
                                        jcr:primaryType="nt:unstructured"
                                        text="Resource"
                                        value="resource"/>
                                </options>
                            </learningtype>
                            <color
                                jcr:primaryType="cq:Widget"
                                allowBlank="false"
                                defaultValue="brown"
                                fieldLabel="Color"
                                name="color"
                                type="select"
                                width="300"
                                xtype="selection">
                                <options jcr:primaryType="cq:WidgetCollection">
                                    <brown
                                        jcr:primaryType="nt:unstructured"
                                        text="Brown"
                                        value="brown"/>
                                    <green
                                        jcr:primaryType="nt:unstructured"
                                        text="Green"
                                        value="green"/>
                                    <blue
                                        jcr:primaryType="nt:unstructured"
                                        text="Blue"
                                        value="blue"/>
                                    <aqua
                                        jcr:primaryType="nt:unstructured"
                                        text="Aqua"
                                        value="aqua"/>
                                </options>
                            </color>
                        </fieldConfigs>
                        <listeners
                            jcr:primaryType="nt:unstructured"
                            beforeadd="function(container,component,index){if(index>2){alert('Only 3 fields allowed'); return false;}}"/>
                    </links>
                </items>
            </tab1>
            <excel
                jcr:primaryType="cq:Panel"
                title="Excel Configs">
                <items jcr:primaryType="cq:WidgetCollection">
                    <excellabel
                        jcr:primaryType="cq:Widget"
                        fieldDescription="Excel download placeholder's label to be displayed on page.Note: If not authored Excel download option will be unavailable. "
                        fieldLabel="Excel Label"
                        maxLength="40"
                        name="./excellabel"
                        xtype="textfield"/>
                    <excelicon
                        jcr:primaryType="cq:Widget"
                        fieldDescription="Excel download icon to be displayed on page."
                        fieldLabel="Excel Icon"
                        name="./excelicon"
                        rootPath="/content/dam/devuniversity"
                        xtype="pathfield"/>
                    <excelname
                        jcr:primaryType="cq:Widget"
                        fieldDescription="File name for the downloaded Excel.( Default filename : Reportee_Details)"
                        fieldLabel="Downloaded Excel File Name"
                        name="./excelname"
                        xtype="textfield"/>
                    <excelsheetname
                        jcr:primaryType="cq:Widget"
                        fieldDescription="Sheet name for the downloaded Excel.( Default sheet name: Training-Details)"
                        fieldLabel="Downloaded Excel File Sheet Name"
                        name="./excelsheetname"
                        xtype="textfield"/>
                </items>
            </excel>
        </items>
    </items>
</jcr:root>
