<?xml version="1.0" encoding="UTF-8"?>
<jcr:root xmlns:sling="http://sling.apache.org/jcr/sling/1.0" xmlns:cq="http://www.day.com/jcr/cq/1.0" xmlns:jcr="http://www.jcp.org/jcr/1.0" xmlns:nt="http://www.jcp.org/jcr/nt/1.0"
    jcr:primaryType="nt:unstructured"
    jcr:title="Page"
    sling:resourceType="cq/gui/components/authoring/dialog"
    extraClientlibs="[cq.common.wcm,cq.siteadmin.admin.properties]"
    mode="edit">
    <content
        jcr:primaryType="nt:unstructured"
        sling:resourceType="granite/ui/components/foundation/container"
        class="cq-dialog-content-page">
        <items jcr:primaryType="nt:unstructured">
            <tabs
                jcr:primaryType="nt:unstructured"
                sling:resourceType="granite/ui/components/foundation/container"
                rel="cq-siteadmin-admin-properties-tabs">
                <layout
                    jcr:primaryType="nt:unstructured"
                    sling:resourceType="granite/ui/components/foundation/layouts/tabs"
                    type="nav"/>
                <items jcr:primaryType="nt:unstructured">
                    <basic
                        jcr:primaryType="nt:unstructured"
                        sling:resourceType="granite/ui/components/foundation/include"
                        path="/apps/abbvie-northstar/components/pages/page/cq:dialog/content/items/tabs/items/basic"/>
                    <advanced
                        jcr:primaryType="nt:unstructured"
                        sling:resourceType="granite/ui/components/foundation/include"
                        path="/apps/abbvie-northstar/components/pages/page/cq:dialog/content/items/tabs/items/advanced"/>
                    <thumbnail
                        jcr:primaryType="nt:unstructured"
                        sling:resourceType="granite/ui/components/foundation/include"
                        path="foundation/components/page/cq:dialog/content/items/tabs/items/thumbnail"/>
                    <cloudservices
                        jcr:primaryType="nt:unstructured"
                        sling:resourceType="granite/ui/components/foundation/include"
                        path="foundation/components/page/cq:dialog/content/items/tabs/items/cloudservices"/>
                    <breadcrumb
                        jcr:primaryType="nt:unstructured"
                        jcr:title="Breadcrumb"
                        sling:resourceType="granite/ui/components/foundation/container">
                        <layout
                            jcr:primaryType="nt:unstructured"
                            sling:resourceType="granite/ui/components/foundation/layouts/fixedcolumns"/>
                        <items jcr:primaryType="nt:unstructured">
                            <columns
                                jcr:primaryType="nt:unstructured"
                                sling:resourceType="granite/ui/components/foundation/container">
                                <items jcr:primaryType="nt:unstructured">
                                    <parentLabel
                                        jcr:primaryType="nt:unstructured"
                                        sling:resourceType="granite/ui/components/foundation/form/textfield"
                                        fieldDescription="Parent Label name to be displayed"
                                        fieldLabel="Parent Label"
                                        name="./parentLabel"/>
                                    <parentPath
                                        jcr:primaryType="nt:unstructured"
                                        sling:resourceType="granite/ui/components/foundation/form/pathbrowser"
                                        fieldDescription="Meta Tag Name"
                                        fieldLabel="Parent Path"
                                        name="./parentPath"/>
                                    <absoluteParent
                                        jcr:primaryType="nt:unstructured"
                                        sling:resourceType="granite/ui/components/foundation/form/textfield"
                                        fieldDescription="(eg: 4 for /content/lineOfBusiness/region/site/language)"
                                        fieldLabel="Absolute Parent"
                                        name="./absoluteParent"/>
                                    <relativeDepth
                                        jcr:primaryType="nt:unstructured"
                                        sling:resourceType="granite/ui/components/foundation/form/textfield"
                                        fieldDescription="(eg: 0 for current page)"
                                        fieldLabel="Relative Depth"
                                        name="./relativeDepth"/>
                                    <delimiter
                                        jcr:primaryType="nt:unstructured"
                                        sling:resourceType="granite/ui/components/foundation/form/textfield"
                                        fieldDescription="Meta Tag Name"
                                        fieldLabel="Delimiter"
                                        name="./delimiter"/>
                                </items>
                            </columns>
                        </items>
                    </breadcrumb>
                    <abbvie-northstar
                        jcr:primaryType="nt:unstructured"
                        jcr:title="Northstar Metadata"
                        sling:resourceType="granite/ui/components/foundation/container">
                        <layout
                            jcr:primaryType="nt:unstructured"
                            sling:resourceType="granite/ui/components/foundation/layouts/fixedcolumns"/>
                        <items jcr:primaryType="nt:unstructured">
                            <columns
                                jcr:primaryType="nt:unstructured"
                                sling:resourceType="granite/ui/components/foundation/container">
                                <items jcr:primaryType="nt:unstructured">
                                    <policymetadata
                                        jcr:primaryType="nt:unstructured"
                                        jcr:title="NorthStar Policy Meta Data"
                                        sling:resourceType="granite/ui/components/foundation/form/fieldset"
                                        description="Configure Policy titles,  sub policies and their links">
                                        <items jcr:primaryType="nt:unstructured">
                                            <menuitems
                                                jcr:primaryType="nt:unstructured"
                                                sling:resourceType="/apps/widgets/touchui-widgets/touchui_limit/touchui_limit.jsp"
                                                class="full-width"
                                                eaem-nested=""
                                                fieldLabel="Left Navigation items"
                                                name="./nooffileds">
                                                <field
                                                    jcr:primaryType="nt:unstructured"
                                                    sling:resourceType="granite/ui/components/foundation/form/fieldset"
                                                    baseName=""
                                                    eaem-nested="NODE_STORE"
                                                    name="./languageselect">
                                                    <layout
                                                        jcr:primaryType="nt:unstructured"
                                                        sling:resourceType="granite/ui/components/foundation/layouts/fixedcolumns"
                                                        method="absolute"/>
                                                    <items jcr:primaryType="nt:unstructured">
                                                        <column
                                                            jcr:primaryType="nt:unstructured"
                                                            sling:resourceType="granite/ui/components/foundation/container">
                                                            <items jcr:primaryType="nt:unstructured">
                                                                <name
                                                                    jcr:primaryType="nt:unstructured"
                                                                    sling:resourceType="granite/ui/components/foundation/form/textfield"
                                                                    allowBlank="false"
                                                                    fieldLabel="Link Title"
                                                                    width="400"/>
                                                                <link
                                                                    jcr:primaryType="nt:unstructured"
                                                                    sling:resourceType="granite/ui/components/foundation/form/pathbrowser"
                                                                    fieldDescription="Path of the page to be linked or the anchor id"
                                                                    fieldLabel="Link URL"
                                                                    linkPattern="\{0}.html"
                                                                    width="400"/>
                                                            </items>
                                                        </column>
                                                    </items>
                                                </field>
                                            </menuitems>
                                            <policytitle
                                                jcr:primaryType="nt:unstructured"
                                                sling:resourceType="granite/ui/components/foundation/form/textfield"
                                                fieldLabel="Policy Title"/>
                                            <subpolicytitle
                                                jcr:primaryType="nt:unstructured"
                                                sling:resourceType="granite/ui/components/foundation/form/textfield"
                                                fieldLabel="Sub-Policy Title"/>
                                            <policyid
                                                jcr:primaryType="nt:unstructured"
                                                sling:resourceType="granite/ui/components/foundation/form/textfield"
                                                fieldLabel="Policy Id"/>
                                        </items>
                                    </policymetadata>
                                    <boilerplatedata
                                        jcr:primaryType="nt:unstructured"
                                        jcr:title="NorthStar Boilerplate Data"
                                        sling:resourceType="granite/ui/components/foundation/form/fieldset">
                                        <items jcr:primaryType="nt:unstructured">
                                            <headerboilerplate
                                                jcr:primaryType="nt:unstructured"
                                                sling:resourceType="granite/ui/components/foundation/form/pathbrowser"
                                                fieldDescription="Path need to be entered in root level (language page)"
                                                fieldLabel="Path for Header Boilerplate"
                                                name="./headerpath"/>
                                            <footerboilerplate
                                                jcr:primaryType="nt:unstructured"
                                                sling:resourceType="granite/ui/components/foundation/form/pathbrowser"
                                                fieldDescription="Path need to be entered in root level (language page)"
                                                fieldLabel="Path for Footer Boilerplate"
                                                name="./footerpath"/>
                                            <flag
                                                jcr:primaryType="nt:unstructured"
                                                sling:resourceType="granite/ui/components/foundation/form/pathbrowser"
                                                fieldDescription="The flag image for the country"
                                                fieldLabel="Path of Country flag"
                                                name="./flag"
                                                rootPath="/content/dam/abbvie-northstar/flags"/>
                                        </items>
                                    </boilerplatedata>
                                    <sitemapdata
                                        jcr:primaryType="nt:unstructured"
                                        jcr:title="SiteMap MetaData"
                                        sling:resourceType="granite/ui/components/foundation/form/fieldset">
                                        <items jcr:primaryType="nt:unstructured">
                                            <footersitemap
                                                jcr:primaryType="nt:unstructured"
                                                sling:resourceType="granite/ui/components/foundation/form/checkbox"
                                                defaultValue="false"
                                                fieldDescription="Select to disable footer sitemap"
                                                fieldLabel="Disable Footer Sitemap"
                                                inputValue="true"
                                                name="./disablefootersitemap"
                                                text="Disable Footer Sitemap"
                                                uncheckedValue="false"
                                                value="true"/>
                                            <sitemapxml
                                                jcr:primaryType="nt:unstructured"
                                                sling:resourceType="granite/ui/components/foundation/form/checkbox"
                                                fieldDescription="Select checkbox to hide in Sitemap XML"
                                                fieldLabel="Hide in Sitemap XML"
                                                inputValue="true"
                                                name="./sitemapxml"
                                                text="Hide in Sitemap XML"
                                                uncheckedValue="false"
                                                value="true"/>
                                        </items>
                                    </sitemapdata>
                                    <loginredirecturl
                                        jcr:primaryType="nt:unstructured"
                                        sling:resourceType="granite/ui/components/foundation/form/pathbrowser"
                                        defaultValue="/content/abbvie-northstar/global/north-america/us/en_us/pages/login.html"
                                        fieldDescription="Please select Login page path"
                                        fieldLabel="Login Page URL"
                                        name="./loginredirecturl"
                                        rootPath="{Path}/content"/>
                                    <enablertl
                                        jcr:primaryType="nt:unstructured"
                                        sling:resourceType="granite/ui/components/foundation/form/checkbox"
                                        fieldDescription="Enable RTL support at page template level"
                                        fieldLabel="Enable RTL?"
                                        name="./rtlenabled"
                                        text="Enable RTL?"
                                        uncheckedValue="false"
                                        value="true"/>
                                    <enablertl-delete
                                        jcr:primaryType="nt:unstructured"
                                        sling:resourceType="granite/ui/components/foundation/form/hidden"
                                        name="./rtlenabled@Delete"
                                        value="{Boolean}true"/>
                                </items>
                            </columns>
                        </items>
                    </abbvie-northstar>
                </items>
            </tabs>
        </items>
    </content>
</jcr:root>
