<?xml version="1.0" encoding="UTF-8"?>
<jcr:root xmlns:cq="http://www.day.com/jcr/cq/1.0" xmlns:jcr="http://www.jcp.org/jcr/1.0"
    jcr:primaryType="cq:Dialog"
    title="Profile"
    xtype="dialog">
    <items
        jcr:primaryType="cq:Widget"
        xtype="tabpanel">
        <items jcr:primaryType="cq:WidgetCollection">
            <tab1
                jcr:primaryType="cq:Panel"
                title="Tab 1">
                <items jcr:primaryType="cq:WidgetCollection">
                    <profileheading
                        jcr:primaryType="cq:Widget"
                        fieldLabel="Profile Heading"
                        maxLength="41"
                        name="./profileheading"
                        xtype="textfield"/>
                    <uploadimgheading
                        jcr:primaryType="cq:Widget"
                        fieldLabel="Upload Image Heading"
                        maxLength="19"
                        name="./uploadimgheading"
                        xtype="textfield"/>
                    <browselabel
                        jcr:primaryType="cq:Widget"
                        fieldLabel="Browse Label"
                        maxLength="13"
                        name="./browselabel"
                        xtype="textfield"/>
                    <uploadlabel
                        jcr:primaryType="cq:Widget"
                        fieldLabel="Upload Label"
                        maxLength="13"
                        name="./uploadlabel"
                        xtype="textfield"/>
                    <managerlabel
                        jcr:primaryType="cq:Widget"
                        fieldLabel="Label Manager"
                        name="./managerlabel"
                        xtype="textfield"/>
                </items>
            </tab1>
            <advanced
                jcr:primaryType="cq:Panel"
                title="Advanced">
                <items jcr:primaryType="cq:WidgetCollection">
                    <filetype
                        jcr:primaryType="cq:Widget"
                        allowBlank="false"
                        fieldDescription="Only jpg,jpeg,gif,png extentions are allowed"
                        fieldLabel="File type"
                        name="./filetype"
                        xtype="textfield"/>
                    <filesize
                        jcr:primaryType="cq:Widget"
                        allowBlank="false"
                        fieldLabel="File Size"
                        name="./filesize"
                        xtype="numberfield"/>
                    <imgwidth
                        jcr:primaryType="cq:Widget"
                        allowBlank="false"
                        fieldLabel="Image Width"
                        name="./imgwidth"
                        xtype="numberfield"/>
                    <imgheight
                        jcr:primaryType="cq:Widget"
                        allowBlank="false"
                        fieldLabel="Image Height"
                        name="./imgheight"
                        xtype="numberfield"/>
                </items>
            </advanced>
        </items>
    </items>
</jcr:root>
