<?xml version="1.0" encoding="UTF-8"?>
<jcr:root xmlns:sling="http://sling.apache.org/jcr/sling/1.0" xmlns:cq="http://www.day.com/jcr/cq/1.0" xmlns:jcr="http://www.jcp.org/jcr/1.0" xmlns:nt="http://www.jcp.org/jcr/nt/1.0"
    jcr:primaryType="nt:unstructured"
    jcr:title="Columns control"
    sling:resourceType="cq/gui/components/authoring/dialog">
    <content
        jcr:primaryType="nt:unstructured"
        sling:resourceType="granite/ui/components/foundation/container">
        <layout
            jcr:primaryType="nt:unstructured"
            sling:resourceType="granite/ui/components/foundation/layouts/tabs"
            type="nav"/>
        <items jcr:primaryType="nt:unstructured">
            <tab1
                jcr:primaryType="nt:unstructured"
                jcr:title="General"
                sling:resourceType="granite/ui/components/foundation/container">
                <layout
                    jcr:primaryType="nt:unstructured"
                    sling:resourceType="granite/ui/components/foundation/layouts/fixedcolumns"/>
                <items jcr:primaryType="nt:unstructured">
                    <columns
                        jcr:primaryType="nt:unstructured"
                        sling:resourceType="granite/ui/components/foundation/container">
                        <items jcr:primaryType="nt:unstructured">
                            <columns
                                jcr:primaryType="nt:unstructured"
                                sling:resourceType="granite/ui/components/foundation/form/select"
                                defaultValue="1"
                                fieldLabel="No Of Columns"
                                name="./columns"
                                value="1">
                                <items jcr:primaryType="nt:unstructured">
                                    <onecolumn
                                        jcr:primaryType="nt:unstructured"
                                        text="One"
                                        value="1"/>
                                    <twocolumn
                                        jcr:primaryType="nt:unstructured"
                                        text="Two"
                                        value="2"/>
                                    <threecolumn
                                        jcr:primaryType="nt:unstructured"
                                        text="Three"
                                        value="3"/>
                                    <fourcolumn
                                        jcr:primaryType="nt:unstructured"
                                        text="Four"
                                        value="4"/>
                                    <fivecolumn
                                        jcr:primaryType="nt:unstructured"
                                        text="Five"
                                        value="5"/>
                                    <sixcolumn
                                        jcr:primaryType="nt:unstructured"
                                        text="Six"
                                        value="6"/>
                                    <sevencolumn
                                        jcr:primaryType="nt:unstructured"
                                        text="Seven"
                                        value="7"/>
                                    <eightcolumn
                                        jcr:primaryType="nt:unstructured"
                                        text="Eight"
                                        value="8"/>
                                    <ninecolumn
                                        jcr:primaryType="nt:unstructured"
                                        text="Nine"
                                        value="9"/>
                                    <tencolumn
                                        jcr:primaryType="nt:unstructured"
                                        text="Ten"
                                        value="10"/>
                                    <elevencolumn
                                        jcr:primaryType="nt:unstructured"
                                        text="Eleven"
                                        value="11"/>
                                    <twelvecolumn
                                        jcr:primaryType="nt:unstructured"
                                        text="Twelve"
                                        value="12"/>
                                </items>
                            </columns>
                            <mobile
                                jcr:primaryType="nt:unstructured"
                                sling:resourceType="granite/ui/components/foundation/form/checkbox"
                                fieldDescription="Select the checkbox to display columns one below another in mobile"
                                fieldLabel="Stack Columns In Mobile"
                                inputValue="stack-column"
                                name="./stackcol"
                                text="Stack Columns In Mobile"
                                value="stack-column"/>
                            <whitepanel
                                jcr:primaryType="nt:unstructured"
                                sling:resourceType="granite/ui/components/foundation/form/checkbox"
                                fieldDescription="Select to add white background with border to panel"
                                fieldLabel="White Panel"
                                inputValue="panel-pane border-pane"
                                name="./whitepanel"
                                text="White Panel"
                                value="panel-pane border-pane"/>
                        </items>
                    </columns>
                </items>
            </tab1>
        </items>
    </content>
</jcr:root>
