<?xml version="1.0" encoding="UTF-8"?>
<jcr:root xmlns:cq="http://www.day.com/jcr/cq/1.0" xmlns:jcr="http://www.jcp.org/jcr/1.0" xmlns:nt="http://www.jcp.org/jcr/nt/1.0"
    jcr:primaryType="cq:Dialog"
    xtype="dialog">
    <items
        jcr:primaryType="cq:Widget"
        xtype="tabpanel">
        <items jcr:primaryType="cq:WidgetCollection">
            <tab1
                jcr:primaryType="cq:Panel"
                title="Recommend Details">
                <items jcr:primaryType="cq:WidgetCollection">
                    <heading
                        jcr:primaryType="cq:Widget"
                        fieldLabel="Heading"
                        maxLength="11"
                        name="./heading"
                        xtype="textfield"/>
                    <headinglink
                        jcr:primaryType="cq:Widget"
                        editable="{Boolean}false"
                        fieldLabel="Heading Link"
                        linkPattern="\{0}.html"
                        name="./headinglink"
                        rootPath="/content/devuniversity"
                        xtype="pathfield"/>
                    <headingcolor
                        jcr:primaryType="cq:Widget"
                        defaultValue="blue"
                        fieldLabel="Heading Background Color"
                        name="./headingcolor"
                        type="select"
                        xtype="selection">
                        <options jcr:primaryType="cq:WidgetCollection">
                            <brown
                                jcr:primaryType="nt:unstructured"
                                text="Orange"
                                value="brown"/>
                            <purple
                                jcr:primaryType="nt:unstructured"
                                text="Purple"
                                value="purple"/>
                            <blue
                                jcr:primaryType="nt:unstructured"
                                text="Blue"
                                value="blue"/>
                            <aqua
                                jcr:primaryType="nt:unstructured"
                                text="Teal"
                                value="aqua"/>
                            <lightpurple
                                jcr:primaryType="nt:unstructured"
                                text="Magenta"
                                value="light-purple"/>
                        </options>
                    </headingcolor>
                    <learningresourcelabel
                        jcr:primaryType="cq:Widget"
                        fieldLabel="Learning Resource Label"
                        maxLength="11"
                        name="./learningresourcelabel"
                        xtype="textfield"/>
                    <learningresourceicon
                        jcr:primaryType="cq:Widget"
                        fieldLabel="Learning Resource Icon"
                        name="./learningresourceicon"
                        rootPath="/content/dam/devuniversity"
                        xtype="pathfield"/>
                    <learningpathlabel
                        jcr:primaryType="cq:Widget"
                        fieldLabel="Learning Path Label"
                        maxLength="11"
                        name="./learningpathlabel"
                        xtype="textfield"/>
                    <learningpathicon
                        jcr:primaryType="cq:Widget"
                        fieldLabel="Learning Path Icon"
                        name="./learningpathicon"
                        rootPath="/content/dam/devuniversity"
                        xtype="pathfield"/>
                    <learningjourneylabel
                        jcr:primaryType="cq:Widget"
                        fieldLabel="Learning Journey Label"
                        maxLength="11"
                        name="./learningjourneylabel"
                        xtype="textfield"/>
                    <learningjourneyicon
                        jcr:primaryType="cq:Widget"
                        fieldLabel="Learning Journey Icon"
                        name="./learningjourneyicon"
                        rootPath="/content/dam/devuniversity"
                        xtype="pathfield"/>
                    <noofitems
                        jcr:primaryType="cq:Widget"
                        fieldLabel="No of items to display"
                        name="./noofitems"
                        xtype="numberfield"/>
                </items>
            </tab1>
        </items>
    </items>
</jcr:root>
