<?xml version="1.0" encoding="UTF-8"?>
<jcr:root xmlns:sling="http://sling.apache.org/jcr/sling/1.0" xmlns:cq="http://www.day.com/jcr/cq/1.0" xmlns:jcr="http://www.jcp.org/jcr/1.0" xmlns:nt="http://www.jcp.org/jcr/nt/1.0"
    jcr:primaryType="nt:unstructured"
    jcr:title="accordion-dialog"
    sling:resourceType="cq/gui/components/authoring/dialog">
    <content
        jcr:primaryType="nt:unstructured"
        sling:resourceType="granite/ui/components/foundation/container">
        <layout
            jcr:primaryType="nt:unstructured"
            sling:resourceType="granite/ui/components/foundation/layouts/tabs"
            type="nav"/>
        <items jcr:primaryType="nt:unstructured">
            <tab1
                jcr:primaryType="nt:unstructured"
                jcr:title="Accordion"
                sling:resourceType="granite/ui/components/foundation/container">
                <layout
                    jcr:primaryType="nt:unstructured"
                    sling:resourceType="granite/ui/components/foundation/layouts/fixedcolumns"/>
                <items jcr:primaryType="nt:unstructured">
                    <columns
                        jcr:primaryType="nt:unstructured"
                        sling:resourceType="granite/ui/components/foundation/container">
                        <items jcr:primaryType="nt:unstructured">
                            <label
                                jcr:primaryType="nt:unstructured"
                                sling:resourceType="granite/ui/components/foundation/form/textfield"
                                allowBlank="{Boolean}false"
                                fieldLabel="Accordion Label"
                                name="./label"/>
                            <multi
                                jcr:primaryType="nt:unstructured"
                                sling:resourceType="granite/ui/components/foundation/form/multifield"
                                aem-composit-multifield=""
                                class="full-width"
                                eaem-nested=""
                                fieldDescription="Click the '+' to add a new Link."
                                fieldLabel="List of Links"
                                fieldName="List of Links"
                                name="./accordtext">
                                <field
                                    jcr:primaryType="nt:unstructured"
                                    sling:resourceType="granite/ui/components/foundation/form/fieldset"
                                    eaem-nested=""
                                    name="./accordtext">
                                    <layout
                                        jcr:primaryType="nt:unstructured"
                                        sling:resourceType="granite/ui/components/foundation/layouts/fixedcolumns"
                                        method="absolute"/>
                                    <items jcr:primaryType="nt:unstructured">
                                        <column
                                            jcr:primaryType="nt:unstructured"
                                            sling:resourceType="granite/ui/components/foundation/container">
                                            <items jcr:primaryType="nt:unstructured">
                                                <title
                                                    jcr:primaryType="nt:unstructured"
                                                    sling:resourceType="granite/ui/components/foundation/form/textfield"
                                                    fieldLabel="Title"
                                                    name="./title"/>
                                                <link
                                                    jcr:primaryType="nt:unstructured"
                                                    sling:resourceType="granite/ui/components/foundation/form/pathbrowser"
                                                    fieldLabel="Link"
                                                    linkPattern="\{0}.html"
                                                    name="./link"
                                                    rootPath="/content/abbvie-northstar"/>
                                                <newtabcheckbox
                                                    jcr:primaryType="nt:unstructured"
                                                    sling:resourceType="granite/ui/components/foundation/form/checkbox"
                                                    fieldLabel="Open in new tab?"
                                                    name="./newtabcheckbox"
                                                    text="Open in new tab?"
                                                    value="{Boolean}true"/>
                                            </items>
                                        </column>
                                    </items>
                                </field>
                            </multi>
                            <type
                                jcr:primaryType="nt:unstructured"
                                sling:resourceType="granite/ui/components/foundation/form/select"
                                fieldLabel="Color type"
                                name="./colortype">
                                <items jcr:primaryType="nt:unstructured">
                                    <dark-blue
                                        jcr:primaryType="nt:unstructured"
                                        text="Dark-Blue"
                                        value="dark-blue"/>
                                    <blue
                                        jcr:primaryType="nt:unstructured"
                                        text="Blue"
                                        value="blue"/>
                                    <orange
                                        jcr:primaryType="nt:unstructured"
                                        text="Orange"
                                        value="orange"/>
                                    <aqua-blue
                                        jcr:primaryType="nt:unstructured"
                                        text="Aqua-Blue"
                                        value="aqua-blue"/>
                                    <purple
                                        jcr:primaryType="nt:unstructured"
                                        text="Purple"
                                        value="purple"/>
                                    <grey
                                        jcr:primaryType="nt:unstructured"
                                        text="Grey"
                                        value="grey"/>
                                </items>
                            </type>
                            <expand
                                jcr:primaryType="nt:unstructured"
                                sling:resourceType="granite/ui/components/foundation/form/textfield"
                                fieldLabel="Text for Expand"
                                maxLength="15"
                                name="./expand"/>
                            <collapse
                                jcr:primaryType="nt:unstructured"
                                sling:resourceType="granite/ui/components/foundation/form/textfield"
                                fieldLabel="Text for Collapse"
                                maxLength="15"
                                name="./collapse"/>
                            <expandaccordion
                                jcr:primaryType="nt:unstructured"
                                sling:resourceType="granite/ui/components/foundation/form/checkbox"
                                defaultValue="{Boolean}true"
                                fieldDescription="Should the Accordion be expanded on page loaded?"
                                fieldLabel="Expand this accordion?"
                                name="./expandaccordion"
                                text="Expand this accordion?"
                                value="{Boolean}true"/>
                        </items>
                    </columns>
                </items>
            </tab1>
        </items>
    </content>
</jcr:root>
