<?xml version="1.0" encoding="UTF-8"?>
<jcr:root xmlns:sling="http://sling.apache.org/jcr/sling/1.0" xmlns:cq="http://www.day.com/jcr/cq/1.0" xmlns:jcr="http://www.jcp.org/jcr/1.0" xmlns:nt="http://www.jcp.org/jcr/nt/1.0" xmlns:rep="internal"
    jcr:primaryType="nt:unstructured"
    jcr:title="Image Text"
    sling:resourceType="cq/gui/components/authoring/dialog"
    helpPath="en/cq/current/wcm/default_components.html#Text">
    <content
        jcr:primaryType="nt:unstructured"
        sling:resourceType="granite/ui/components/foundation/container">
        <layout
            jcr:primaryType="nt:unstructured"
            sling:resourceType="granite/ui/components/foundation/layouts/tabs"
            type="nav"/>
        <items jcr:primaryType="nt:unstructured">
            <tab1
                jcr:primaryType="nt:unstructured"
                jcr:title="Image"
                sling:resourceType="granite/ui/components/foundation/container">
                <layout
                    jcr:primaryType="nt:unstructured"
                    sling:resourceType="granite/ui/components/foundation/layouts/fixedcolumns"/>
                <items jcr:primaryType="nt:unstructured">
                    <columns
                        jcr:primaryType="nt:unstructured"
                        sling:resourceType="granite/ui/components/foundation/container">
                        <items jcr:primaryType="nt:unstructured">
                            <image
                                jcr:primaryType="nt:unstructured"
                                sling:resourceType="granite/ui/components/foundation/form/fileupload"
                                autoStart="{Boolean}false"
                                class="cq-droptarget"
                                fieldLabel="Image"
                                fileNameParameter="./imageName"
                                fileReferenceParameter="./imageReference"
                                mimeTypes="[image]"
                                multiple="{Boolean}false"
                                name="./image"
                                title="Upload Image"
                                uploadUrl="${suffix.path}"
                                useHTML5="{Boolean}true"/>
                            <imagePosition
                                jcr:primaryType="nt:unstructured"
                                sling:resourceType="granite/ui/components/foundation/form/select"
                                fieldLabel="Image Position"
                                name="./imagePosition">
                                <items jcr:primaryType="nt:unstructured">
                                    <left
                                        jcr:primaryType="nt:unstructured"
                                        text="Left"
                                        value="fleft"/>
                                    <right
                                        jcr:primaryType="nt:unstructured"
                                        text="Right"
                                        value="fright"/>
                                    <top
                                        jcr:primaryType="nt:unstructured"
                                        text="Top"
                                        value="top"/>
                                    <center
                                        jcr:primaryType="nt:unstructured"
                                        text="Center"
                                        value="text-center"/>
                                    <none
                                        jcr:primaryType="nt:unstructured"
                                        text="None"
                                        value=" "/>
                                </items>
                            </imagePosition>
                        </items>
                    </columns>
                </items>
            </tab1>
            <tab2
                jcr:primaryType="nt:unstructured"
                jcr:title="Advanced"
                sling:resourceType="granite/ui/components/foundation/container">
                <layout
                    jcr:primaryType="nt:unstructured"
                    sling:resourceType="granite/ui/components/foundation/layouts/fixedcolumns"/>
                <items jcr:primaryType="nt:unstructured">
                    <columns
                        jcr:primaryType="nt:unstructured"
                        sling:resourceType="granite/ui/components/foundation/container">
                        <items jcr:primaryType="nt:unstructured">
                            <alttext
                                jcr:primaryType="nt:unstructured"
                                sling:resourceType="granite/ui/components/foundation/form/textfield"
                                fieldLabel="Alt Text For Image"
                                name="./alttext"/>
                            <linkurl
                                jcr:primaryType="nt:unstructured"
                                sling:resourceType="granite/ui/components/foundation/form/pathbrowser"
                                fieldDescription="Select the Link"
                                fieldLabel="Link For Image"
                                name="./imagelink"
                                rootPath="/content/abbvie-northstar"/>
                            <openinnewwindow
                                jcr:primaryType="nt:unstructured"
                                sling:resourceType="granite/ui/components/foundation/form/checkbox"
                                name="./openUrlInNewWindow"
                                text="Open in new window"
                                value="{Boolean}true"/>
                            <rtetext
                                jcr:primaryType="nt:unstructured"
                                sling:resourceType="cq/gui/components/authoring/dialog/richtext"
                                fieldLabel="Text"
                                name="./rtetext"
                                useFixedInlineToolbar="{Boolean}true">
                                <rtePlugins jcr:primaryType="nt:unstructured">
                                    <table
                                        jcr:primaryType="nt:unstructured"
                                        features="*"/>
                                    <paraformat
                                        jcr:primaryType="nt:unstructured"
                                        features="*">
                                        <formats jcr:primaryType="nt:unstructured">
                                            <format1
                                                jcr:primaryType="nt:unstructured"
                                                description="Heading 1"
                                                tag="h1"/>
                                            <format2
                                                jcr:primaryType="nt:unstructured"
                                                description="Heading 2"
                                                tag="h2"/>
                                            <format3
                                                jcr:primaryType="nt:unstructured"
                                                description="Heading 3"
                                                tag="h3"/>
                                            <format4
                                                jcr:primaryType="nt:unstructured"
                                                description="Heading 4"
                                                tag="h4"/>
                                            <format5
                                                jcr:primaryType="nt:unstructured"
                                                description="paragraph"
                                                tag="p"/>
                                            <format6
                                                jcr:primaryType="nt:unstructured"
                                                description="Heading 6"
                                                tag="h6"/>
                                        </formats>
                                    </paraformat>
                                    <undo
                                        jcr:primaryType="nt:unstructured"
                                        features="*"/>
                                    <subsuperscript
                                        jcr:primaryType="nt:unstructured"
                                        features="*"/>
                                    <edit
                                        jcr:primaryType="nt:unstructured"
                                        features="[cut,copy,paste-plaintext]"/>
                                    <findreplace
                                        jcr:mixinTypes="[rep:AccessControllable]"
                                        jcr:primaryType="nt:unstructured"
                                        features="*"/>
                                    <format
                                        jcr:primaryType="nt:unstructured"
                                        features="[bold,italic,underline]"/>
                                    <spellcheck
                                        jcr:primaryType="nt:unstructured"
                                        features="*"/>
                                    <lists
                                        jcr:mixinTypes="[rep:AccessControllable]"
                                        jcr:primaryType="nt:unstructured"
                                        features="*"/>
                                    <justify
                                        jcr:primaryType="nt:unstructured"
                                        features="*"/>
                                    <links
                                        jcr:primaryType="nt:unstructured"
                                        features="*">
                                        <linkDialogConfig
                                            jcr:primaryType="nt:unstructured"
                                            height="{Long}316">
                                            <linkAttributes jcr:primaryType="nt:unstructured">
                                                <linkAdvanced
                                                    jcr:primaryType="nt:unstructured"
                                                    sling:resourceType="granite/ui/components/foundation/form/fieldset"
                                                    collapsed="{Boolean}true"
                                                    collapsible="{Boolean}true"
                                                    inputValue="advanced"
                                                    name="./linkdialog/cq:adhocLinkTrackingTab"
                                                    title="Link tracking">
                                                    <items jcr:primaryType="nt:unstructured">
                                                        <enable
                                                            jcr:primaryType="nt:unstructured"
                                                            attribute="enabletracking"
                                                            fieldDescription="override analytics framework settings"
                                                            fieldLabel="Custom link tracking"
                                                            name="./linkdialog/cq:adhocLinkTrackingEnableTracking"
                                                            xtype="checkbox">
                                                            <listeners
                                                                jcr:primaryType="nt:unstructured"
                                                                check="function(component){var dlg=component.findParentByType('rtelinkdialog');dlg.enableSCFields(component.checked);}"/>
                                                        </enable>
                                                        <events
                                                            jcr:primaryType="nt:unstructured"
                                                            attribute="adhocevents"
                                                            fieldDescription="e.g.: event2, event7"
                                                            fieldLabel="Include SiteCatalyst events"
                                                            name="./linkdialog/cq:adhocLinkTrackingEvents"
                                                            xtype="textfield"/>
                                                        <evars
                                                            jcr:primaryType="nt:unstructured"
                                                            attribute="adhocevars"
                                                            fieldDescription="e.g.: eVar1: pagedata.url, prop4: 'const'"
                                                            fieldLabel="Include SiteCatalyst variables"
                                                            name="./linkdialog/cq:adhocLinkTrackingEvars"
                                                            xtype="textfield"/>
                                                    </items>
                                                </linkAdvanced>
                                            </linkAttributes>
                                        </linkDialogConfig>
                                    </links>
                                    <misctools
                                        jcr:mixinTypes="[rep:AccessControllable]"
                                        jcr:primaryType="nt:unstructured"
                                        features="*"/>
                                </rtePlugins>
                            </rtetext>
                            <mobile
                                jcr:primaryType="nt:unstructured"
                                sling:resourceType="granite/ui/components/foundation/form/checkbox"
                                name="./mobileimage"
                                text="Media centered in mobile "
                                value="{Boolean}true"/>
                        </items>
                    </columns>
                </items>
            </tab2>
        </items>
    </content>
</jcr:root>
