<?xml version="1.0" encoding="UTF-8"?>
<jcr:root xmlns:cq="http://www.day.com/jcr/cq/1.0" xmlns:jcr="http://www.jcp.org/jcr/1.0" xmlns:nt="http://www.jcp.org/jcr/nt/1.0"
    jcr:primaryType="cq:Dialog"
    title="Footer"
    width="1000"
    xtype="dialog">
    <items jcr:primaryType="cq:TabPanel">
        <items jcr:primaryType="cq:WidgetCollection">
            <footerlinks
                jcr:primaryType="cq:Panel"
                title="Footer Links">
                <items jcr:primaryType="cq:WidgetCollection">
                    <multilinks
                        jcr:primaryType="cq:Widget"
                        customMultiFieldName="./footerfields"
                        fieldDescription="Click the '+' to add a new Link."
                        fieldLabel="Footer Links"
                        id="slideimagefields"
                        maxItems="5"
                        name="./slideimagenooffileds"
                        xtype="custommultifield">
                        <fieldConfig jcr:primaryType="cq:WidgetCollection">
                            <linktext
                                jcr:primaryType="cq:Widget"
                                fieldLabel="Link Text"
                                name="./linktext"
                                xtype="textfield"/>
                            <linkurl
                                jcr:primaryType="cq:Widget"
                                fieldLabel="Link URL"
                                linkPattern="\{0}.html"
                                name="./linkurl"
                                rootPath="/content/dtyb"
                                xtype="pathfield"/>
                        </fieldConfig>
                    </multilinks>
                    <youtubetext
                        jcr:primaryType="cq:Widget"
                        fieldLabel="Youtube Text"
                        name="./youtubetext"
                        xtype="textfield"/>
                    <youtubeurl
                        jcr:primaryType="cq:Widget"
                        fieldLabel="Youtube URL"
                        name="./youtubeurl"
                        rootPath="/content/dtyb"
                        xtype="pathfield"/>
                    <mlr
                        jcr:primaryType="cq:Widget"
                        fieldLabel="MLR Number"
                        name="./mlrnum"
                        xtype="textfield"/>
                </items>
            </footerlinks>
            <content
                jcr:primaryType="cq:Panel"
                title="Content">
                <items jcr:primaryType="cq:WidgetCollection">
                    <shorttext
                        jcr:primaryType="cq:Widget"
                        fieldLabel="Enter Copyright Text"
                        name="./shorttext"
                        xtype="textfield"/>
                    <description
                        jcr:primaryType="cq:Widget"
                        fieldLabel="Enter Description"
                        name="./description"
                        xtype="richtext">
                        <rtePlugins jcr:primaryType="nt:unstructured">
                            <links
                                jcr:primaryType="nt:unstructured"
                                features="[-]">
                                <linkDialogConfig
                                    jcr:primaryType="nt:unstructured"
                                    height="{Long}316">
                                    <linkAttributes jcr:primaryType="cq:WidgetCollection">
                                        <linkAdvanced
                                            jcr:primaryType="cq:Widget"
                                            collapsed="{Boolean}true"
                                            collapsible="{Boolean}true"
                                            inputValue="advanced"
                                            name="./linkdialog/cq:adhocLinkTrackingTab"
                                            title="Link tracking"
                                            xtype="dialogfieldset">
                                            <items jcr:primaryType="cq:WidgetCollection">
                                                <enable
                                                    jcr:primaryType="nt:unstructured"
                                                    attribute="enabletracking"
                                                    fieldDescription="override analytics framework settings"
                                                    fieldLabel="Custom link tracking"
                                                    name="./linkdialog/cq:adhocLinkTrackingEnableTracking"
                                                    xtype="checkbox">
                                                    <listeners
                                                        jcr:primaryType="nt:unstructured"
                                                        check="function(component){var dlg=component.findParentByType('rtelinkdialog');dlg.enableSCFields(component.checked);}"/>
                                                </enable>
                                                <evars
                                                    jcr:primaryType="nt:unstructured"
                                                    attribute="adhocevars"
                                                    fieldDescription="e.g.: eVar1: pagedata.url, prop4: 'const'"
                                                    fieldLabel="Include SiteCatalyst variables"
                                                    name="./linkdialog/cq:adhocLinkTrackingEvars"
                                                    xtype="textfield"/>
                                                <events
                                                    jcr:primaryType="nt:unstructured"
                                                    attribute="adhocevents"
                                                    fieldDescription="e.g.: event2, event7"
                                                    fieldLabel="Include SiteCatalyst events"
                                                    name="./linkdialog/cq:adhocLinkTrackingEvents"
                                                    xtype="textfield"/>
                                            </items>
                                        </linkAdvanced>
                                    </linkAttributes>
                                </linkDialogConfig>
                            </links>
                            <paraformat
                                jcr:primaryType="nt:unstructured"
                                features="*">
                                <formats jcr:primaryType="cq:WidgetCollection">
                                    <heading1
                                        jcr:primaryType="nt:unstructured"
                                        description="Heading 1"
                                        tag="h1"/>
                                    <heading2
                                        jcr:primaryType="nt:unstructured"
                                        description="Heading 2"
                                        tag="h2"/>
                                    <heading3
                                        jcr:primaryType="nt:unstructured"
                                        description="Heading 3"
                                        tag="h3"/>
                                    <heading4
                                        jcr:primaryType="nt:unstructured"
                                        description="Heading 4"
                                        tag="h4"/>
                                    <heading5
                                        jcr:primaryType="nt:unstructured"
                                        description="Heading 5"
                                        tag="h5"/>
                                    <heading6
                                        jcr:primaryType="nt:unstructured"
                                        description="Heading 6"
                                        tag="h6"/>
                                    <paragraph
                                        jcr:primaryType="nt:unstructured"
                                        description="Paragraph"
                                        tag="p"/>
                                </formats>
                            </paraformat>
                        </rtePlugins>
                    </description>
                </items>
            </content>
            <advanced
                jcr:primaryType="cq:Widget"
                title="Advanced"
                xtype="panel">
                <items jcr:primaryType="cq:WidgetCollection">
                    <popuptitle
                        jcr:primaryType="cq:Widget"
                        fieldLabel="Title for external popup"
                        name="./popuptitle"
                        xtype="textfield"/>
                    <exitramptext
                        jcr:primaryType="cq:Widget"
                        fieldLabel="Enter the text for the Pop-up"
                        name="./exitramp"
                        xtype="textarea"/>
                    <title
                        jcr:primaryType="cq:Widget"
                        fieldLabel="Title"
                        name="./imagetitle"
                        xtype="textfield"/>
                    <alttext
                        jcr:primaryType="cq:Widget"
                        fieldLabel="Alt Text"
                        name="./alttext"
                        xtype="textfield"/>
                    <linkURL
                        jcr:primaryType="cq:Widget"
                        allowBlank="false"
                        fieldLabel="Link for logo"
                        linkPattern="\{0}.html"
                        name="./logolink"
                        rootPath="/content/dtyb"
                        xtype="pathfield"/>
                </items>
            </advanced>
            <image
                jcr:primaryType="cq:Widget"
                allowBlank="false"
                allowUpload="{Boolean}false"
                ddGroups="[media]"
                fieldLabel="Image"
                fileNameParameter="./imageName"
                fileReferenceParameter="./imageReference"
                name="./image"
                sizeLimit="100"
                title="Image"
                xtype="html5smartimage"/>
            <others
                jcr:primaryType="cq:Panel"
                title="Others">
                <items jcr:primaryType="cq:WidgetCollection">
                    <Images
                        jcr:primaryType="cq:Widget"
                        collapsed="{Boolean}true"
                        collapsible="{Boolean}true"
                        title="Images"
                        xtype="dialogfieldset">
                        <items jcr:primaryType="cq:WidgetCollection">
                            <imagemultilinks
                                jcr:primaryType="cq:Widget"
                                customMultiFieldName="./footerimagefields"
                                fieldDescription="Click the '+' to add a new Link."
                                fieldLabel="Image paths"
                                id="slidefields"
                                maxItems="4"
                                name="./slidenooffields"
                                xtype="custommultifield">
                                <fieldConfig jcr:primaryType="cq:WidgetCollection">
                                    <imagelink
                                        jcr:primaryType="cq:Widget"
                                        fieldLabel="Link URL"
                                        name="./imagelink"
                                        rootPath="/content/dtyb"
                                        xtype="pathfield"/>
                                    <imagepath
                                        jcr:primaryType="cq:Widget"
                                        allowBlank="false"
                                        fieldLabel="Image URL"
                                        name="./imagepath"
                                        rootPath="/content/dam/dtyb"
                                        xtype="pathfield"/>
                                </fieldConfig>
                            </imagemultilinks>
                        </items>
                    </Images>
                    <text
                        jcr:primaryType="cq:Widget"
                        fieldLabel="Enter text"
                        name="./imageText"
                        xtype="textarea"/>
                </items>
            </others>
            <text
                jcr:primaryType="cq:Widget"
                enableSubSuperScript="{Boolean}true"
                externalStyleSheets="[/etc/designs/dtyb/clientlibs/css/style.css,/etc/designs/dtyb/clientlibs/css/bootstrap.css]"
                fieldDescription="For a new Line: Press(Shift +Enter) and for a new paragraph press (Enter)"
                fieldLabel="Text Area"
                name="./datetext"
                title="date"
                xtype="richtext">
                <rtePlugins
                    jcr:primaryType="nt:unstructured"
                    features="*">
                    <color
                        jcr:primaryType="nt:unstructured"
                        features="*">
                        <styles jcr:primaryType="cq:WidgetCollection">
                            <blue
                                jcr:primaryType="nt:unstructured"
                                cssName="blue"
                                text="Blue"/>
                            <green
                                jcr:primaryType="nt:unstructured"
                                cssName="green"
                                text="Green"/>
                            <indigo
                                jcr:primaryType="nt:unstructured"
                                cssName="indigo"
                                text="Indigo"/>
                            <orange
                                jcr:primaryType="nt:unstructured"
                                cssName="orange"
                                text="Orange"/>
                            <red
                                jcr:primaryType="nt:unstructured"
                                cssName="red"
                                text="Red"/>
                            <violet
                                jcr:primaryType="nt:unstructured"
                                cssName="violet"
                                text="Violet"/>
                            <yellow
                                jcr:primaryType="nt:unstructured"
                                cssName="yellow"
                                text="Yellow"/>
                        </styles>
                    </color>
                    <edit
                        jcr:primaryType="nt:unstructured"
                        features="*"/>
                    <font
                        jcr:primaryType="nt:unstructured"
                        features="*"/>
                    <format
                        jcr:primaryType="nt:unstructured"
                        features="*"/>
                    <image
                        jcr:primaryType="nt:unstructured"
                        features="*"/>
                    <justify
                        jcr:primaryType="nt:unstructured"
                        features="*"/>
                    <links jcr:primaryType="nt:unstructured">
                        <linkDialogConfig
                            jcr:primaryType="nt:unstructured"
                            height="{Long}316">
                            <linkAttributes jcr:primaryType="cq:WidgetCollection">
                                <linkAdvanced
                                    jcr:primaryType="cq:Widget"
                                    collapsed="{Boolean}true"
                                    collapsible="{Boolean}true"
                                    inputValue="advanced"
                                    name="./linkdialog/cq:adhocLinkTrackingTab"
                                    title="Link tracking"
                                    xtype="dialogfieldset">
                                    <items jcr:primaryType="cq:WidgetCollection">
                                        <enable
                                            jcr:primaryType="nt:unstructured"
                                            attribute="enabletracking"
                                            fieldDescription="override analytics framework settings"
                                            fieldLabel="Custom link tracking"
                                            name="./linkdialog/cq:adhocLinkTrackingEnableTracking"
                                            xtype="checkbox">
                                            <listeners
                                                jcr:primaryType="nt:unstructured"
                                                check="function(component){var dlg=component.findParentByType('rtelinkdialog');dlg.enableSCFields(component.checked);}"/>
                                        </enable>
                                        <evars
                                            jcr:primaryType="nt:unstructured"
                                            attribute="adhocevars"
                                            fieldDescription="e.g.: eVar1: pagedata.url, prop4: 'const'"
                                            fieldLabel="Include SiteCatalyst variables"
                                            name="./linkdialog/cq:adhocLinkTrackingEvars"
                                            xtype="textfield"/>
                                        <events
                                            jcr:primaryType="nt:unstructured"
                                            attribute="adhocevents"
                                            fieldDescription="e.g.: event2, event7"
                                            fieldLabel="Include SiteCatalyst events"
                                            name="./linkdialog/cq:adhocLinkTrackingEvents"
                                            xtype="textfield"/>
                                    </items>
                                </linkAdvanced>
                            </linkAttributes>
                        </linkDialogConfig>
                    </links>
                    <lists
                        jcr:primaryType="nt:unstructured"
                        features="*"/>
                    <misctools
                        jcr:primaryType="nt:unstructured"
                        features="[specialchars,sourceedit]">
                        <specialCharsConfig jcr:primaryType="nt:unstructured">
                            <chars jcr:primaryType="nt:unstructured">
                                <bracket
                                    jcr:primaryType="nt:unstructured"
                                    entity="&amp;#187;"/>
                            </chars>
                        </specialCharsConfig>
                    </misctools>
                    <paraformat
                        jcr:primaryType="nt:unstructured"
                        features="*">
                        <formats jcr:primaryType="cq:WidgetCollection">
                            <heading1
                                jcr:primaryType="nt:unstructured"
                                description="Heading 1"
                                tag="h1"/>
                            <heading2
                                jcr:primaryType="nt:unstructured"
                                description="Heading 2"
                                tag="h2"/>
                            <heading3
                                jcr:primaryType="nt:unstructured"
                                description="Heading 3"
                                tag="h3"/>
                            <heading4
                                jcr:primaryType="nt:unstructured"
                                description="Heading 4"
                                tag="h4"/>
                            <heading5
                                jcr:primaryType="nt:unstructured"
                                description="Heading 5"
                                tag="h5"/>
                            <heading6
                                jcr:primaryType="nt:unstructured"
                                description="Heading 6"
                                tag="h6"/>
                            <paragraph
                                jcr:primaryType="nt:unstructured"
                                description="Paragraph"
                                tag="p"/>
                        </formats>
                    </paraformat>
                    <styles
                        jcr:primaryType="nt:unstructured"
                        features="*">
                        <styles jcr:primaryType="cq:WidgetCollection">
                            <viewMoreLink
                                jcr:primaryType="nt:unstructured"
                                cssName="viewMoreLink"
                                text="Blue-Underlined Links"/>
                            <exitramp
                                jcr:primaryType="nt:unstructured"
                                cssName="dtyb-ext-link"
                                text="External Link"/>
                        </styles>
                    </styles>
                    <table
                        jcr:primaryType="nt:unstructured"
                        features="*"/>
                    <undo
                        jcr:primaryType="nt:unstructured"
                        features="[undo]"/>
                </rtePlugins>
            </text>
        </items>
    </items>
</jcr:root>
