<?xml version="1.0" encoding="UTF-8"?>
<jcr:root xmlns:cq="http://www.day.com/jcr/cq/1.0" xmlns:jcr="http://www.jcp.org/jcr/1.0"
    cq:lastReplicated="{Date}2014-09-15T09:44:09.877-04:00"
    cq:lastReplicatedBy="sagark"
    cq:lastReplicationAction="Activate"
    jcr:mixinTypes="[cq:ReplicationStatus]"
    jcr:primaryType="cq:Dialog"
    title="Social Plugins"
    width="1000"
    xtype="dialog">
    <items
        jcr:primaryType="cq:Widget"
        xtype="tabpanel">
        <items jcr:primaryType="cq:WidgetCollection">
            <tab1
                jcr:primaryType="cq:Panel"
                title="Facebook details">
                <items jcr:primaryType="cq:WidgetCollection">
                    <url
                        jcr:primaryType="cq:Widget"
                        allowBlank="false"
                        fieldDescription="Leave empty to use the current page."
                        fieldLabel="Facebook Page URL"
                        name="./url"
                        xtype="textfield"/>
                    <appid
                        jcr:primaryType="cq:Widget"
                        fieldLabel="App Id"
                        name="./appid"
                        xtype="numberfield"/>
                    <fbtext
                        jcr:primaryType="cq:Widget"
                        fieldLabel="Facebook Text"
                        name="./fbtext"
                        xtype="textfield"/>
                </items>
            </tab1>
            <tab2
                jcr:primaryType="cq:Panel"
                title="Social icons">
                <items jcr:primaryType="cq:WidgetCollection">
                    <socialicons
                        jcr:primaryType="cq:Widget"
                        collapsed="{Boolean}true"
                        collapsible="{Boolean}true"
                        title="Social Icons"
                        xtype="dialogfieldset">
                        <items jcr:primaryType="cq:WidgetCollection">
                            <socialmultilinks
                                jcr:primaryType="cq:Widget"
                                customMultiFieldName="./socialiconfields"
                                fieldDescription="Click the '+' to add a new Link."
                                fieldLabel="Social Icons"
                                id="iconfields"
                                maxItems="4"
                                name="./iconnooffields"
                                xtype="custommultifield">
                                <fieldConfig jcr:primaryType="cq:WidgetCollection">
                                    <iconlink
                                        jcr:primaryType="cq:Widget"
                                        allowBlank="false"
                                        fieldLabel="Icon Link"
                                        name="./iconlink"
                                        rootPath="/content/dtyb"
                                        xtype="pathfield"/>
                                    <iconpath
                                        jcr:primaryType="cq:Widget"
                                        allowBlank="false"
                                        fieldLabel="Icon URL"
                                        name="./iconpath"
                                        rootPath="/content/dam/dtyb"
                                        xtype="pathfield"/>
                                    <iconhoverpath
                                        jcr:primaryType="cq:Widget"
                                        allowBlank="false"
                                        fieldLabel="Icon Hover URL"
                                        name="./iconhoverpath"
                                        rootPath="/content/dam/dtyb"
                                        xtype="pathfield"/>
                                </fieldConfig>
                            </socialmultilinks>
                        </items>
                    </socialicons>
                    <socialtxt
                        jcr:primaryType="cq:Widget"
                        fieldLabel="Social Icon Text"
                        name="./socialtxt"
                        xtype="textfield"/>
                </items>
            </tab2>
        </items>
    </items>
</jcr:root>
