<?xml version="1.0" encoding="UTF-8"?>
<jcr:root xmlns:cq="http://www.day.com/jcr/cq/1.0" xmlns:jcr="http://www.jcp.org/jcr/1.0" xmlns:nt="http://www.jcp.org/jcr/nt/1.0"
    jcr:primaryType="cq:Dialog"
    fieldEditLockMode="{Boolean}true"
    title="Advanced Accordion"
    xtype="dialog">
    <items
        jcr:primaryType="cq:Widget"
        xtype="tabpanel">
        <items jcr:primaryType="cq:WidgetCollection">
            <tab1
                jcr:primaryType="cq:Panel"
                title="Advanced Accordion">
                <items jcr:primaryType="cq:WidgetCollection">
                    <label
                        jcr:primaryType="cq:Widget"
                        allowBlank="{Boolean}false"
                        fieldLabel="Accordion Label"
                        name="./label"
                        xtype="textfield"/>
                    <type
                        jcr:primaryType="nt:unstructured"
                        fieldDescription="Select the color type"
                        fieldLabel="Color Type"
                        name="./colortype"
                        type="select"
                        xtype="selection">
                        <options jcr:primaryType="cq:WidgetCollection">
                            <dark-blue
                                jcr:primaryType="nt:unstructured"
                                text="Dark-Blue"
                                value="dark-blue"/>
                            <blue
                                jcr:primaryType="nt:unstructured"
                                text="Blue"
                                value="blue"/>
                            <orange
                                jcr:primaryType="nt:unstructured"
                                text="Orange"
                                value="orange"/>
                            <aqua-blue
                                jcr:primaryType="nt:unstructured"
                                text="Aqua-Blue"
                                value="aqua-blue"/>
                            <purple
                                jcr:primaryType="nt:unstructured"
                                text="Purple"
                                value="purple"/>
                            <grey
                                jcr:primaryType="nt:unstructured"
                                text="Grey"
                                value="grey"/>
                        </options>
                    </type>
                    <expand
                        jcr:primaryType="cq:Widget"
                        fieldLabel="Text for Expand"
                        maxLength="15"
                        name="./expand"
                        xtype="textfield"/>
                    <collapse
                        jcr:primaryType="cq:Widget"
                        fieldLabel="Text for Collapse"
                        maxLength="15"
                        name="./collapse"
                        xtype="textfield"/>
                    <expandaccordion
                        jcr:primaryType="cq:Widget"
                        defaultValue="{Boolean}true"
                        fieldDescription="Should the accordion be expanded on page load?"
                        fieldLabel="Expand this accordion?"
                        name="./expandaccordion"
                        type="checkbox"
                        xtype="selection"/>
                    <columns
                        jcr:primaryType="nt:unstructured"
                        fieldDescription="Select the number of columns"
                        fieldLabel="Columns"
                        name="./columns"
                        type="select"
                        xtype="selection">
                        <options jcr:primaryType="cq:WidgetCollection">
                            <three
                                jcr:primaryType="nt:unstructured"
                                text="Three"
                                value="3"/>
                            <two
                                jcr:primaryType="nt:unstructured"
                                text="Two"
                                value="2"/>
                            <one
                                jcr:primaryType="nt:unstructured"
                                text="One"
                                value="1"/>
                        </options>
                    </columns>
                </items>
            </tab1>
        </items>
    </items>
</jcr:root>
