<?xml version="1.0" encoding="UTF-8"?>
<jcr:root xmlns:cq="http://www.day.com/jcr/cq/1.0" xmlns:jcr="http://www.jcp.org/jcr/1.0"
    jcr:primaryType="cq:Dialog"
    title="Text And Image"
    xtype="dialog">
    <items jcr:primaryType="cq:TabPanel">
        <items jcr:primaryType="cq:WidgetCollection">
            <tab1
                jcr:primaryType="cq:Widget"
                anchor="100%"
                title="Text"
                xtype="panel">
                <items jcr:primaryType="cq:WidgetCollection">
                    <title
                        jcr:primaryType="cq:Widget"
                        fieldLabel="Title"
                        name="./title"
                        xtype="richtext"/>
                    <description
                        jcr:primaryType="cq:Widget"
                        fieldLabel="Description"
                        name="./text"
                        xtype="textarea"/>
                    <image
                        jcr:primaryType="cq:Widget"
                        allowUpload="{Boolean}false"
                        ddGroups="[media]"
                        disableZoom="{Boolean}true"
                        fileNameParameter="./fileName"
                        fileReferenceParameter="./fileReference"
                        height="300"
                        name="./file"
                        requestSuffix=".img.png"
                        sizeLimit="100"
                        title="Image"
                        width="300"
                        xtype="html5smartimage"/>
                    <buttonlink
                        jcr:primaryType="cq:Widget"
                        fieldLabel="Enter the button link"
                        linkPattern="\{0}.html"
                        name="./buttonlink"
                        rootPath="/content/dtyb"
                        xtype="pathfield"/>
                    <buttontext
                        jcr:primaryType="cq:Widget"
                        fieldLabel="Enter the button text"
                        name="./buttontext"
                        xtype="textfield"/>
                </items>
            </tab1>
            <advanced
                jcr:primaryType="cq:Widget"
                title="Advanced Image Properties"
                xtype="panel">
                <items jcr:primaryType="cq:WidgetCollection">
                    <title
                        jcr:primaryType="cq:Widget"
                        fieldLabel="Title"
                        name="./imagetitle"
                        xtype="textfield"/>
                    <alt
                        jcr:primaryType="cq:Widget"
                        fieldLabel="Alt Text"
                        name="./alt"
                        xtype="textfield"/>
                </items>
            </advanced>
        </items>
    </items>
</jcr:root>
