<?xml version="1.0" encoding="UTF-8"?>
<jcr:root xmlns:cq="http://www.day.com/jcr/cq/1.0" xmlns:jcr="http://www.jcp.org/jcr/1.0" xmlns:nt="http://www.jcp.org/jcr/nt/1.0"
    jcr:primaryType="cq:Dialog"
    height="600"
    title="Sidebar"
    width="700"
    xtype="dialog">
    <items
        jcr:primaryType="cq:Widget"
        xtype="tabpanel">
        <items jcr:primaryType="cq:WidgetCollection">
            <tab1
                jcr:primaryType="cq:Panel"
                title="Section 1">
                <items jcr:primaryType="cq:WidgetCollection">
                    <buttontext
                        jcr:primaryType="cq:Widget"
                        fieldLabel="Enter Button Text"
                        name="./buttontext1"
                        xtype="textfield"/>
                    <buttonurl
                        jcr:primaryType="cq:Widget"
                        fieldDescription="Enter URL for button text"
                        fieldLabel="Select Button URL"
                        linkPattern="\{0}.html"
                        name="./buttonurl1"
                        rootPath="/content/dtyb"
                        xtype="pathfield"/>
                    <img
                        jcr:primaryType="cq:Widget"
                        allowBlank="false"
                        allowUpload="{Boolean}false"
                        ddGroups="[media]"
                        fieldLabel="Image"
                        fileNameParameter="./imageName"
                        fileReferenceParameter="./fileReference"
                        height="300"
                        name="./image"
                        sizeLimit="100"
                        title="Image"
                        width="300"
                        xtype="html5smartimage"/>
                    <backgroundcolor
                        jcr:primaryType="cq:Widget"
                        fieldDescription="Select background color for button text"
                        fieldLabel="Background Color"
                        name="./color1"
                        ShowHexValue="true"
                        xtype="customcolorfield"/>
                    <location
                        jcr:primaryType="cq:Widget"
                        allowBlank="false"
                        fieldLabel="Helper Image Display Location"
                        name="./location1"
                        type="select"
                        xtype="selection">
                        <options jcr:primaryType="cq:WidgetCollection">
                            <left
                                jcr:primaryType="nt:unstructured"
                                text="left"
                                value="left"/>
                            <right
                                jcr:primaryType="nt:unstructured"
                                text="right"
                                value="right"/>
                        </options>
                    </location>
                </items>
            </tab1>
            <tab2
                jcr:primaryType="cq:Panel"
                title="Section 2">
                <items jcr:primaryType="cq:WidgetCollection">
                    <buttontext
                        jcr:primaryType="cq:Widget"
                        fieldLabel="Enter Button Text"
                        name="./buttontext2"
                        xtype="textfield"/>
                    <buttonurl
                        jcr:primaryType="cq:Widget"
                        fieldDescription="Enter URL for button text"
                        fieldLabel="Select Button URL"
                        linkPattern="\{0}.html"
                        name="./buttonurl2"
                        rootPath="/content/dtyb"
                        xtype="pathfield"/>
                    <img
                        jcr:primaryType="cq:Widget"
                        allowBlank="false"
                        allowUpload="{Boolean}false"
                        ddGroups="[media]"
                        fieldLabel="Image"
                        fileNameParameter="./imageName"
                        fileReferenceParameter="./fileReference1"
                        height="300"
                        name="./image"
                        sizeLimit="100"
                        title="Image"
                        width="300"
                        xtype="html5smartimage"/>
                    <backgroundcolor
                        jcr:primaryType="cq:Widget"
                        fieldDescription="Select background color for button text"
                        fieldLabel="Background Color"
                        name="./color2"
                        ShowHexValue="true"
                        xtype="customcolorfield"/>
                    <location
                        jcr:primaryType="cq:Widget"
                        allowBlank="false"
                        fieldLabel="Helper Image Display Location"
                        name="./location2"
                        type="select"
                        xtype="selection">
                        <options jcr:primaryType="cq:WidgetCollection">
                            <left
                                jcr:primaryType="nt:unstructured"
                                text="left"
                                value="left"/>
                            <right
                                jcr:primaryType="nt:unstructured"
                                text="right"
                                value="right"/>
                        </options>
                    </location>
                </items>
            </tab2>
            <tab3
                jcr:primaryType="cq:Panel"
                title="Section 3">
                <items jcr:primaryType="cq:WidgetCollection">
                    <buttontext
                        jcr:primaryType="cq:Widget"
                        fieldLabel="Enter Button Text"
                        name="./buttontext3"
                        xtype="textfield"/>
                    <buttonurl
                        jcr:primaryType="cq:Widget"
                        fieldDescription="Enter URL for button text"
                        fieldLabel="Select Button URL"
                        linkPattern="\{0}.html"
                        name="./buttonurl3"
                        rootPath="/content/dtyb"
                        xtype="pathfield"/>
                    <img
                        jcr:primaryType="cq:Widget"
                        allowBlank="false"
                        allowUpload="{Boolean}false"
                        ddGroups="[media]"
                        fieldLabel="Image"
                        fileNameParameter="./imageName"
                        fileReferenceParameter="./fileReference2"
                        height="300"
                        name="./image"
                        sizeLimit="100"
                        title="Image"
                        width="300"
                        xtype="html5smartimage"/>
                    <backgroundcolor
                        jcr:primaryType="cq:Widget"
                        fieldDescription="Select background for button text"
                        fieldLabel="Background Color"
                        name="./color3"
                        ShowHexValue="true"
                        xtype="customcolorfield"/>
                    <location
                        jcr:primaryType="cq:Widget"
                        allowBlank="false"
                        fieldLabel="Helper Image Display Location"
                        name="./location3"
                        type="select"
                        xtype="selection">
                        <options jcr:primaryType="cq:WidgetCollection">
                            <left
                                jcr:primaryType="nt:unstructured"
                                text="left"
                                value="left"/>
                            <right
                                jcr:primaryType="nt:unstructured"
                                text="right"
                                value="right"/>
                        </options>
                    </location>
                </items>
            </tab3>
            <tab4
                jcr:primaryType="cq:Panel"
                title="Section 4">
                <items jcr:primaryType="cq:WidgetCollection">
                    <buttontext
                        jcr:primaryType="cq:Widget"
                        fieldLabel="Enter Button Text"
                        name="./buttontext4"
                        xtype="textfield"/>
                    <buttonurl
                        jcr:primaryType="cq:Widget"
                        fieldDescription="Enter URL for button text"
                        fieldLabel="Select Button URL"
                        linkPattern="\{0}.html"
                        name="./buttonurl4"
                        rootPath="/content/dtyb"
                        xtype="pathfield"/>
                    <img
                        jcr:primaryType="cq:Widget"
                        allowBlank="false"
                        allowUpload="{Boolean}false"
                        ddGroups="[media]"
                        fieldLabel="Image"
                        fileNameParameter="./imageName"
                        fileReferenceParameter="./fileReference3"
                        height="300"
                        name="./image"
                        sizeLimit="100"
                        title="Image"
                        width="300"
                        xtype="html5smartimage"/>
                    <backgroundcolor
                        jcr:primaryType="cq:Widget"
                        fieldDescription="Select background color for button text"
                        fieldLabel="Background Color"
                        name="./color4"
                        ShowHexValue="true"
                        xtype="customcolorfield"/>
                    <location
                        jcr:primaryType="cq:Widget"
                        allowBlank="false"
                        fieldLabel="Helper Image Display Location"
                        name="./location4"
                        type="select"
                        xtype="selection">
                        <options jcr:primaryType="cq:WidgetCollection">
                            <left
                                jcr:primaryType="nt:unstructured"
                                text="left"
                                value="left"/>
                            <right
                                jcr:primaryType="nt:unstructured"
                                text="right"
                                value="right"/>
                        </options>
                    </location>
                </items>
            </tab4>
        </items>
    </items>
</jcr:root>
