<?xml version="1.0" encoding="UTF-8"?>
<jcr:root xmlns:cq="http://www.day.com/jcr/cq/1.0" xmlns:jcr="http://www.jcp.org/jcr/1.0" xmlns:nt="http://www.jcp.org/jcr/nt/1.0"
    jcr:primaryType="cq:Dialog"
    title="Title"
    xtype="dialog">
    <items jcr:primaryType="cq:TabPanel">
        <items jcr:primaryType="cq:WidgetCollection">
            <tab1
                jcr:primaryType="cq:Panel"
                title="Article list description">
                <items jcr:primaryType="cq:WidgetCollection">
                    <title
                        jcr:primaryType="cq:Widget"
                        allowBlank="false"
                        fieldLabel="Title"
                        name="./title"
                        xtype="textfield"/>
                    <type
                        jcr:primaryType="cq:Widget"
                        allowBlank="false"
                        fieldLabel="Type / Size"
                        name="./type"
                        type="select"
                        xtype="selection">
                        <options jcr:primaryType="cq:WidgetCollection">
                            <large
                                jcr:primaryType="nt:unstructured"
                                text="Large"
                                value="large"/>
                            <small
                                jcr:primaryType="nt:unstructured"
                                text="Small"
                                value="small"/>
                        </options>
                    </type>
                    <desc
                        jcr:primaryType="cq:Widget"
                        fieldLabel="Enter Article Description"
                        name="./desc"
                        xtype="textarea"/>
                </items>
            </tab1>
            <tab2
                jcr:primaryType="cq:Panel"
                title="Page Large Image">
                <items jcr:primaryType="cq:WidgetCollection">
                    <image
                        jcr:primaryType="cq:Widget"
                        allowUpload="{Boolean}false"
                        ddGroups="[media]"
                        disableZoom="{Boolean}true"
                        fieldDescription="Please provide Image With Size 350*150"
                        fieldLabel="Image"
                        fileNameParameter="./fileName"
                        fileReferenceParameter="./fileReference"
                        height="200"
                        name="./file"
                        uploadUrl="/tmp/upload/*"
                        xtype="html5smartimage"/>
                </items>
            </tab2>
            <tab3
                jcr:primaryType="cq:Panel"
                title="Page Small Image">
                <items jcr:primaryType="cq:WidgetCollection">
                    <smallerimage
                        jcr:primaryType="cq:Widget"
                        allowUpload="{Boolean}false"
                        ddGroups="[media]"
                        disableZoom="{Boolean}true"
                        fieldDescription="Please provide Image With Size 150*150"
                        fieldLabel="SmalImage"
                        fileNameParameter="./fileNameparameter"
                        fileReferenceParameter="./fileReferenceparameter"
                        height="200"
                        name="./file"
                        uploadUrl="/tmp/upload/*"
                        xtype="html5smartimage"/>
                </items>
            </tab3>
            <tab4
                jcr:primaryType="cq:Panel"
                title="Publish Date">
                <items jcr:primaryType="cq:WidgetCollection">
                    <datefield
                        jcr:primaryType="cq:Widget"
                        allowBlank="false"
                        fieldLabel="Publish Date"
                        name="./dateval"
                        xtype="datetime"/>
                </items>
            </tab4>
        </items>
    </items>
</jcr:root>
