<?xml version="1.0" encoding="UTF-8"?>
<jcr:root xmlns:sling="http://sling.apache.org/jcr/sling/1.0" xmlns:cq="http://www.day.com/jcr/cq/1.0" xmlns:jcr="http://www.jcp.org/jcr/1.0" xmlns:nt="http://www.jcp.org/jcr/nt/1.0"
    jcr:primaryType="nt:unstructured"
    jcr:title="Training Details"
    sling:resourceType="cq/gui/components/authoring/dialog">
    <content
        jcr:primaryType="nt:unstructured"
        sling:resourceType="granite/ui/components/foundation/container">
        <layout
            jcr:primaryType="nt:unstructured"
            sling:resourceType="granite/ui/components/foundation/layouts/tabs"
            type="nav"/>
        <items jcr:primaryType="nt:unstructured">
            <courseimage
                jcr:primaryType="nt:unstructured"
                jcr:title="Tab 1"
                sling:resourceType="granite/ui/components/foundation/container">
                <layout
                    jcr:primaryType="nt:unstructured"
                    sling:resourceType="granite/ui/components/foundation/layouts/fixedcolumns"/>
                <items jcr:primaryType="nt:unstructured">
                    <columns
                        jcr:primaryType="nt:unstructured"
                        sling:resourceType="granite/ui/components/foundation/container">
                        <items jcr:primaryType="nt:unstructured">
                            <imgalttxt
                                jcr:primaryType="nt:unstructured"
                                sling:resourceType="granite/ui/components/foundation/form/textfield"
                                fieldLabel="Alt Text"
                                name="./imgalttxt"/>
                            <image/>
                        </items>
                    </columns>
                </items>
            </courseimage>
            <coursedetails
                jcr:primaryType="nt:unstructured"
                jcr:title="Course Details"
                sling:resourceType="granite/ui/components/foundation/section">
                <layout
                    jcr:primaryType="nt:unstructured"
                    sling:resourceType="granite/ui/components/foundation/layouts/fixedcolumns"/>
                <items jcr:primaryType="nt:unstructured">
                    <columns
                        jcr:primaryType="nt:unstructured"
                        sling:resourceType="granite/ui/components/foundation/container">
                        <items jcr:primaryType="nt:unstructured">
                            <title
                                jcr:primaryType="nt:unstructured"
                                sling:resourceType="granite/ui/components/foundation/form/textfield"
                                fieldLabel="Enter Title"
                                name="./title"
                                required="false"/>
                            <type
                                jcr:primaryType="nt:unstructured"
                                sling:resourceType="granite/ui/components/foundation/form/textfield"
                                fieldLabel="Enter Type"
                                maxlength="30"
                                name="./type"
                                required="false"/>
                            <displaytype
                                jcr:primaryType="nt:unstructured"
                                sling:resourceType="granite/ui/components/foundation/form/select"
                                class="cq-dialog-dropdown-showhide"
                                cq-dialog-dropdown-showhide-target=".show-hide.show-hide"
                                fieldLabel="Training type"
                                name="./displaytype"
                                required="true"
                                value="track-detail">
                                <items jcr:primaryType="nt:unstructured">
                                    <learningjourneydisplay
                                        jcr:primaryType="nt:unstructured"
                                        text="Learning Journey"
                                        value="learningjourney-display"/>
                                    <learningpathdisplay
                                        jcr:primaryType="nt:unstructured"
                                        text="Learning Path"
                                        value="learningpath-display"/>
                                    <learningresourcedisplay
                                        jcr:primaryType="nt:unstructured"
                                        text="Learning Resource"
                                        value="learningresource-display"/>
                                </items>
                            </displaytype>
                            <learningpath
                                jcr:primaryType="nt:unstructured"
                                sling:resourceType="granite/ui/components/foundation/container"
                                class="hide show-hide"
                                showhidetargetvalue="learningresource-display">
                                <items jcr:primaryType="nt:unstructured">
                                    <heading
                                        jcr:primaryType="nt:unstructured"
                                        sling:resourceType="granite/ui/components/foundation/heading"
                                        class="coral-Heading coral-Heading--4"
                                        level="{Long}4"
                                        text="Learning Path"/>
                                    <well
                                        jcr:primaryType="nt:unstructured"
                                        sling:resourceType="granite/ui/components/foundation/container">
                                        <layout
                                            jcr:primaryType="nt:unstructured"
                                            sling:resourceType="granite/ui/components/foundation/layouts/well"/>
                                        <items jcr:primaryType="nt:unstructured">
                                            <learningpath
                                                jcr:primaryType="nt:unstructured"
                                                sling:resourceType="granite/ui/components/foundation/form/multifield"
                                                fieldDescription="Click the '+' to add a new page">
                                                <field
                                                    jcr:primaryType="nt:unstructured"
                                                    sling:resourceType="granite/ui/components/foundation/form/select"
                                                    name="./referinglearningpath">
                                                    <datasource
                                                        jcr:primaryType="nt:unstructured"
                                                        sling:resourceType="/apps/devuniversity/components/content/coursedetails/datasource/learningpath"
                                                        addNone="{Boolean}true"/>
                                                </field>
                                            </learningpath>
                                        </items>
                                    </well>
                                </items>
                            </learningpath>
                            <learningjourney
                                jcr:primaryType="nt:unstructured"
                                sling:resourceType="granite/ui/components/foundation/container"
                                class="hide show-hide"
                                showhidetargetvalue="learningpath-display">
                                <items jcr:primaryType="nt:unstructured">
                                    <heading
                                        jcr:primaryType="nt:unstructured"
                                        sling:resourceType="granite/ui/components/foundation/heading"
                                        class="coral-Heading coral-Heading--4"
                                        level="{Long}4"
                                        text="Learning Journey"/>
                                    <well
                                        jcr:primaryType="nt:unstructured"
                                        sling:resourceType="granite/ui/components/foundation/container">
                                        <layout
                                            jcr:primaryType="nt:unstructured"
                                            sling:resourceType="granite/ui/components/foundation/layouts/well"/>
                                        <items jcr:primaryType="nt:unstructured">
                                            <learningjourney
                                                jcr:primaryType="nt:unstructured"
                                                sling:resourceType="granite/ui/components/foundation/form/multifield"
                                                fieldDescription="Click the '+' to add a new page">
                                                <field
                                                    jcr:primaryType="nt:unstructured"
                                                    sling:resourceType="granite/ui/components/foundation/form/select"
                                                    name="./referinglearningjourney">
                                                    <datasource
                                                        jcr:primaryType="nt:unstructured"
                                                        sling:resourceType="/apps/devuniversity/components/content/coursedetails/datasource/learningjourney"
                                                        addNone="{Boolean}true"/>
                                                </field>
                                            </learningjourney>
                                        </items>
                                    </well>
                                </items>
                            </learningjourney>
                            <length
                                jcr:primaryType="nt:unstructured"
                                sling:resourceType="granite/ui/components/foundation/form/textfield"
                                fieldLabel="Enter Length"
                                name="./length"
                                required="false"/>
                            <dateimpl
                                jcr:primaryType="nt:unstructured"
                                sling:resourceType="granite/ui/components/foundation/form/datepicker"
                                fieldLabel="Date Implemented"
                                name="./dateimpl"
                                type="datetime"/>
                            <lastreviewed
                                jcr:primaryType="nt:unstructured"
                                sling:resourceType="granite/ui/components/foundation/form/datepicker"
                                fieldLabel="Last Reviewed"
                                name="./lastreviewed"
                                type="datetime"/>
                            <bpo
                                jcr:primaryType="nt:unstructured"
                                sling:resourceType="granite/ui/components/foundation/form/multifield"
                                fieldLabel="BPO">
                                <field
                                    jcr:primaryType="nt:unstructured"
                                    sling:resourceType="granite/ui/components/foundation/form/textfield"
                                    name="./bpo"/>
                            </bpo>
                            <relatedsystems
                                jcr:primaryType="nt:unstructured"
                                sling:resourceType="granite/ui/components/foundation/form/multifield"
                                fieldLabel="Related Systems">
                                <field
                                    jcr:primaryType="nt:unstructured"
                                    sling:resourceType="granite/ui/components/foundation/form/textfield"
                                    name="./relatedsystems"/>
                            </relatedsystems>
                            <skilllevel
                                jcr:primaryType="nt:unstructured"
                                sling:resourceType="granite/ui/components/foundation/form/textfield"
                                fieldLabel="Skill Level"
                                name="./skilllevel"/>
                            <sop
                                jcr:primaryType="nt:unstructured"
                                sling:resourceType="granite/ui/components/foundation/form/multifield"
                                fieldLabel="SOP">
                                <field
                                    jcr:primaryType="nt:unstructured"
                                    sling:resourceType="granite/ui/components/foundation/form/textfield"
                                    name="./sop"/>
                            </sop>
                            <prerequisites
                                jcr:primaryType="nt:unstructured"
                                sling:resourceType="granite/ui/components/foundation/form/textfield"
                                fieldLabel="Prerequisites"
                                name="./prerequisites"/>
                            <version
                                jcr:primaryType="nt:unstructured"
                                sling:resourceType="granite/ui/components/foundation/form/textfield"
                                fieldLabel="Version"
                                name="./version"/>
                            <devuonboarding
                                jcr:primaryType="nt:unstructured"
                                sling:resourceType="granite/ui/components/foundation/form/textfield"
                                fieldLabel="DevU Onboarding"
                                name="./devuonboarding"/>
                            <courselink
                                jcr:primaryType="nt:unstructured"
                                sling:resourceType="granite/ui/components/foundation/form/pathbrowser"
                                fieldLabel="Course Link"
                                name="./courselink"/>
                            <questtopic
                                jcr:primaryType="nt:unstructured"
                                sling:resourceType="granite/ui/components/foundation/form/multifield"
                                fieldLabel="Quest Topic">
                                <field
                                    jcr:primaryType="nt:unstructured"
                                    sling:resourceType="granite/ui/components/foundation/form/textfield"
                                    name="./questtopic"/>
                            </questtopic>
                            <contentlocation
                                jcr:primaryType="nt:unstructured"
                                sling:resourceType="granite/ui/components/foundation/form/textfield"
                                fieldLabel="Content Location"
                                name="./contentlocation"/>
                            <iltlocation
                                jcr:primaryType="nt:unstructured"
                                sling:resourceType="granite/ui/components/foundation/form/textfield"
                                fieldLabel="ILT Location"
                                name="./iltlocation"/>
                            <vendor
                                jcr:primaryType="nt:unstructured"
                                sling:resourceType="granite/ui/components/foundation/form/textfield"
                                fieldLabel="Vendor"
                                name="./vendor"/>
                            <learningid
                                jcr:primaryType="nt:unstructured"
                                sling:resourceType="granite/ui/components/foundation/form/textfield"
                                fieldLabel="Learning ID"
                                name="./learningid"
                                required="false"/>
                            <aimedat
                                jcr:primaryType="nt:unstructured"
                                sling:resourceType="granite/ui/components/foundation/form/multifield"
                                fieldLabel="Aimed At">
                                <field
                                    jcr:primaryType="nt:unstructured"
                                    sling:resourceType="granite/ui/components/foundation/form/textfield"
                                    name="./aimedat"/>
                            </aimedat>
                            <learningcode
                                jcr:primaryType="nt:unstructured"
                                sling:resourceType="granite/ui/components/foundation/form/textfield"
                                fieldLabel="Learning Code"
                                name="./learningcode"/>
                            <functionaljobcode
                                jcr:primaryType="nt:unstructured"
                                sling:resourceType="granite/ui/components/foundation/form/multifield"
                                fieldLabel="Functional Job Code">
                                <field
                                    jcr:primaryType="nt:unstructured"
                                    sling:resourceType="granite/ui/components/foundation/form/textfield"
                                    name="./functionaljobcode"/>
                            </functionaljobcode>
                            <functionalaligntrainer
                                jcr:primaryType="nt:unstructured"
                                sling:resourceType="granite/ui/components/foundation/form/textfield"
                                fieldLabel="Functional Align Trainer"
                                name="./functionalaligntrainer"
                                required="false"/>
                            <qualityperformancesupport
                                jcr:primaryType="nt:unstructured"
                                sling:resourceType="granite/ui/components/foundation/form/select"
                                fieldLabel="Quality Performance Support"
                                name="./qualityperformancesupport"
                                required="true"
                                value="null">
                                <items jcr:primaryType="nt:unstructured">
                                    <none
                                        jcr:primaryType="nt:unstructured"
                                        text="none"
                                        value="null"/>
                                    <quality
                                        jcr:primaryType="nt:unstructured"
                                        text="Quality"
                                        value="Quality"/>
                                    <performancesupport
                                        jcr:primaryType="nt:unstructured"
                                        text="Performance Support"
                                        value="Performance Support"/>
                                </items>
                            </qualityperformancesupport>
                            <validtill
                                jcr:primaryType="nt:unstructured"
                                sling:resourceType="granite/ui/components/foundation/form/datepicker"
                                fieldDecription="Date till when the Learning J/P/R will be considered as New."
                                fieldLabel="Validity for NEW Category"
                                name="./validtill"
                                type="datetime"/>
                            <resetlearningstatus
                                jcr:primaryType="nt:unstructured"
                                sling:resourceType="granite/ui/components/foundation/container"
                                class="hide show-hide"
                                showhidetargetvalue="learningresource-display">
                                <items jcr:primaryType="nt:unstructured">
                                    <well
                                        jcr:primaryType="nt:unstructured"
                                        sling:resourceType="granite/ui/components/foundation/container">
                                        <layout
                                            jcr:primaryType="nt:unstructured"
                                            sling:resourceType="granite/ui/components/foundation/layouts/well"/>
                                        <items jcr:primaryType="nt:unstructured">
                                            <resetlearningstatus
                                                jcr:primaryType="nt:unstructured"
                                                sling:resourceType="granite/ui/components/foundation/form/checkbox"
                                                class="hide show-hide"
                                                fieldDescription="Select to reset the learning status from 'completed' to 'pending', for all users."
                                                name="./resetlearningstatus"
                                                showhidetargetvalue="learningresource-display"
                                                text="Reset Learning Status"
                                                value="true"/>
                                        </items>
                                    </well>
                                </items>
                            </resetlearningstatus>
                            <description/>
                        </items>
                    </columns>
                </items>
            </coursedetails>
            <trainerdetails
                jcr:primaryType="nt:unstructured"
                jcr:title="Tab 3"
                sling:resourceType="granite/ui/components/foundation/container">
                <layout
                    jcr:primaryType="nt:unstructured"
                    sling:resourceType="granite/ui/components/foundation/layouts/fixedcolumns"/>
                <items jcr:primaryType="nt:unstructured">
                    <columns
                        jcr:primaryType="nt:unstructured"
                        sling:resourceType="granite/ui/components/foundation/container">
                        <items jcr:primaryType="nt:unstructured">
                            <trainerheading
                                jcr:primaryType="nt:unstructured"
                                sling:resourceType="granite/ui/components/foundation/form/textfield"
                                fieldLabel="Trainer Heading"
                                maxlength="40"
                                name="./trainerheading"/>
                            <trainername
                                jcr:primaryType="nt:unstructured"
                                sling:resourceType="granite/ui/components/foundation/form/textfield"
                                fieldLabel="Trainer Name"
                                maxlength="40"
                                name="./trainername"/>
                            <trainerdesc/>
                            <trainerimg/>
                        </items>
                    </columns>
                </items>
            </trainerdetails>
            <advanced
                jcr:primaryType="nt:unstructured"
                jcr:title="Advanced"
                sling:resourceType="granite/ui/components/foundation/container">
                <layout
                    jcr:primaryType="nt:unstructured"
                    sling:resourceType="granite/ui/components/foundation/layouts/fixedcolumns"/>
                <items jcr:primaryType="nt:unstructured">
                    <columns
                        jcr:primaryType="nt:unstructured"
                        sling:resourceType="granite/ui/components/foundation/container">
                        <items jcr:primaryType="nt:unstructured">
                            <loadmore
                                jcr:primaryType="nt:unstructured"
                                sling:resourceType="granite/ui/components/foundation/form/textfield"
                                fieldLabel="Load More Label"
                                maxlength="20"
                                name="./loadmorelabel"
                                required="false"/>
                            <noofitems
                                jcr:primaryType="nt:unstructured"
                                sling:resourceType="granite/ui/components/foundation/form/numberfield"
                                fieldLabel="Items To Display Per Tab"
                                name="./noofitems"
                                required="false"/>
                        </items>
                    </columns>
                </items>
            </advanced>
        </items>
    </content>
</jcr:root>
