<?xml version="1.0" encoding="UTF-8"?>
<jcr:root xmlns:sling="http://sling.apache.org/jcr/sling/1.0" xmlns:cq="http://www.day.com/jcr/cq/1.0" xmlns:jcr="http://www.jcp.org/jcr/1.0" xmlns:nt="http://www.jcp.org/jcr/nt/1.0"
    jcr:primaryType="nt:unstructured"
    jcr:title="Upload Excel"
    sling:resourceType="cq/gui/components/authoring/dialog">
    <content
        jcr:primaryType="nt:unstructured"
        sling:resourceType="granite/ui/components/foundation/container">
        <layout
            jcr:primaryType="nt:unstructured"
            sling:resourceType="granite/ui/components/foundation/layouts/tabs"
            type="nav"/>
        <items jcr:primaryType="nt:unstructured">
            <general
                jcr:primaryType="nt:unstructured"
                jcr:title="General"
                sling:resourceType="granite/ui/components/foundation/container">
                <layout
                    jcr:primaryType="nt:unstructured"
                    sling:resourceType="granite/ui/components/foundation/layouts/fixedcolumns"/>
                <items jcr:primaryType="nt:unstructured">
                    <columns
                        jcr:primaryType="nt:unstructured"
                        sling:resourceType="granite/ui/components/foundation/container">
                        <items jcr:primaryType="nt:unstructured">
                            <headertitle
                                jcr:primaryType="nt:unstructured"
                                sling:resourceType="granite/ui/components/foundation/form/textfield"
                                fieldDescription="Enter the header title"
                                fieldLabel="Header Title"
                                name="./headerTitle"/>
                            <subheadertitle
                                jcr:primaryType="nt:unstructured"
                                sling:resourceType="granite/ui/components/foundation/form/textfield"
                                fieldDescription="Enter the sub-header title"
                                fieldLabel="Sub-Header Title"
                                name="./subheaderTitle"/>
                            <instructions
                                jcr:primaryType="nt:unstructured"
                                sling:resourceType="cq/gui/components/authoring/dialog/richtext"
                                fieldDescription="Enter the instructions for user reference"
                                fieldLabel="Instructions"
                                name="./instructions"
                                useFixedInlineToolbar="{Boolean}true">
                                <rtePlugins jcr:primaryType="nt:unstructured">
                                    <subsuperscript
                                        jcr:primaryType="nt:unstructured"
                                        features="*"/>
                                    <paraformat
                                        jcr:primaryType="nt:unstructured"
                                        features="*">
                                        <formats jcr:primaryType="cq:WidgetCollection">
                                            <paragraph
                                                jcr:primaryType="nt:unstructured"
                                                description="Paragraph"
                                                tag="p"/>
                                            <heading1
                                                jcr:primaryType="nt:unstructured"
                                                description="Header 1"
                                                tag="h1"/>
                                            <heading2
                                                jcr:primaryType="nt:unstructured"
                                                description="Header 2"
                                                tag="h2"/>
                                            <heading3
                                                jcr:primaryType="nt:unstructured"
                                                description="Header 3"
                                                tag="h3"/>
                                            <heading4
                                                jcr:primaryType="nt:unstructured"
                                                description="Header 4"
                                                tag="h4"/>
                                            <heading5
                                                jcr:primaryType="nt:unstructured"
                                                description="Header 5"
                                                tag="h5"/>
                                            <heading6
                                                jcr:primaryType="nt:unstructured"
                                                description="Header 6"
                                                tag="h6"/>
                                        </formats>
                                    </paraformat>
                                    <misctools
                                        jcr:primaryType="nt:unstructured"
                                        features="*">
                                        <specialCharsConfig jcr:primaryType="nt:unstructured">
                                            <chars jcr:primaryType="nt:unstructured">
                                                <copyright
                                                    jcr:primaryType="nt:unstructured"
                                                    entity="&amp;#169;"/>
                                                <trademark
                                                    jcr:primaryType="nt:unstructured"
                                                    entity="&amp;#8482;"/>
                                                <registered
                                                    jcr:primaryType="nt:unstructured"
                                                    entity="&amp;#174;"/>
                                                <emDash
                                                    jcr:primaryType="nt:unstructured"
                                                    entity="&amp;#8212;"/>
                                                <pound
                                                    jcr:primaryType="nt:unstructured"
                                                    entity="&amp;#163;"/>
                                                <nbsp
                                                    jcr:primaryType="nt:unstructured"
                                                    entity="&amp;#160;"/>
                                            </chars>
                                        </specialCharsConfig>
                                    </misctools>
                                    <links jcr:primaryType="nt:unstructured">
                                        <linkDialogConfig
                                            jcr:primaryType="nt:unstructured"
                                            height="{Long}316">
                                            <linkAttributes jcr:primaryType="cq:WidgetCollection">
                                                <linkAdvanced/>
                                            </linkAttributes>
                                        </linkDialogConfig>
                                    </links>
                                    <findreplace
                                        jcr:primaryType="nt:unstructured"
                                        features="*"/>
                                    <undo
                                        jcr:primaryType="nt:unstructured"
                                        features="*"/>
                                    <format
                                        jcr:primaryType="nt:unstructured"
                                        features="[bold,italic]"/>
                                    <lists
                                        jcr:primaryType="nt:unstructured"
                                        features="*"/>
                                    <justify
                                        jcr:primaryType="nt:unstructured"
                                        features="*"/>
                                    <edit
                                        jcr:primaryType="nt:unstructured"
                                        defaultPasteMode="plaintext"
                                        features="[cut,copy,paste-plaintext]"
                                        stripHtmlTags="{Boolean}true"/>
                                </rtePlugins>
                                <uiSettings jcr:primaryType="nt:unstructured">
                                    <cui jcr:primaryType="nt:unstructured">
                                        <inline
                                            jcr:primaryType="nt:unstructured"
                                            toolbar="[format#bold,format#italic,#justify,#lists,subsuperscript#subscript,links#modifylink,links#unlink,links#anchor,#image,findreplace#find,findreplace#replace,spellcheck#checktext,misctools#specialchars,misctools#sourceedit,#styles,#paraformat,subsuperscript#superscript]">
                                            <popovers jcr:primaryType="nt:unstructured">
                                                <justify
                                                    jcr:primaryType="nt:unstructured"
                                                    items="[justify#justifyleft,justify#justifycenter,justify#justifyright]"
                                                    ref="justify"/>
                                                <lists
                                                    jcr:primaryType="nt:unstructured"
                                                    items="[lists#unordered,lists#ordered,lists#outdent,lists#indent]"
                                                    ref="lists"/>
                                                <paraformat
                                                    jcr:primaryType="nt:unstructured"
                                                    items="paraformat:getFormats:paraformat-pulldown"
                                                    ref="paraformat"/>
                                                <styles
                                                    jcr:primaryType="nt:unstructured"
                                                    items="styles:getStyles:styles-pulldown"
                                                    ref="styles"/>
                                            </popovers>
                                        </inline>
                                    </cui>
                                </uiSettings>
                            </instructions>
                            <sheetdropdowntitle
                                jcr:primaryType="nt:unstructured"
                                sling:resourceType="granite/ui/components/coral/foundation/form/textfield"
                                fieldDescription="Enter the sheet dropdown title"
                                fieldLabel="Excel Sheet Dropdown Title"
                                name="./sheetDropdownTitle"/>
                            <sheetdropdown
                                jcr:primaryType="nt:unstructured"
                                sling:resourceType="/apps/widgets/touchui-widgets/touchui_limit/touchui_limit.jsp"
                                class="foundation-layout-util-maximized-alt"
                                eaem-nested=""
                                fieldDescription="Configure the sheet dropdown"
                                fieldLabel="Excel Sheet Dropdown Configuration">
                                <field
                                    jcr:primaryType="nt:unstructured"
                                    sling:resourceType="granite/ui/components/foundation/form/fieldset"
                                    baseName="selectsheets"
                                    eaem-nested="NODE_STORE"
                                    fieldDescription="Click on &quot;+&quot; to add items."
                                    fieldLabel="Excel Sheet Dropdown Configuration"
                                    id="multi"
                                    name="./multi">
                                    <layout
                                        jcr:primaryType="nt:unstructured"
                                        sling:resouceType="granite/ui/components/foundation/layouts/fixedcolumns"
                                        method="absolute"/>
                                    <items jcr:primaryType="nt:unstructured">
                                        <column
                                            jcr:primaryType="nt:unstructured"
                                            sling:resourceType="granite/ui/components/foundation/container">
                                            <items jcr:primaryType="nt:unstructured">
                                                <sheetname
                                                    jcr:primaryType="nt:unstructured"
                                                    sling:resourceType="granite/ui/components/foundation/form/textfield"
                                                    fieldDescription="Sheet Name"
                                                    fieldLabel="Sheet Name"
                                                    name="./sheetName"/>
                                                <sheetvalue
                                                    jcr:primaryType="nt:unstructured"
                                                    sling:resourceType="granite/ui/components/foundation/form/textfield"
                                                    fieldDescription="Map the sheet name to a value in the format: Sheet Number-Policy Name. Eg: 0-Grants and Donations"
                                                    fieldLabel="Sheet Value"
                                                    name="./sheetValue"/>
                                            </items>
                                        </column>
                                    </items>
                                </field>
                            </sheetdropdown>
                            <chooseexceltitle
                                jcr:primaryType="nt:unstructured"
                                sling:resourceType="granite/ui/components/coral/foundation/form/textfield"
                                fieldDescription="Enter choose excel title"
                                fieldLabel="Select Excel Title"
                                name="./chooseExcelTitle"/>
                            <chooseexcelbuttontitle
                                jcr:primaryType="nt:unstructured"
                                sling:resourceType="granite/ui/components/foundation/form/textfield"
                                fieldDescription="Enter choose excel button title"
                                fieldLabel="Select Excel Button Title"
                                name="./chooseExcelButtonTitle"/>
                            <submitbuttontitle
                                jcr:primaryType="nt:unstructured"
                                sling:resourceType="granite/ui/components/coral/foundation/form/textfield"
                                fieldDescription="Enter the submit button title"
                                fieldLabel="Submit Button Title"
                                name="./submitButtonTitle"/>
                            <exceluploaded
                                jcr:primaryType="nt:unstructured"
                                sling:resourceType="granite/ui/components/foundation/form/checkbox"
                                fieldDescription="Select the checkbox to manually trigger the workflow for EH CACHE clearance"
                                name="./excelUploaded"
                                text="Is Excel Uploaded?"
                                uncheckedValue="false"
                                value="true"/>
                        </items>
                    </columns>
                </items>
            </general>
        </items>
    </content>
</jcr:root>
