<?xml version="1.0" encoding="UTF-8"?>
<jcr:root xmlns:cq="http://www.day.com/jcr/cq/1.0" xmlns:jcr="http://www.jcp.org/jcr/1.0" xmlns:nt="http://www.jcp.org/jcr/nt/1.0"
    jcr:primaryType="cq:Dialog"
    title="Article Selection"
    xtype="tabpanel">
    <items jcr:primaryType="cq:WidgetCollection">
        <tab1
            jcr:primaryType="cq:Panel"
            title="Article Section">
            <items jcr:primaryType="cq:WidgetCollection">
                <description
                    jcr:primaryType="cq:Widget"
                    externalStyleSheets="[/etc/designs/dtyb/clientlibs/css/style.css,/etc/designs/dtyb/clientlibs/css/bootstrap.css]"
                    fieldDescription="Field for entering news description"
                    fieldLabel="Description"
                    name="./description"
                    xtype="richtext">
                    <rtePlugins
                        jcr:primaryType="nt:unstructured"
                        features="*">
                        <format
                            jcr:primaryType="nt:unstructured"
                            features="*"/>
                        <justify
                            jcr:primaryType="nt:unstructured"
                            features="*"/>
                        <links jcr:primaryType="nt:unstructured">
                            <linkDialogConfig
                                jcr:primaryType="nt:unstructured"
                                height="{Long}316">
                                <linkAttributes jcr:primaryType="cq:WidgetCollection">
                                    <linkAdvanced
                                        jcr:primaryType="cq:Widget"
                                        collapsed="{Boolean}true"
                                        collapsible="{Boolean}true"
                                        inputValue="advanced"
                                        name="./linkdialog/cq:adhocLinkTrackingTab"
                                        title="Link tracking"
                                        xtype="dialogfieldset">
                                        <items jcr:primaryType="cq:WidgetCollection">
                                            <enable
                                                jcr:primaryType="nt:unstructured"
                                                attribute="enabletracking"
                                                fieldDescription="override analytics framework settings"
                                                fieldLabel="Custom link tracking"
                                                name="./linkdialog/cq:adhocLinkTrackingEnableTracking"
                                                xtype="checkbox">
                                                <listeners
                                                    jcr:primaryType="nt:unstructured"
                                                    check="function(component){var dlg=component.findParentByType('rtelinkdialog');dlg.enableSCFields(component.checked);}"/>
                                            </enable>
                                            <evars
                                                jcr:primaryType="nt:unstructured"
                                                attribute="adhocevars"
                                                fieldDescription="e.g.: eVar1: pagedata.url, prop4: 'const'"
                                                fieldLabel="Include SiteCatalyst variables"
                                                name="./linkdialog/cq:adhocLinkTrackingEvars"
                                                xtype="textfield"/>
                                            <events
                                                jcr:primaryType="nt:unstructured"
                                                attribute="adhocevents"
                                                fieldDescription="e.g.: event2, event7"
                                                fieldLabel="Include SiteCatalyst events"
                                                name="./linkdialog/cq:adhocLinkTrackingEvents"
                                                xtype="textfield"/>
                                        </items>
                                    </linkAdvanced>
                                </linkAttributes>
                            </linkDialogConfig>
                        </links>
                        <lists
                            jcr:primaryType="nt:unstructured"
                            features="*"/>
                        <misctools
                            jcr:primaryType="nt:unstructured"
                            features="[specialchars,sourceedit]">
                            <specialCharsConfig jcr:primaryType="nt:unstructured">
                                <chars jcr:primaryType="nt:unstructured">
                                    <bracket
                                        jcr:primaryType="nt:unstructured"
                                        entity="&amp;#187;"/>
                                </chars>
                            </specialCharsConfig>
                        </misctools>
                        <paraformat
                            jcr:primaryType="nt:unstructured"
                            features="*">
                            <formats jcr:primaryType="cq:WidgetCollection">
                                <heading1
                                    jcr:primaryType="nt:unstructured"
                                    description="Heading 1"
                                    tag="h1"/>
                                <heading2
                                    jcr:primaryType="nt:unstructured"
                                    description="Heading 2"
                                    tag="h2"/>
                                <heading3
                                    jcr:primaryType="nt:unstructured"
                                    description="Heading 3"
                                    tag="h3"/>
                                <heading4
                                    jcr:primaryType="nt:unstructured"
                                    description="Heading 4"
                                    tag="h4"/>
                                <heading5
                                    jcr:primaryType="nt:unstructured"
                                    description="Heading 5"
                                    tag="h5"/>
                                <heading6
                                    jcr:primaryType="nt:unstructured"
                                    description="Heading 6"
                                    tag="h6"/>
                                <paragraph
                                    jcr:primaryType="nt:unstructured"
                                    description="Paragraph"
                                    tag="p"/>
                            </formats>
                        </paraformat>
                        <styles
                            jcr:primaryType="nt:unstructured"
                            features="*">
                            <styles jcr:primaryType="cq:WidgetCollection">
                                <viewMoreLink
                                    jcr:primaryType="nt:unstructured"
                                    cssName="viewMoreLink"
                                    text="Blue-Underlined Links"/>
                                <exitramp
                                    jcr:primaryType="nt:unstructured"
                                    cssName="dtyb-ext-link"
                                    text="External Link"/>
                            </styles>
                        </styles>
                    </rtePlugins>
                </description>
                <heading
                    jcr:primaryType="cq:Widget"
                    fieldDescription="Field for entering news heading"
                    fieldLabel="Heading"
                    name="./heading"
                    xtype="textfield"/>
                <articlesection
                    jcr:primaryType="cq:Widget"
                    customMultiFieldName="./slideimagefields"
                    fieldDescription="Click the '+' to add a new Link."
                    fieldLabel="Configure Article pages"
                    fieldName="Article Page Set"
                    id="slideimagefields"
                    maxItems="3"
                    name="./slideimagenooffileds"
                    xtype="custommultifield">
                    <fieldConfig jcr:primaryType="cq:WidgetCollection">
                        <imageurl
                            jcr:primaryType="cq:Widget"
                            allowBlank="false"
                            autoWidth="{Boolean}true"
                            fieldDescription="Select Article Page"
                            fieldLabel="Select Article Page"
                            name="./imageurl"
                            rootPath="/content/dtyb"
                            xtype="pathfield"/>
                    </fieldConfig>
                </articlesection>
                <buttontext
                    jcr:primaryType="cq:Widget"
                    fieldDescription="Field for entering button title"
                    fieldLabel="Button Text"
                    name="./buttontext"
                    xtype="textfield"/>
                <link
                    jcr:primaryType="cq:Widget"
                    fieldLabel="Select link"
                    linkPattern="\{0}.html"
                    name="./link"
                    rootPath="/content/dtyb"
                    xtype="pathfield"/>
            </items>
        </tab1>
    </items>
</jcr:root>
