<?xml version="1.0" encoding="UTF-8"?>
<jcr:root xmlns:cq="http://www.day.com/jcr/cq/1.0" xmlns:jcr="http://www.jcp.org/jcr/1.0"
    jcr:primaryType="cq:Dialog"
    title="Anchor"
    xtype="dialog">
    <items
        jcr:primaryType="cq:Widget"
        xtype="tabpanel">
        <items jcr:primaryType="cq:WidgetCollection">
            <tab1
                jcr:primaryType="cq:Panel"
                title="Anchor">
                <items jcr:primaryType="cq:WidgetCollection">
                    <anchortext
                        jcr:primaryType="cq:Widget"
                        basename="anchor_"
                        boxMaxWidth="750"
                        fieldDescription="Click the '+' to add a new Link."
                        fieldLabel="List of Links"
                        name="./anchor"
                        prefix="./"
                        xtype="mtmulticompositefield">
                        <fieldConfigs jcr:primaryType="cq:WidgetCollection">
                            <title
                                jcr:primaryType="cq:Widget"
                                allowBlank="{Boolean}false"
                                autoWidth="{Boolean}true"
                                fieldLabel="Title"
                                name="title"
                                width="500"
                                xtype="textfield"/>
                            <link
                                jcr:primaryType="cq:Widget"
                                allowBlank="{Boolean}false"
                                fieldLabel="Anchor logo Link"
                                name="link"
                                rootPath="/content/dam/abbvie-northstar/icons"
                                width="163"
                                xtype="pathfield"/>
                            <hrefid
                                jcr:primaryType="cq:Widget"
                                allowBlank="{Boolean}false"
                                autoWidth="{Boolean}true"
                                fieldLabel="Anchor ID"
                                name="hrefid"
                                width="500"
                                xtype="textfield"/>
                            <alttext
                                jcr:primaryType="cq:Widget"
                                autoWidth="{Boolean}true"
                                fieldLabel="Alternative text for the image"
                                name="imagealttext"
                                width="500"
                                xtype="textfield"/>
                        </fieldConfigs>
                    </anchortext>
                </items>
            </tab1>
        </items>
    </items>
</jcr:root>
