<?xml version="1.0" encoding="UTF-8"?>
<jcr:root xmlns:sling="http://sling.apache.org/jcr/sling/1.0" xmlns:cq="http://www.day.com/jcr/cq/1.0" xmlns:jcr="http://www.jcp.org/jcr/1.0" xmlns:nt="http://www.jcp.org/jcr/nt/1.0"
    jcr:primaryType="nt:unstructured"
    jcr:title="Manage Individual"
    sling:resourceType="cq/gui/components/authoring/dialog">
    <content
        jcr:primaryType="nt:unstructured"
        sling:resourceType="granite/ui/components/foundation/container">
        <layout
            jcr:primaryType="nt:unstructured"
            sling:resourceType="granite/ui/components/foundation/layouts/tabs"
            type="nav"/>
        <items jcr:primaryType="nt:unstructured">
            <general
                jcr:primaryType="nt:unstructured"
                jcr:title="General"
                sling:resourceType="granite/ui/components/foundation/container">
                <layout
                    jcr:primaryType="nt:unstructured"
                    sling:resourceType="granite/ui/components/foundation/layouts/fixedcolumns"/>
                <items jcr:primaryType="nt:unstructured">
                    <columns
                        jcr:primaryType="nt:unstructured"
                        sling:resourceType="granite/ui/components/foundation/container">
                        <items jcr:primaryType="nt:unstructured">
                            <pdflabel
                                jcr:primaryType="nt:unstructured"
                                sling:resourceType="granite/ui/components/foundation/form/textfield"
                                fieldDescription="PDF download placeholder's label to be displayed on page.(Default Label : PDF)"
                                fieldLabel="PDF Label"
                                maxlength="40"
                                name="./pdflabel"/>
                            <pdficon
                                jcr:primaryType="nt:unstructured"
                                sling:resourceType="granite/ui/components/foundation/form/pathbrowser"
                                fieldDescription="PDF download icon to be displayed on page."
                                fieldLabel="PDF Icon"
                                name="./pdficon"
                                rootPath="/content/dam/devuniversity"/>
                            <pdfname
                                jcr:primaryType="nt:unstructured"
                                sling:resourceType="granite/ui/components/foundation/form/textfield"
                                fieldDescription="File name for the downloaded PDF.( Default filename : Reportee_Training_Summary)"
                                fieldLabel="Downloaded PDF File Name"
                                name="./pdfname"/>
                            <imgwidth
                                jcr:primaryType="nt:unstructured"
                                sling:resourceType="granite/ui/components/foundation/form/numberfield"
                                fieldDescription="Width of the image.Note ( Same dimension will be followed for page and downloaded pdf)"
                                fieldLabel="Image Width"
                                max="{Long}200"
                                min="{Long}100"
                                name="./imgwidth"
                                required="false"/>
                            <imgheight
                                jcr:primaryType="nt:unstructured"
                                sling:resourceType="granite/ui/components/foundation/form/numberfield"
                                fieldDescription="Height of the image.Note ( Same dimension will be followed for page and downloaded pdf)"
                                fieldLabel="Image Height"
                                max="{Long}200"
                                min="{Long}100"
                                name="./imgheight"
                                required="false"/>
                        </items>
                    </columns>
                </items>
            </general>
            <pdfcontent
                jcr:primaryType="nt:unstructured"
                jcr:title="PDF Content Specific"
                sling:resourceType="granite/ui/components/foundation/container">
                <layout
                    jcr:primaryType="nt:unstructured"
                    sling:resourceType="granite/ui/components/foundation/layouts/fixedcolumns"/>
                <items jcr:primaryType="nt:unstructured">
                    <columns
                        jcr:primaryType="nt:unstructured"
                        sling:resourceType="granite/ui/components/foundation/container">
                        <items jcr:primaryType="nt:unstructured">
                            <pdfjourneylabel
                                jcr:primaryType="nt:unstructured"
                                sling:resourceType="granite/ui/components/foundation/form/textfield"
                                fieldDescription="Heading to be used in PDF file for Journeys."
                                fieldLabel="Journey Label"
                                maxlength="40"
                                name="./pdfjourneylabel"/>
                            <pdfpathlabel
                                jcr:primaryType="nt:unstructured"
                                sling:resourceType="granite/ui/components/foundation/form/textfield"
                                fieldDescription="Heading to be used in PDF file for Paths."
                                fieldLabel="Path Label"
                                maxlength="40"
                                name="./pdfpathlabel"/>
                            <pdfresourcelabel
                                jcr:primaryType="nt:unstructured"
                                sling:resourceType="granite/ui/components/foundation/form/textfield"
                                fieldDescription="Heading to be used in PDF file for Resources."
                                fieldLabel="Resource Label"
                                maxlength="40"
                                name="./pdfresourcelabel"/>
                            <journeycount
                                jcr:primaryType="nt:unstructured"
                                sling:resourceType="granite/ui/components/foundation/form/numberfield"
                                fieldDescription="No of journeys to display in pdf. NOTE: Leave Empty to fetch all records."
                                fieldLabel="Journeys To Display In PDF"
                                min="{Long}0"
                                name="./journeycount"/>
                            <pathcount
                                jcr:primaryType="nt:unstructured"
                                sling:resourceType="granite/ui/components/foundation/form/numberfield"
                                fieldDescription="No of paths to display in pdf. NOTE: Leave Empty to fetch all records."
                                fieldLabel="Path To Display In PDF"
                                min="{Long}0"
                                name="./pathcount"/>
                            <resourcecount
                                jcr:primaryType="nt:unstructured"
                                sling:resourceType="granite/ui/components/foundation/form/numberfield"
                                fieldDescription="No of resources to display in pdf. NOTE: Leave Empty to fetch all records."
                                fieldLabel="Resources To Display In PDF"
                                min="{Long}0"
                                name="./resourcecount"/>
                        </items>
                    </columns>
                </items>
            </pdfcontent>
            <excel
                jcr:primaryType="nt:unstructured"
                jcr:title="Excel Configs"
                sling:resourceType="granite/ui/components/foundation/container">
                <layout
                    jcr:primaryType="nt:unstructured"
                    sling:resourceType="granite/ui/components/foundation/layouts/fixedcolumns"/>
                <items jcr:primaryType="nt:unstructured">
                    <columns
                        jcr:primaryType="nt:unstructured"
                        sling:resourceType="granite/ui/components/foundation/container">
                        <items jcr:primaryType="nt:unstructured">
                            <excellabel
                                jcr:primaryType="nt:unstructured"
                                sling:resourceType="granite/ui/components/foundation/form/textfield"
                                fieldDescription="Excel download placeholder's label to be displayed on page.Note: If not authored Excel download option will be unavailable. "
                                fieldLabel="Excel Label"
                                maxLength="40"
                                name="./excellabel"/>
                            <excelicon
                                jcr:primaryType="nt:unstructured"
                                sling:resourceType="granite/ui/components/foundation/form/pathbrowser"
                                fieldDescription="Excel download icon to be displayed on page."
                                fieldLabel="Excel Icon"
                                name="./excelicon"
                                rootPath="/content/dam/devuniversity"/>
                            <excelname
                                jcr:primaryType="nt:unstructured"
                                sling:resourceType="granite/ui/components/foundation/form/textfield"
                                fieldDescription="File name for the downloaded Excel.( Default filename : Search_Details)"
                                fieldLabel="Downloaded Excel File Name"
                                name="./excelname"/>
                            <excelsheetname
                                jcr:primaryType="nt:unstructured"
                                sling:resourceType="granite/ui/components/foundation/form/textfield"
                                fieldDescription="Sheet name for the downloaded Excel.( Default sheet name: Search-Details)"
                                fieldLabel="Downloaded Excel File Sheet Name"
                                name="./excelsheetname"/>
                        </items>
                    </columns>
                </items>
            </excel>
        </items>
    </content>
</jcr:root>
