<?xml version="1.0" encoding="UTF-8"?>
<jcr:root xmlns:cq="http://www.day.com/jcr/cq/1.0" xmlns:jcr="http://www.jcp.org/jcr/1.0" xmlns:nt="http://www.jcp.org/jcr/nt/1.0"
    jcr:primaryType="cq:Dialog"
    height="500"
    title="Show Excel"
    width="1000"
    xtype="dialog">
    <items
        jcr:primaryType="cq:Widget"
        xtype="tabpanel">
        <items jcr:primaryType="cq:WidgetCollection">
            <tab1
                jcr:primaryType="cq:Panel"
                title="Table 1">
                <items jcr:primaryType="cq:WidgetCollection">
                    <tablename
                        jcr:primaryType="cq:Widget"
                        defaultValue="Ask Question"
                        fieldLabel="QnA Button Text"
                        name="./buttontext"
                        xtype="textfield"/>
                    <firstcolumn
                        jcr:primaryType="cq:Widget"
                        fieldLabel="First column"
                        xtype="dialogfieldset">
                        <items jcr:primaryType="cq:WidgetCollection">
                            <hidingcol1
                                jcr:primaryType="cq:Widget"
                                defaultValue="false"
                                fieldLabel="Hide Column"
                                name="./hidecol11"
                                type="checkbox"
                                xtype="selection">
                                <listeners
                                    jcr:primaryType="nt:unstructured"
                                    selectionchanged="function(comp, val, isChecked) {&#xa;        var dlg = comp.findParentByType(&quot;dialog&quot;);&#xa;       var sortcol11 = dlg.getField(&quot;./sortcol11&quot;);&#xa;&#x9;&#x9;if(isChecked){&#xa;&#x9;&#x9;sortcol11.setValue(false);&#xa;&#x9;&#x9;sortcol11.hide();&#xa;&#x9;&#x9;}else{&#x9;&#x9;&#xa;&#x9;&#x9;&#x9;sortcol11.show(); &#xa;&#x9;&#x9;&#x9;}&#x9;&#x9;&#x9;&#x9;&#xa;&#x9;}"/>
                            </hidingcol1>
                            <sortingcol1
                                jcr:primaryType="cq:Widget"
                                defaultValue="false"
                                fieldLabel="Sort Column"
                                name="./sortcol11"
                                type="checkbox"
                                xtype="selection"/>
                        </items>
                    </firstcolumn>
                    <secondcolumn
                        jcr:primaryType="cq:Widget"
                        fieldLabel="Second column"
                        xtype="dialogfieldset">
                        <items jcr:primaryType="cq:WidgetCollection">
                            <hidingcol2
                                jcr:primaryType="cq:Widget"
                                defaultValue="false"
                                fieldLabel="Hide Column"
                                name="./hidecol12"
                                type="checkbox"
                                xtype="selection">
                                <listeners
                                    jcr:primaryType="nt:unstructured"
                                    selectionchanged="&#x9;function(comp, val, isChecked) {&#xa;        var dlg = comp.findParentByType(&quot;dialog&quot;);&#xa;&#x9;&#x9;var sortcol12 = dlg.getField(&quot;./sortcol12&quot;);&#xa;&#x9;&#x9;if(isChecked){&#xa;&#x9;&#x9;sortcol12.setValue(false);&#xa;&#x9;&#x9;sortcol12.hide();&#xa;&#x9;&#x9;}else{&#x9;&#xa;&#x9;&#x9;&#x9;sortcol12.show(); &#x9;&#x9;&#x9;&#xa;&#x9;&#x9;&#x9;}&#xa;    }"/>
                            </hidingcol2>
                            <sortingcol2
                                jcr:primaryType="cq:Widget"
                                defaultValue="false"
                                fieldLabel="Sort Column"
                                name="./sortcol12"
                                type="checkbox"
                                xtype="selection"/>
                        </items>
                    </secondcolumn>
                    <thirdcolumn
                        jcr:primaryType="cq:Widget"
                        fieldLabel="Third Column"
                        xtype="dialogfieldset">
                        <items jcr:primaryType="cq:WidgetCollection">
                            <hidingcol3
                                jcr:primaryType="cq:Widget"
                                defaultValue="false"
                                fieldLabel="Hide Column"
                                name="./hidecol13"
                                type="checkbox"
                                xtype="selection">
                                <listeners
                                    jcr:primaryType="nt:unstructured"
                                    selectionchanged="function(comp, val, isChecked) {&#xa;        var dlg = comp.findParentByType(&quot;dialog&quot;);&#xa;&#x9;&#x9;var sortcol13 = dlg.getField(&quot;./sortcol13&quot;);&#xa;&#x9;&#x9;if(isChecked){&#xa;&#x9;&#x9;sortcol13.setValue(false);&#xa;&#x9;&#x9;sortcol13.hide();&#xa;&#x9;&#x9;}else{&#x9;&#xa;&#x9;&#x9;&#x9;sortcol13.show(); &#x9;&#x9;&#x9;&#xa;&#x9;&#x9;&#x9;}&#xa;    }"/>
                            </hidingcol3>
                            <sortingcol3
                                jcr:primaryType="cq:Widget"
                                defaultValue="false"
                                fieldLabel="Sort Column"
                                name="./sortcol13"
                                type="checkbox"
                                xtype="selection"/>
                        </items>
                    </thirdcolumn>
                    <fouthcolumn
                        jcr:primaryType="cq:Widget"
                        fieldLabel="Fourth Column"
                        xtype="dialogfieldset">
                        <items jcr:primaryType="cq:WidgetCollection">
                            <hidingcol4
                                jcr:primaryType="cq:Widget"
                                defaultValue="false"
                                fieldLabel="Hide Column"
                                name="./hidecol14"
                                type="checkbox"
                                xtype="selection">
                                <listeners
                                    jcr:primaryType="nt:unstructured"
                                    selectionchanged="function(comp, val, isChecked) {&#xa;        var dlg = comp.findParentByType(&quot;dialog&quot;);&#xa;        var sortcol14 = dlg.getField(&quot;./sortcol14&quot;);&#xa;&#x9;&#x9;if(isChecked){&#xa;&#x9;&#x9;sortcol14.setValue(false);&#xa;&#x9;&#x9;sortcol14.hide();&#xa;&#x9;&#x9;}else{&#x9;&#xa;&#x9;&#x9;&#x9;sortcol14.show(); &#x9;&#x9;&#x9;&#xa;&#x9;&#x9;&#x9;}&#xa;    }"/>
                            </hidingcol4>
                            <sortingcol4
                                jcr:primaryType="cq:Widget"
                                defaultValue="false"
                                fieldLabel="Sort Column"
                                name="./sortcol14"
                                type="checkbox"
                                xtype="selection"/>
                        </items>
                    </fouthcolumn>
                    <fifthcolumn
                        jcr:primaryType="cq:Widget"
                        fieldLabel="Fifth Column"
                        xtype="dialogfieldset">
                        <items jcr:primaryType="cq:WidgetCollection">
                            <hidingcol5
                                jcr:primaryType="cq:Widget"
                                defaultValue="false"
                                fieldLabel="Hide Column"
                                name="./hidecol15"
                                type="checkbox"
                                xtype="selection">
                                <listeners
                                    jcr:primaryType="nt:unstructured"
                                    selectionchanged="function(comp, val, isChecked) {&#xa;        var dlg = comp.findParentByType(&quot;dialog&quot;);&#xa;       var sortcol15 = dlg.getField(&quot;./sortcol15&quot;);&#xa;&#x9;&#x9;if(isChecked){&#xa;&#x9;&#x9;sortcol15.setValue(false);&#xa;&#x9;&#x9;sortcol15.hide();&#xa;&#x9;&#x9;}else{&#x9;&#xa;&#x9;&#x9;&#x9;sortcol15.show(); &#x9;&#x9;&#x9;&#xa;&#x9;&#x9;&#x9;}&#xa;    }"/>
                            </hidingcol5>
                            <sortingcol5
                                jcr:primaryType="cq:Widget"
                                defaultValue="false"
                                fieldLabel="Sort Column"
                                name="./sortcol15"
                                type="checkbox"
                                xtype="selection"/>
                        </items>
                    </fifthcolumn>
                    <sixthcolumn
                        jcr:primaryType="cq:Widget"
                        fieldLabel="Sixth Column"
                        xtype="dialogfieldset">
                        <items jcr:primaryType="cq:WidgetCollection">
                            <hidingcol6
                                jcr:primaryType="cq:Widget"
                                defaultValue="false"
                                fieldLabel="Hide Column"
                                name="./hidecol16"
                                type="checkbox"
                                xtype="selection">
                                <listeners
                                    jcr:primaryType="nt:unstructured"
                                    selectionchanged="&#x9;function(comp, val, isChecked) {&#xa;        var dlg = comp.findParentByType(&quot;dialog&quot;);&#xa;&#x9;&#x9;var sortcol16 = dlg.getField(&quot;./sortcol16&quot;);&#xa;&#x9;&#x9;if(isChecked){&#xa;&#x9;&#x9;sortcol16.setValue(false);&#xa;&#x9;&#x9;sortcol16.hide();&#xa;&#x9;&#x9;}else{&#x9;&#xa;&#x9;&#x9;&#x9;sortcol16.show(); &#x9;&#x9;&#x9;&#xa;&#x9;&#x9;&#x9;}&#xa;    }"/>
                            </hidingcol6>
                            <sortingcol6
                                jcr:primaryType="cq:Widget"
                                defaultValue="false"
                                fieldLabel="Sort Column"
                                name="./sortcol16"
                                type="checkbox"
                                xtype="selection"/>
                        </items>
                    </sixthcolumn>
                </items>
            </tab1>
        </items>
    </items>
</jcr:root>
