<?xml version="1.0" encoding="UTF-8"?>
<jcr:root xmlns:cq="http://www.day.com/jcr/cq/1.0" xmlns:jcr="http://www.jcp.org/jcr/1.0" xmlns:nt="http://www.jcp.org/jcr/nt/1.0"
    jcr:primaryType="cq:Dialog"
    helpPath="en/cq/current/wcm/default_components.html#Text"
    setFieldLabel="function(f){console.dir(f);f.label.applyStyles({display:&quot;block&quot;});f.hideLabel=false;f.label.update('New label');alert(&quot;successfully setfieldlabel&quot;);}"
    title="Text"
    xtype="tabpanel">
    <items jcr:primaryType="cq:WidgetCollection">
        <items jcr:primaryType="cq:WidgetCollection">
            <tab1
                jcr:primaryType="cq:Panel"
                title="Positive IBP">
                <items jcr:primaryType="cq:WidgetCollection">
                    <rte
                        jcr:primaryType="cq:Widget"
                        enableSourceEdit="true"
                        enableSpecialChars="true"
                        enableSubSuperScript="true"
                        hideLabel="true"
                        name="./positivetext"
                        xtype="richtext">
                        <listeners
                            jcr:primaryType="nt:unstructured"
                            beforerender="function(cobj){var d=cobj.findParentByType(&quot;dialog&quot;);if(typeof d.setFieldLabel == 'function'){d.setFieldLabel(cobj);} }"/>
                        <rtePlugins jcr:primaryType="nt:unstructured">
                            <insertvars
                                jcr:primaryType="nt:unstructured"
                                features="*"/>
                            <links
                                jcr:primaryType="nt:unstructured"
                                features="[-]">
                                <linkDialogConfig
                                    jcr:primaryType="nt:unstructured"
                                    height="{Long}316">
                                    <linkAttributes jcr:primaryType="cq:WidgetCollection">
                                        <linkAdvanced
                                            jcr:primaryType="cq:Widget"
                                            collapsed="{Boolean}true"
                                            collapsible="{Boolean}true"
                                            inputValue="advanced"
                                            name="./linkdialog/cq:adhocLinkTrackingTab"
                                            title="Link tracking"
                                            xtype="dialogfieldset">
                                            <items jcr:primaryType="cq:WidgetCollection">
                                                <enable
                                                    jcr:primaryType="nt:unstructured"
                                                    attribute="enabletracking"
                                                    fieldDescription="override analytics framework settings"
                                                    fieldLabel="Custom link tracking"
                                                    name="./linkdialog/cq:adhocLinkTrackingEnableTracking"
                                                    xtype="checkbox">
                                                    <listeners
                                                        jcr:primaryType="nt:unstructured"
                                                        check="function(component){var dlg=component.findParentByType('rtelinkdialog');dlg.enableSCFields(component.checked);}"/>
                                                </enable>
                                                <evars
                                                    jcr:primaryType="nt:unstructured"
                                                    attribute="adhocevars"
                                                    fieldDescription="e.g.: eVar1: pagedata.url, prop4: 'const'"
                                                    fieldLabel="Include SiteCatalyst variables"
                                                    name="./linkdialog/cq:adhocLinkTrackingEvars"
                                                    xtype="textfield"/>
                                                <events
                                                    jcr:primaryType="nt:unstructured"
                                                    attribute="adhocevents"
                                                    fieldDescription="e.g.: event2, event7"
                                                    fieldLabel="Include SiteCatalyst events"
                                                    name="./linkdialog/cq:adhocLinkTrackingEvents"
                                                    xtype="textfield"/>
                                            </items>
                                        </linkAdvanced>
                                    </linkAttributes>
                                </linkDialogConfig>
                            </links>
                            <paraformat
                                jcr:primaryType="nt:unstructured"
                                features="*"/>
                            <popup
                                jcr:primaryType="nt:unstructured"
                                features="*"/>
                        </rtePlugins>
                    </rte>
                </items>
            </tab1>
            <tab2
                jcr:primaryType="cq:Panel"
                title="Negative IBP">
                <items jcr:primaryType="cq:WidgetCollection">
                    <rte
                        jcr:primaryType="cq:Widget"
                        enableSourceEdit="true"
                        enableSpecialChars="true"
                        enableSubSuperScript="true"
                        hideLabel="true"
                        name="./negativetext"
                        xtype="richtext">
                        <listeners
                            jcr:primaryType="nt:unstructured"
                            beforerender="function(cobj){var d=cobj.findParentByType(&quot;dialog&quot;);if(typeof d.setFieldLabel == 'function'){d.setFieldLabel(cobj);} }"/>
                        <rtePlugins jcr:primaryType="nt:unstructured">
                            <insertvars
                                jcr:primaryType="nt:unstructured"
                                features="*"/>
                            <links
                                jcr:primaryType="nt:unstructured"
                                features="[-]">
                                <linkDialogConfig
                                    jcr:primaryType="nt:unstructured"
                                    height="{Long}316">
                                    <linkAttributes jcr:primaryType="cq:WidgetCollection">
                                        <linkAdvanced
                                            jcr:primaryType="cq:Widget"
                                            collapsed="{Boolean}true"
                                            collapsible="{Boolean}true"
                                            inputValue="advanced"
                                            name="./linkdialog/cq:adhocLinkTrackingTab"
                                            title="Link tracking"
                                            xtype="dialogfieldset">
                                            <items jcr:primaryType="cq:WidgetCollection">
                                                <enable
                                                    jcr:primaryType="nt:unstructured"
                                                    attribute="enabletracking"
                                                    fieldDescription="override analytics framework settings"
                                                    fieldLabel="Custom link tracking"
                                                    name="./linkdialog/cq:adhocLinkTrackingEnableTracking"
                                                    xtype="checkbox">
                                                    <listeners
                                                        jcr:primaryType="nt:unstructured"
                                                        check="function(component){var dlg=component.findParentByType('rtelinkdialog');dlg.enableSCFields(component.checked);}"/>
                                                </enable>
                                                <evars
                                                    jcr:primaryType="nt:unstructured"
                                                    attribute="adhocevars"
                                                    fieldDescription="e.g.: eVar1: pagedata.url, prop4: 'const'"
                                                    fieldLabel="Include SiteCatalyst variables"
                                                    name="./linkdialog/cq:adhocLinkTrackingEvars"
                                                    xtype="textfield"/>
                                                <events
                                                    jcr:primaryType="nt:unstructured"
                                                    attribute="adhocevents"
                                                    fieldDescription="e.g.: event2, event7"
                                                    fieldLabel="Include SiteCatalyst events"
                                                    name="./linkdialog/cq:adhocLinkTrackingEvents"
                                                    xtype="textfield"/>
                                            </items>
                                        </linkAdvanced>
                                    </linkAttributes>
                                </linkDialogConfig>
                            </links>
                            <paraformat
                                jcr:primaryType="nt:unstructured"
                                features="*"/>
                            <popup
                                jcr:primaryType="nt:unstructured"
                                features="*"/>
                        </rtePlugins>
                    </rte>
                </items>
            </tab2>
        </items>
    </items>
</jcr:root>
