<?xml version="1.0" encoding="UTF-8"?>
<jcr:root xmlns:cq="http://www.day.com/jcr/cq/1.0" xmlns:jcr="http://www.jcp.org/jcr/1.0" xmlns:nt="http://www.jcp.org/jcr/nt/1.0"
    jcr:primaryType="cq:Dialog"
    title="Use Your Results"
    width="{Long}1000"
    xtype="dialog">
    <items jcr:primaryType="cq:TabPanel">
        <items jcr:primaryType="cq:WidgetCollection">
            <tab1
                jcr:primaryType="cq:Panel"
                title="Use Your Results">
                <items jcr:primaryType="cq:WidgetCollection">
                    <index
                        jcr:primaryType="cq:Widget"
                        allowBlank="false"
                        fieldLabel="Index"
                        name="./index"
                        xtype="numberfield"/>
                    <title
                        jcr:primaryType="cq:Widget"
                        allowBlank="false"
                        fieldLabel="Title"
                        name="./title1"
                        xtype="textfield"/>
                    <description
                        jcr:primaryType="cq:Widget"
                        allowBlank="false"
                        fieldLabel="Description"
                        name="./description1"
                        xtype="textarea"/>
                    <yestext1
                        jcr:primaryType="cq:Widget"
                        fieldLabel="Yes Text For PDF"
                        name="./yestxt"
                        xtype="textfield"/>
                    <notext1
                        jcr:primaryType="cq:Widget"
                        fieldLabel="No Text For PDF"
                        name="./notxt"
                        xtype="textfield"/>
                </items>
            </tab1>
            <tab2
                jcr:primaryType="cq:Panel"
                title="Print">
                <items jcr:primaryType="cq:WidgetCollection">
                    <title
                        jcr:primaryType="cq:Widget"
                        allowBlank="false"
                        fieldLabel="Title"
                        name="./title2"
                        xtype="textfield"/>
                    <description
                        jcr:primaryType="cq:Widget"
                        allowBlank="false"
                        fieldLabel="Description"
                        name="./description2"
                        xtype="textarea"/>
                    <buttontext
                        jcr:primaryType="cq:Widget"
                        allowBlank="false"
                        fieldLabel="Button Text"
                        name="./buttonprint"
                        xtype="textfield"/>
                </items>
            </tab2>
            <tab3
                jcr:primaryType="cq:Panel"
                title="Email">
                <items jcr:primaryType="cq:WidgetCollection">
                    <title
                        jcr:primaryType="cq:Widget"
                        allowBlank="false"
                        fieldLabel="Title"
                        name="./title3"
                        xtype="textfield"/>
                    <description
                        jcr:primaryType="cq:Widget"
                        allowBlank="false"
                        fieldLabel="Description"
                        name="./description3"
                        xtype="textarea"/>
                    <emaildefault
                        jcr:primaryType="cq:Widget"
                        fieldLabel="Default message for Email"
                        name="./deafultemail"
                        xtype="textfield"/>
                    <namedefault
                        jcr:primaryType="cq:Widget"
                        fieldLabel="Default message for Name field"
                        name="./defaultname"
                        xtype="textfield"/>
                    <buttontext
                        jcr:primaryType="cq:Widget"
                        allowBlank="false"
                        fieldLabel="Button Text"
                        name="./buttonemail"
                        xtype="textfield"/>
                    <subject
                        jcr:primaryType="cq:Widget"
                        allowBlank="false"
                        fieldLabel="Subject Line"
                        name="./subject"
                        xtype="textfield"/>
                </items>
            </tab3>
            <tab4
                jcr:primaryType="cq:Panel"
                title="Static PDF">
                <items jcr:primaryType="cq:WidgetCollection">
                    <pdf
                        jcr:primaryType="cq:Widget"
                        customMultiFieldName="./slideimagefields"
                        fieldDescription="Click the '+' to add a new Link."
                        fieldLabel="Static PDF"
                        id="slideimagefields"
                        maxItems="3"
                        name="./slideimagenooffileds"
                        xtype="custommultifield">
                        <fieldConfig jcr:primaryType="cq:WidgetCollection">
                            <title
                                jcr:primaryType="cq:Widget"
                                allowBlank="false"
                                fieldLabel="Title"
                                name="./multititle"
                                xtype="textfield"/>
                            <description
                                jcr:primaryType="cq:Widget"
                                allowBlank="false"
                                fieldLabel="Description"
                                name="./multidescription"
                                xtype="textarea"/>
                            <buttonlink
                                jcr:primaryType="cq:Widget"
                                fieldLabel="Button Link"
                                name="./buttonlink"
                                xtype="pathfield"/>
                            <buttontext
                                jcr:primaryType="cq:Widget"
                                allowBlank="false"
                                fieldLabel="Button Text"
                                name="./button"
                                xtype="textfield"/>
                        </fieldConfig>
                    </pdf>
                </items>
            </tab4>
            <tab5
                jcr:primaryType="cq:Panel"
                title="PDF">
                <items jcr:primaryType="cq:WidgetCollection">
                    <images
                        jcr:primaryType="cq:Widget"
                        collapsed="{Boolean}true"
                        collapsible="true"
                        title="Global Content"
                        xtype="dialogfieldset">
                        <items jcr:primaryType="cq:WidgetCollection">
                            <header
                                jcr:primaryType="cq:Widget"
                                allowBlank="{Boolean}false"
                                allowUpload="false"
                                ddGroups="[media]"
                                disableZoom="{Boolean}true"
                                fieldLabel="Header Image"
                                fileNameParameter="./fileNameheader"
                                fileReferenceParameter="./fileReferenceheader"
                                height="200"
                                name="./file1"
                                uploadUrl="/tmp/upload/*"
                                xtype="html5smartimage"/>
                            <footerimage
                                jcr:primaryType="cq:Widget"
                                allowBlank="{Boolean}false"
                                allowUpload="false"
                                ddGroups="[media]"
                                disableZoom="{Boolean}true"
                                fieldLabel="Footer Image"
                                fileNameParameter="./fileNamefooter"
                                fileReferenceParameter="./fileReferencefooter"
                                height="200"
                                name="./file1"
                                uploadUrl="/tmp/upload/*"
                                xtype="html5smartimage"/>
                            <positivemlr
                                jcr:primaryType="cq:Widget"
                                allowUpload="false"
                                ddGroups="[media]"
                                disableZoom="{Boolean}true"
                                fieldLabel="Positive ENV Number"
                                fileNameParameter="./fileNamepositivemlr"
                                fileReferenceParameter="./fileReferencepositivemlr"
                                height="200"
                                name="./positivemlr"
                                uploadUrl="/tmp/upload/*"
                                xtype="html5smartimage"/>
                            <negativemlr
                                jcr:primaryType="cq:Widget"
                                ddGroups="[media]"
                                disableZoom="{Boolean}true"
                                fieldLabel="Negative ENV Number"
                                fileNameParameter="./fileNamenegativemlr"
                                fileReferenceParameter="./fileReferencenegativemlr"
                                height="200"
                                name="./negativemlr"
                                uploadUrl="/tmp/upload/*"
                                xtype="html5smartimage"/>
                        </items>
                    </images>
                    <email
                        jcr:primaryType="cq:Widget"
                        collapsed="{Boolean}true"
                        collapsible="true"
                        title="Email"
                        xtype="dialogfieldset">
                        <items jcr:primaryType="cq:WidgetCollection">
                            <emailtitle
                                jcr:primaryType="cq:Widget"
                                allowBlank="{Boolean}false"
                                fieldLabel="Title"
                                name="./titleemail"
                                xtype="textfield"/>
                            <desc
                                jcr:primaryType="cq:Widget"
                                allowBlank="{Boolean}false"
                                enableSubSuperScript="{Boolean}true"
                                fieldLabel="Description"
                                name="./emaildescription"
                                xtype="richtext"/>
                            <emailid
                                jcr:primaryType="cq:Widget"
                                allowBlank="{Boolean}false"
                                fieldLabel="Sender Email"
                                name="./email"
                                xtype="textfield"/>
                        </items>
                    </email>
                    <page1
                        jcr:primaryType="cq:Widget"
                        collapsed="{Boolean}true"
                        collapsible="true"
                        title="PDF Page 1"
                        xtype="dialogfieldset">
                        <items jcr:primaryType="cq:WidgetCollection">
                            <pdftitle
                                jcr:primaryType="cq:Widget"
                                allowBlank="{Boolean}false"
                                fieldLabel="Title"
                                name="./titlepdf"
                                xtype="textfield"/>
                            <intro
                                jcr:primaryType="cq:Widget"
                                allowBlank="{Boolean}false"
                                enableSubSuperScript="{Boolean}true"
                                fieldLabel="Introduction"
                                name="./intro1"
                                xtype="richtext">
                                <rtePlugins jcr:primaryType="nt:unstructured">
                                    <paraformat
                                        jcr:primaryType="nt:unstructured"
                                        features="*">
                                        <formats jcr:primaryType="cq:WidgetCollection">
                                            <heading1
                                                jcr:primaryType="nt:unstructured"
                                                description="Heading 1"
                                                tag="h1"/>
                                            <heading2
                                                jcr:primaryType="nt:unstructured"
                                                description="Heading 2"
                                                tag="h2"/>
                                            <heading3
                                                jcr:primaryType="nt:unstructured"
                                                description="Heading 3"
                                                tag="h3"/>
                                            <heading4
                                                jcr:primaryType="nt:unstructured"
                                                description="Heading 4"
                                                tag="h4"/>
                                            <heading5
                                                jcr:primaryType="nt:unstructured"
                                                description="Heading 5"
                                                tag="h5"/>
                                            <heading6
                                                jcr:primaryType="nt:unstructured"
                                                description="Heading 6"
                                                tag="h6"/>
                                            <paragraph
                                                jcr:primaryType="nt:unstructured"
                                                description="Paragraph"
                                                tag="p"/>
                                        </formats>
                                    </paraformat>
                                    <misctools
                                        jcr:primaryType="nt:unstructured"
                                        features="*">
                                        <specialCharsConfig jcr:primaryType="nt:unstructured">
                                            <chars jcr:primaryType="nt:unstructured">
                                                <bracket
                                                    jcr:primaryType="nt:unstructured"
                                                    entity="&amp;#187;"/>
                                                <copyright
                                                    jcr:primaryType="nt:unstructured"
                                                    entity="&amp;#169;"/>
                                                <é
                                                    jcr:primaryType="nt:unstructured"
                                                    entity="&amp;eacute;"/>
                                            </chars>
                                        </specialCharsConfig>
                                    </misctools>
                                </rtePlugins>
                            </intro>
                            <redtext
                                jcr:primaryType="cq:Widget"
                                allowBlank="{Boolean}false"
                                fieldLabel="Next Step Button Text"
                                name="./redtext"
                                xtype="richtext">
                                <rtePlugins jcr:primaryType="nt:unstructured">
                                    <misctools
                                        jcr:primaryType="nt:unstructured"
                                        features="[specialchars,sourceedit]">
                                        <specialCharsConfig jcr:primaryType="nt:unstructured">
                                            <chars jcr:primaryType="nt:unstructured">
                                                <bracket
                                                    jcr:primaryType="nt:unstructured"
                                                    entity="&amp;#187;"/>
                                                <copyright
                                                    jcr:primaryType="nt:unstructured"
                                                    entity="&amp;#169;"/>
                                            </chars>
                                        </specialCharsConfig>
                                    </misctools>
                                    <paraformat
                                        jcr:primaryType="nt:unstructured"
                                        features="*">
                                        <formats jcr:primaryType="cq:WidgetCollection">
                                            <heading1
                                                jcr:primaryType="nt:unstructured"
                                                description="Heading 1"
                                                tag="h1"/>
                                            <heading2
                                                jcr:primaryType="nt:unstructured"
                                                description="Heading 2"
                                                tag="h2"/>
                                            <heading3
                                                jcr:primaryType="nt:unstructured"
                                                description="Heading 3"
                                                tag="h3"/>
                                            <heading4
                                                jcr:primaryType="nt:unstructured"
                                                description="Heading 4"
                                                tag="h4"/>
                                            <heading5
                                                jcr:primaryType="nt:unstructured"
                                                description="Heading 5"
                                                tag="h5"/>
                                            <heading6
                                                jcr:primaryType="nt:unstructured"
                                                description="Heading 6"
                                                tag="h6"/>
                                            <paragraph
                                                jcr:primaryType="nt:unstructured"
                                                description="Paragraph"
                                                tag="p"/>
                                        </formats>
                                    </paraformat>
                                </rtePlugins>
                            </redtext>
                        </items>
                    </page1>
                    <page2
                        jcr:primaryType="cq:Widget"
                        collapsed="{Boolean}true"
                        collapsible="true"
                        title="PDF Page 2"
                        xtype="dialogfieldset">
                        <items jcr:primaryType="cq:WidgetCollection">
                            <page2title
                                jcr:primaryType="cq:Widget"
                                allowBlank="{Boolean}false"
                                fieldLabel="Grey Banner Title"
                                name="./page2title"
                                xtype="textfield"/>
                            <intro2
                                jcr:primaryType="cq:Widget"
                                allowBlank="{Boolean}false"
                                fieldLabel="Grey Banner Text"
                                name="./intro2"
                                xtype="richtext">
                                <rtePlugins jcr:primaryType="nt:unstructured">
                                    <paraformat
                                        jcr:primaryType="nt:unstructured"
                                        features="*">
                                        <formats jcr:primaryType="cq:WidgetCollection">
                                            <heading1
                                                jcr:primaryType="nt:unstructured"
                                                description="Heading 1"
                                                tag="h1"/>
                                            <heading2
                                                jcr:primaryType="nt:unstructured"
                                                description="Heading 2"
                                                tag="h2"/>
                                            <heading3
                                                jcr:primaryType="nt:unstructured"
                                                description="Heading 3"
                                                tag="h3"/>
                                            <heading4
                                                jcr:primaryType="nt:unstructured"
                                                description="Heading 4"
                                                tag="h4"/>
                                            <heading5
                                                jcr:primaryType="nt:unstructured"
                                                description="Heading 5"
                                                tag="h5"/>
                                            <heading6
                                                jcr:primaryType="nt:unstructured"
                                                description="Heading 6"
                                                tag="h6"/>
                                            <paragraph
                                                jcr:primaryType="nt:unstructured"
                                                description="Paragraph"
                                                tag="p"/>
                                        </formats>
                                    </paraformat>
                                    <misctools
                                        jcr:primaryType="nt:unstructured"
                                        features="[specialchars,sourceedit]">
                                        <specialCharsConfig jcr:primaryType="nt:unstructured">
                                            <chars jcr:primaryType="nt:unstructured">
                                                <bracket
                                                    jcr:primaryType="nt:unstructured"
                                                    entity="&amp;#187;"/>
                                            </chars>
                                        </specialCharsConfig>
                                    </misctools>
                                </rtePlugins>
                            </intro2>
                            <contacttitle
                                jcr:primaryType="cq:Widget"
                                allowBlank="{Boolean}false"
                                fieldLabel="Blue Banner Title"
                                name="./contacttitle"
                                xtype="textfield"/>
                            <contacttext
                                jcr:primaryType="cq:Widget"
                                allowBlank="{Boolean}false"
                                fieldLabel="Blue Banner Text"
                                name="./contacttext"
                                xtype="textarea"/>
                            <references
                                jcr:primaryType="cq:Widget"
                                allowBlank="{Boolean}false"
                                enableLinks="{Boolean}true"
                                enableLists="{Boolean}true"
                                fieldLabel="References"
                                height="{Long}300"
                                name="./refer"
                                width="{Long}300"
                                xtype="customhtmleditor"/>
                        </items>
                    </page2>
                </items>
            </tab5>
        </items>
    </items>
</jcr:root>
