<?xml version="1.0" encoding="UTF-8"?>
<jcr:root xmlns:cq="http://www.day.com/jcr/cq/1.0" xmlns:jcr="http://www.jcp.org/jcr/1.0" xmlns:nt="http://www.jcp.org/jcr/nt/1.0"
    jcr:primaryType="cq:Dialog"
    height="{Long}600"
    title="Text And Image With Anchor"
    width="800"
    xtype="dialog">
    <items jcr:primaryType="cq:TabPanel">
        <items jcr:primaryType="cq:WidgetCollection">
            <tab1
                jcr:primaryType="cq:Widget"
                anchor="100%"
                title="Text"
                xtype="panel">
                <items jcr:primaryType="cq:WidgetCollection">
                    <text
                        jcr:primaryType="cq:Widget"
                        enableSubSuperScript="{Boolean}true"
                        externalStyleSheets="[/etc/designs/dtyb/clientlibs/css/style.css,/etc/designs/dtyb/clientlibs/css/bootstrap.css]"
                        fieldDescription="For a new Line: Press(Shift +Enter) and for a new paragraph press (Enter)"
                        fieldLabel="Text Area"
                        name="./text"
                        xtype="richtext">
                        <rtePlugins
                            jcr:primaryType="nt:unstructured"
                            features="*">
                            <color
                                jcr:primaryType="nt:unstructured"
                                features="*">
                                <styles jcr:primaryType="cq:WidgetCollection">
                                    <blue
                                        jcr:primaryType="nt:unstructured"
                                        cssName="blue"
                                        text="Blue"/>
                                    <green
                                        jcr:primaryType="nt:unstructured"
                                        cssName="green"
                                        text="Green"/>
                                    <indigo
                                        jcr:primaryType="nt:unstructured"
                                        cssName="indigo"
                                        text="Indigo"/>
                                    <orange
                                        jcr:primaryType="nt:unstructured"
                                        cssName="orange"
                                        text="Orange"/>
                                    <red
                                        jcr:primaryType="nt:unstructured"
                                        cssName="red"
                                        text="Red"/>
                                    <violet
                                        jcr:primaryType="nt:unstructured"
                                        cssName="violet"
                                        text="Violet"/>
                                    <yellow
                                        jcr:primaryType="nt:unstructured"
                                        cssName="yellow"
                                        text="Yellow"/>
                                </styles>
                            </color>
                            <edit
                                jcr:primaryType="nt:unstructured"
                                features="*"/>
                            <font
                                jcr:primaryType="nt:unstructured"
                                features="*"/>
                            <format
                                jcr:primaryType="nt:unstructured"
                                features="*"/>
                            <image
                                jcr:primaryType="nt:unstructured"
                                features="*"/>
                            <justify
                                jcr:primaryType="nt:unstructured"
                                features="*"/>
                            <links jcr:primaryType="nt:unstructured">
                                <linkDialogConfig
                                    jcr:primaryType="nt:unstructured"
                                    height="{Long}316">
                                    <linkAttributes jcr:primaryType="cq:WidgetCollection">
                                        <linkAdvanced
                                            jcr:primaryType="cq:Widget"
                                            collapsed="{Boolean}true"
                                            collapsible="{Boolean}true"
                                            inputValue="advanced"
                                            name="./linkdialog/cq:adhocLinkTrackingTab"
                                            title="Link tracking"
                                            xtype="dialogfieldset">
                                            <items jcr:primaryType="cq:WidgetCollection">
                                                <enable
                                                    jcr:primaryType="nt:unstructured"
                                                    attribute="enabletracking"
                                                    fieldDescription="override analytics framework settings"
                                                    fieldLabel="Custom link tracking"
                                                    name="./linkdialog/cq:adhocLinkTrackingEnableTracking"
                                                    xtype="checkbox">
                                                    <listeners
                                                        jcr:primaryType="nt:unstructured"
                                                        check="function(component){var dlg=component.findParentByType('rtelinkdialog');dlg.enableSCFields(component.checked);}"/>
                                                </enable>
                                                <evars
                                                    jcr:primaryType="nt:unstructured"
                                                    attribute="adhocevars"
                                                    fieldDescription="e.g.: eVar1: pagedata.url, prop4: 'const'"
                                                    fieldLabel="Include SiteCatalyst variables"
                                                    name="./linkdialog/cq:adhocLinkTrackingEvars"
                                                    xtype="textfield"/>
                                                <events
                                                    jcr:primaryType="nt:unstructured"
                                                    attribute="adhocevents"
                                                    fieldDescription="e.g.: event2, event7"
                                                    fieldLabel="Include SiteCatalyst events"
                                                    name="./linkdialog/cq:adhocLinkTrackingEvents"
                                                    xtype="textfield"/>
                                            </items>
                                        </linkAdvanced>
                                    </linkAttributes>
                                </linkDialogConfig>
                            </links>
                            <lists
                                jcr:primaryType="nt:unstructured"
                                features="*"/>
                            <misctools
                                jcr:primaryType="nt:unstructured"
                                features="[specialchars,sourceedit]">
                                <specialCharsConfig jcr:primaryType="nt:unstructured">
                                    <chars jcr:primaryType="nt:unstructured">
                                        <bracket
                                            jcr:primaryType="nt:unstructured"
                                            entity="&amp;#187;"/>
                                    </chars>
                                </specialCharsConfig>
                            </misctools>
                            <paraformat
                                jcr:primaryType="nt:unstructured"
                                features="*">
                                <formats jcr:primaryType="cq:WidgetCollection">
                                    <heading1
                                        jcr:primaryType="nt:unstructured"
                                        description="Heading 1"
                                        tag="h1"/>
                                    <heading2
                                        jcr:primaryType="nt:unstructured"
                                        description="Heading 2"
                                        tag="h2"/>
                                    <heading3
                                        jcr:primaryType="nt:unstructured"
                                        description="Heading 3"
                                        tag="h3"/>
                                    <heading4
                                        jcr:primaryType="nt:unstructured"
                                        description="Heading 4"
                                        tag="h4"/>
                                    <heading5
                                        jcr:primaryType="nt:unstructured"
                                        description="Heading 5"
                                        tag="h5"/>
                                    <heading6
                                        jcr:primaryType="nt:unstructured"
                                        description="Heading 6"
                                        tag="h6"/>
                                    <paragraph
                                        jcr:primaryType="nt:unstructured"
                                        description="Paragraph"
                                        tag="p"/>
                                </formats>
                            </paraformat>
                            <styles
                                jcr:primaryType="nt:unstructured"
                                features="*">
                                <styles jcr:primaryType="cq:WidgetCollection">
                                    <exitramp
                                        jcr:primaryType="nt:unstructured"
                                        cssName="dtyb-ext-link"
                                        text="External Link"/>
                                    <viewMoreLink
                                        jcr:primaryType="nt:unstructured"
                                        cssName="viewMoreLink"
                                        text="Blue-Underlined Links"/>
                                </styles>
                            </styles>
                            <table
                                jcr:primaryType="nt:unstructured"
                                features="*">
                                <tableStyles jcr:primaryType="cq:WidgetCollection">
                                    <GreyBorderTable
                                        jcr:primaryType="nt:unstructured"
                                        cssName="mainTable defaultTable hidden-phone"
                                        text="DTYB Table"/>
                                </tableStyles>
                            </table>
                            <undo
                                jcr:primaryType="nt:unstructured"
                                features="[undo]"/>
                        </rtePlugins>
                    </text>
                    <richFlag
                        jcr:primaryType="cq:Widget"
                        ignoreData="{Boolean}true"
                        name="./textIsRich"
                        value="true"
                        xtype="hidden"/>
                    <buttonlink
                        jcr:primaryType="cq:Widget"
                        fieldLabel="Enter the button link"
                        linkPattern="\{0}.html"
                        name="./buttonlink"
                        rootPath="/content/dtyb"
                        xtype="pathfield"/>
                    <buttontext
                        jcr:primaryType="cq:Widget"
                        fieldLabel="Enter the button text"
                        name="./buttontext"
                        xtype="textfield"/>
                </items>
            </tab1>
            <tab2
                jcr:primaryType="cq:Widget"
                allowUpload="{Boolean}false"
                ddGroups="[media]"
                disableZoom="{Boolean}true"
                fileNameParameter="./fileName"
                fileReferenceParameter="./fileReference"
                name="./file"
                requestSuffix=".img.png"
                sizeLimit="100"
                title="Image"
                xtype="html5smartimage"/>
            <tab3
                jcr:primaryType="cq:Widget"
                title="Advanced Image Properties"
                xtype="panel">
                <items jcr:primaryType="cq:WidgetCollection">
                    <Link
                        jcr:primaryType="cq:Widget"
                        fieldDescription="Enter ther link for Image"
                        fieldLabel="Link"
                        linkPattern="\{0}.html"
                        name="./linkURL"
                        rootPath="/content/dtyb"
                        xtype="pathfield"/>
                    <alt
                        jcr:primaryType="cq:Widget"
                        fieldLabel="Alt text"
                        name="./alttext"
                        xtype="textfield"/>
                    <background
                        jcr:primaryType="cq:Widget"
                        fieldLabel="Background"
                        name="./background"
                        xtype="customcolorfield"/>
                    <bottomborder
                        jcr:primaryType="nt:unstructured"
                        defaultValue=""
                        fieldDescription="Check for Bottom Rule Line"
                        fieldLabel="Bottom Content Break"
                        name="./bottommargin"
                        type="select"
                        xtype="selection">
                        <options jcr:primaryType="cq:WidgetCollection">
                            <none
                                jcr:primaryType="nt:unstructured"
                                text="None"
                                value=""/>
                            <separatorborder
                                jcr:primaryType="nt:unstructured"
                                text="Separator Border"
                                value="bottommargin"/>
                        </options>
                    </bottomborder>
                    <imagePosition
                        jcr:primaryType="cq:Widget"
                        default="pull-left"
                        fieldLabel="Image Position"
                        name="./imagePosition"
                        type="select"
                        xtype="selection">
                        <options jcr:primaryType="cq:WidgetCollection">
                            <left
                                jcr:primaryType="nt:unstructured"
                                text="Left"
                                value="pull-left"/>
                            <none
                                jcr:primaryType="nt:unstructured"
                                text="None"
                                value=""/>
                        </options>
                    </imagePosition>
                    <imgtitle
                        jcr:primaryType="cq:Widget"
                        fieldLabel="Image Title"
                        name="./imgtitle"
                        xtype="textfield"/>
                    <resType
                        jcr:primaryType="cq:Widget"
                        ignoreData="{Boolean}true"
                        name="./image/sling:resourceType"
                        value="foundation/components/image"
                        xtype="hidden"/>
                    <section
                        jcr:primaryType="nt:unstructured"
                        defaultValue="textwrapbelow"
                        fieldLabel="Text Wrapping"
                        name="./section"
                        type="select"
                        xtype="selection">
                        <options jcr:primaryType="cq:WidgetCollection">
                            <none
                                jcr:primaryType="nt:unstructured"
                                text="Wrap Text Below the Image"
                                value="textwrapbelow"/>
                            <textwrap
                                jcr:primaryType="nt:unstructured"
                                text="Wrap Text to Left/Right"
                                value="textwrap"/>
                        </options>
                    </section>
                    <surroundborder
                        jcr:primaryType="nt:unstructured"
                        defaultValue=""
                        fieldDescription="Check for Bottom Rule Line"
                        fieldLabel="Surrounding border"
                        name="./surroundborder"
                        type="select"
                        xtype="selection">
                        <options jcr:primaryType="cq:WidgetCollection">
                            <none
                                jcr:primaryType="nt:unstructured"
                                text="None"
                                value=""/>
                            <surroundborder
                                jcr:primaryType="nt:unstructured"
                                text="Surround Border"
                                value="imageTextBorderDiv"/>
                        </options>
                    </surroundborder>
                    <topborder
                        jcr:primaryType="nt:unstructured"
                        defaultValue=""
                        fieldDescription="Check for Top Rule Line"
                        fieldLabel="Top Content Break"
                        name="./topmargin"
                        type="select"
                        xtype="selection">
                        <options jcr:primaryType="cq:WidgetCollection">
                            <none
                                jcr:primaryType="nt:unstructured"
                                text="None"
                                value=""/>
                            <separatorborder
                                jcr:primaryType="nt:unstructured"
                                text="Separator Border"
                                value="topmargin"/>
                        </options>
                    </topborder>
                    <anchor
                        jcr:primaryType="cq:Widget"
                        data="./anchor"
                        fieldDescription="please provide this anchor Id to map this area using link"
                        fieldLabel="Anchor Id"
                        name="./anchor"
                        readOnly="{Boolean}true"
                        xtype="textfield"/>
                </items>
            </tab3>
        </items>
    </items>
</jcr:root>
