<?xml version="1.0" encoding="UTF-8"?>
<jcr:root xmlns:sling="http://sling.apache.org/jcr/sling/1.0" xmlns:cq="http://www.day.com/jcr/cq/1.0" xmlns:jcr="http://www.jcp.org/jcr/1.0" xmlns:nt="http://www.jcp.org/jcr/nt/1.0"
    jcr:primaryType="nt:unstructured"
    jcr:title="Quick Links"
    sling:resourceType="cq/gui/components/authoring/dialog">
    <content
        jcr:primaryType="nt:unstructured"
        sling:resourceType="granite/ui/components/foundation/container">
        <layout
            jcr:primaryType="nt:unstructured"
            sling:resourceType="granite/ui/components/foundation/layouts/tabs"
            type="nav"/>
        <items jcr:primaryType="nt:unstructured">
            <links
                jcr:primaryType="nt:unstructured"
                jcr:title="Links"
                sling:resourceType="granite/ui/components/foundation/container">
                <layout
                    jcr:primaryType="nt:unstructured"
                    sling:resourceType="granite/ui/components/foundation/layouts/fixedcolumns"/>
                <items jcr:primaryType="nt:unstructured">
                    <columns
                        jcr:primaryType="nt:unstructured"
                        sling:resourceType="granite/ui/components/foundation/container">
                        <items jcr:primaryType="nt:unstructured">
                            <linkstitle
                                jcr:primaryType="nt:unstructured"
                                sling:resourceType="granite/ui/components/foundation/form/textfield"
                                fieldDescription="Links Title"
                                fieldLabel="Links Title"
                                name="./linktitle"/>
                            <addnewuserlabel
                                jcr:primaryType="nt:unstructured"
                                sling:resourceType="granite/ui/components/foundation/form/textfield"
                                fieldDescription="Add new user label"
                                fieldLabel="Add New User Label"
                                name="./addnewuserlabel"/>
                            <addnewuserlink
                                jcr:primaryType="nt:unstructured"
                                sling:resourceType="granite/ui/components/foundation/form/pathbrowser"
                                fieldDescription="Add new user link"
                                fieldLabel="Add New User Link"
                                name="./addnewuserlink"/>
                        </items>
                    </columns>
                </items>
            </links>
            <userdetails
                jcr:primaryType="nt:unstructured"
                jcr:title="User Details"
                sling:resourceType="granite/ui/components/foundation/container">
                <layout
                    jcr:primaryType="nt:unstructured"
                    sling:resourceType="granite/ui/components/foundation/layouts/fixedcolumns"/>
                <items jcr:primaryType="nt:unstructured">
                    <columns
                        jcr:primaryType="nt:unstructured"
                        sling:resourceType="granite/ui/components/foundation/container">
                        <items jcr:primaryType="nt:unstructured">
                            <exportuserdetails
                                jcr:primaryType="nt:unstructured"
                                sling:resourceType="granite/ui/components/foundation/form/textfield"
                                fieldDescription="Export user details label"
                                fieldLabel="Export User Details Label"
                                name="./exportuserdetails"/>
                            <upi
                                jcr:primaryType="nt:unstructured"
                                sling:resourceType="granite/ui/components/foundation/form/checkbox"
                                defaultValue="false"
                                fieldDescription="Select to hide UPI Id column in the excel."
                                inputValue="true"
                                name="./upi"
                                text="UPI Id"/>
                            <firstname
                                jcr:primaryType="nt:unstructured"
                                sling:resourceType="granite/ui/components/foundation/form/checkbox"
                                defaultValue="false"
                                fieldDescription="Select to hide firstname column in the excel."
                                inputValue="true"
                                name="./firstname"
                                text="First Name"/>
                            <middlename
                                jcr:primaryType="nt:unstructured"
                                sling:resourceType="granite/ui/components/foundation/form/checkbox"
                                defaultValue="false"
                                fieldDescription="Select to hide middlename column in the excel."
                                inputValue="true"
                                name="./middlename"
                                text="Middle Name"/>
                            <lastname
                                jcr:primaryType="nt:unstructured"
                                sling:resourceType="granite/ui/components/foundation/form/checkbox"
                                defaultValue="false"
                                fieldDescription="Select to exclude lastname column in the excel."
                                inputValue="true"
                                name="./lastname"
                                text="Last Name"/>
                            <countryname
                                jcr:primaryType="nt:unstructured"
                                sling:resourceType="granite/ui/components/foundation/form/checkbox"
                                defaultValue="false"
                                fieldDescription="Select to hide countryname column in the excel."
                                inputValue="true"
                                name="./countryname"
                                text="Country Name"/>
                            <mail
                                jcr:primaryType="nt:unstructured"
                                sling:resourceType="granite/ui/components/foundation/form/checkbox"
                                defaultValue="false"
                                fieldDescription="Select to hide mail column in the excel."
                                inputValue="true"
                                name="./mail"
                                text="Mail"/>
                            <functioncode
                                jcr:primaryType="nt:unstructured"
                                sling:resourceType="granite/ui/components/foundation/form/checkbox"
                                defaultValue="false"
                                fieldDescription="Select to exclude functioncode column in the excel."
                                inputValue="true"
                                name="./functioncode"
                                text="Function Code"/>
                            <functionname
                                jcr:primaryType="nt:unstructured"
                                sling:resourceType="granite/ui/components/foundation/form/checkbox"
                                defaultValue="false"
                                fieldDescription="Select to exclude functionname column in the excel."
                                inputValue="true"
                                name="./functionname"
                                text="Function Name"/>
                            <positiontitle
                                jcr:primaryType="nt:unstructured"
                                sling:resourceType="granite/ui/components/foundation/form/checkbox"
                                defaultValue="false"
                                fieldDescription="Select to hide positiontitle column in the excel."
                                inputValue="true"
                                name="./positiontitle"
                                text="Position Title"/>
                            <managerupi
                                jcr:primaryType="nt:unstructured"
                                sling:resourceType="granite/ui/components/foundation/form/checkbox"
                                defaultValue="false"
                                fieldDescription="Select to hide managerupi column in the excel."
                                inputValue="true"
                                name="./managerupi"
                                text="Manager UPI ID"/>
                            <manageruserid
                                jcr:primaryType="nt:unstructured"
                                sling:resourceType="granite/ui/components/foundation/form/checkbox"
                                defaultValue="false"
                                fieldDescription="Select to exclude manageruserid column in the excel."
                                inputValue="true"
                                name="./manageruserid"
                                text="Manager UserId"/>
                            <usertype
                                jcr:primaryType="nt:unstructured"
                                sling:resourceType="granite/ui/components/foundation/form/checkbox"
                                defaultValue="false"
                                fieldDescription="Select to hide usertype column in the excel."
                                inputValue="true"
                                name="./usertype"
                                text="User Type"/>
                            <accountstatus
                                jcr:primaryType="nt:unstructured"
                                sling:resourceType="granite/ui/components/foundation/form/checkbox"
                                defaultValue="false"
                                fieldDescription="Select to hide accountstatus column in the excel."
                                inputValue="true"
                                name="./accountstatus"
                                text="Account Status"/>
                            <costcenter
                                jcr:primaryType="nt:unstructured"
                                sling:resourceType="granite/ui/components/foundation/form/checkbox"
                                defaultValue="false"
                                fieldDescription="Select to exclude costcenter column in the excel."
                                inputValue="true"
                                name="./costcenter"
                                text="Cost Center"/>
                            <userenddate
                                jcr:primaryType="nt:unstructured"
                                sling:resourceType="granite/ui/components/foundation/form/checkbox"
                                defaultValue="false"
                                fieldDescription="Select to exclude userenddate column in the excel."
                                inputValue="true"
                                name="./userenddate"
                                text="User End Date"/>
                            <displayname
                                jcr:primaryType="nt:unstructured"
                                sling:resourceType="granite/ui/components/foundation/form/checkbox"
                                defaultValue="false"
                                fieldDescription="Select to hide displayname column in the excel."
                                inputValue="true"
                                name="./displayname"
                                text="Display Name"/>
                            <updateddate
                                jcr:primaryType="nt:unstructured"
                                sling:resourceType="granite/ui/components/foundation/form/checkbox"
                                defaultValue="false"
                                fieldDescription="Select to hide updateddate column in the excel."
                                inputValue="true"
                                name="./updateddate"
                                text="Updated Date"/>
                            <userhiredate
                                jcr:primaryType="nt:unstructured"
                                sling:resourceType="granite/ui/components/foundation/form/checkbox"
                                defaultValue="false"
                                fieldDescription="Select to exclude userhiredate column in the excel."
                                inputValue="true"
                                name="./userhiredate"
                                text="User Hire Date"/>
                        </items>
                    </columns>
                </items>
            </userdetails>
            <excel
                jcr:primaryType="nt:unstructured"
                jcr:title="Excel Configs"
                sling:resourceType="granite/ui/components/foundation/container">
                <layout
                    jcr:primaryType="nt:unstructured"
                    sling:resourceType="granite/ui/components/foundation/layouts/fixedcolumns"/>
                <items jcr:primaryType="nt:unstructured">
                    <columns
                        jcr:primaryType="nt:unstructured"
                        sling:resourceType="granite/ui/components/foundation/container">
                        <items jcr:primaryType="nt:unstructured">
                            <excellabel
                                jcr:primaryType="nt:unstructured"
                                sling:resourceType="granite/ui/components/foundation/form/textfield"
                                fieldLabel="Download J/P/R Excel Label"
                                name="./excellabel"/>
                            <excelname
                                jcr:primaryType="nt:unstructured"
                                sling:resourceType="granite/ui/components/foundation/form/textfield"
                                fieldLabel="Downloaded Excel File Name"
                                name="./excelname"/>
                        </items>
                    </columns>
                </items>
            </excel>
        </items>
    </content>
</jcr:root>
