<?xml version="1.0" encoding="UTF-8"?>
<jcr:root xmlns:cq="http://www.day.com/jcr/cq/1.0" xmlns:jcr="http://www.jcp.org/jcr/1.0" xmlns:nt="http://www.jcp.org/jcr/nt/1.0"
    jcr:primaryType="cq:Dialog"
    title="Image"
    xtype="dialog">
    <items
        jcr:primaryType="nt:unstructured"
        activeTab="0"
        helpPath="en/cq/current/wcm/default_components.html#Image"
        xtype="tabpanel">
        <items jcr:primaryType="cq:WidgetCollection">
            <image
                jcr:primaryType="cq:Widget"
                allowBlank="false"
                allowUpload="{Boolean}false"
                ddGroups="[media]"
                fieldLabel="Image"
                fileNameParameter="./imageName"
                fileReferenceParameter="./fileReference"
                name="./image"
                sizeLimit="100"
                title="Image"
                xtype="html5smartimage"/>
            <advanced
                jcr:primaryType="cq:Widget"
                border="false"
                height=""
                title="Advanced Image Properties"
                width=""
                xtype="panel">
                <items jcr:primaryType="cq:WidgetCollection">
                    <title
                        jcr:primaryType="cq:Widget"
                        fieldLabel="Title"
                        name="./title"
                        xtype="textfield"/>
                    <alt
                        jcr:primaryType="cq:Widget"
                        fieldLabel="Alt Text"
                        name="./alt"
                        xtype="textfield"/>
                    <linkURL
                        jcr:primaryType="cq:Widget"
                        fieldLabel="Link to"
                        linkPattern="\{0}.html"
                        name="./linkURL"
                        rootPath="/content/dtyb"
                        xtype="pathfield"/>
                    <imagePosition
                        jcr:primaryType="cq:Widget"
                        allowBlank="false"
                        defaultValue="left"
                        fieldLabel="Image Position"
                        name="./imagePosition"
                        type="select"
                        xtype="selection">
                        <options jcr:primaryType="cq:WidgetCollection">
                            <left
                                jcr:primaryType="nt:unstructured"
                                text="Content Section"
                                value="left"/>
                            <right
                                jcr:primaryType="nt:unstructured"
                                text="Right Section"
                                value="right"/>
                        </options>
                    </imagePosition>
                    <topborder
                        jcr:primaryType="nt:unstructured"
                        defaultValue=""
                        fieldDescription="Check for Top Rule Line"
                        fieldLabel="Top Content Break"
                        name="./topmargin"
                        type="select"
                        xtype="selection">
                        <options jcr:primaryType="cq:WidgetCollection">
                            <none
                                jcr:primaryType="nt:unstructured"
                                text="None"
                                value=""/>
                            <separatorborder
                                jcr:primaryType="nt:unstructured"
                                text="Separator Border"
                                value="topmargin"/>
                        </options>
                    </topborder>
                    <bottomborder
                        jcr:primaryType="nt:unstructured"
                        defaultValue=""
                        fieldDescription="Check for Bottom Rule Line"
                        fieldLabel="Bottom Content Break"
                        name="./bottommargin"
                        type="select"
                        xtype="selection">
                        <options jcr:primaryType="cq:WidgetCollection">
                            <none
                                jcr:primaryType="nt:unstructured"
                                text="None"
                                value=""/>
                            <separatorborder
                                jcr:primaryType="nt:unstructured"
                                text="Separator Border"
                                value="bottommargin"/>
                        </options>
                    </bottomborder>
                </items>
            </advanced>
        </items>
    </items>
</jcr:root>
