<?xml version="1.0" encoding="UTF-8"?>
<jcr:root xmlns:cq="http://www.day.com/jcr/cq/1.0" xmlns:jcr="http://www.jcp.org/jcr/1.0" xmlns:nt="http://www.jcp.org/jcr/nt/1.0"
    jcr:primaryType="cq:Widget"
    editElementQuery="div[class=&quot;text&quot;]"
    fieldDescription="New Line: Press(Shift +Enter) &amp; New Paragraph: Press (Enter)"
    hideLabel="hideLabel"
    name="./text"
    xtype="richtext">
    <rtePlugins jcr:primaryType="nt:unstructured">
        <edit
            jcr:primaryType="nt:unstructured"
            defaultPasteMode="plaintext"
            features="[cut,copy,delete]"/>
        <findreplace
            jcr:primaryType="nt:unstructured"
            features="*"/>
        <format
            jcr:primaryType="nt:unstructured"
            features="*"/>
        <keys
            jcr:primaryType="nt:unstructured"
            tabSize="4"/>
        <justify
            jcr:primaryType="nt:unstructured"
            features="*"/>
        <links
            jcr:primaryType="nt:unstructured"
            features="*"/>
        <lists
            jcr:primaryType="nt:unstructured"
            identSize="{Long}200"/>
        <misctools
            jcr:primaryType="nt:unstructured"
            features="*">
            <specialCharsConfig jcr:primaryType="nt:unstructured">
                <chars jcr:primaryType="nt:unstructured">
                    <half
                        jcr:primaryType="nt:unstructured"
                        entity="1/2"/>
                </chars>
            </specialCharsConfig>
        </misctools>
        <paraformat
            jcr:primaryType="nt:unstructured"
            features="*">
            <formats jcr:primaryType="cq:WidgetCollection">
                <p
                    jcr:primaryType="nt:unstructured"
                    description="Paragraph"
                    tag="p"/>
                <h1
                    jcr:primaryType="nt:unstructured"
                    description="Heading 1"
                    tag="h1"/>
                <h2
                    jcr:primaryType="nt:unstructured"
                    description="Heading 2"
                    tag="h2"/>
                <h3
                    jcr:primaryType="nt:unstructured"
                    description="Heading 3"
                    tag="h3"/>
                <h4
                    jcr:primaryType="nt:unstructured"
                    description="Heading 4"
                    tag="h4"/>
                <h5
                    jcr:primaryType="nt:unstructured"
                    description="Heading 5"
                    tag="h5"/>
                <h6
                    jcr:primaryType="nt:unstructured"
                    description="Heading 6"
                    tag="h6"/>
            </formats>
        </paraformat>
        <spellcheck
            jcr:primaryType="nt:unstructured"
            features="*"/>
        <styles
            jcr:primaryType="nt:unstructured"
            features="*">
            <styles jcr:primaryType="cq:WidgetCollection">
                <brown
                    jcr:primaryType="nt:unstructured"
                    cssName="txt-brown"
                    text="Brown"/>
                <purple
                    jcr:primaryType="nt:unstructured"
                    cssName="txt-purple"
                    text="Purple"/>
                <blue
                    jcr:primaryType="nt:unstructured"
                    cssName="txt-blue"
                    text="Blue"/>
                <aqua
                    jcr:primaryType="nt:unstructured"
                    cssName="txt-aqua"
                    text="Aqua"/>
            </styles>
        </styles>
        <subsuperscript
            jcr:primaryType="nt:unstructured"
            features="*"/>
        <table
            jcr:primaryType="nt:unstructured"
            features="*"/>
        <undo
            jcr:primaryType="nt:unstructured"
            features="[undo]"/>
    </rtePlugins>
</jcr:root>
