<?xml version="1.0" encoding="UTF-8"?>
<jcr:root xmlns:cq="http://www.day.com/jcr/cq/1.0" xmlns:jcr="http://www.jcp.org/jcr/1.0" xmlns:nt="http://www.jcp.org/jcr/nt/1.0"
    jcr:primaryType="cq:Dialog"
    title="Country Selector - Dialog"
    xtype="dialog">
    <items
        jcr:primaryType="cq:Widget"
        xtype="tabpanel">
        <items jcr:primaryType="cq:WidgetCollection">
            <tab1
                jcr:primaryType="cq:Panel"
                title="Country Selector">
                <items jcr:primaryType="cq:WidgetCollection">
                    <regionandcountry
                        jcr:primaryType="cq:Widget"
                        boxMaxWidth="750"
                        fieldDescription="Click the '+' to add a new link."
                        fieldLabel="Region, Country and Languages"
                        fieldName="Region, Country and Languages"
                        name="./regionandcountry"
                        xtype="multifield">
                        <fieldConfig
                            jcr:primaryType="cq:Widget"
                            border="{Boolean}true"
                            hideLabel="{Boolean}true"
                            layout="form"
                            padding="10px"
                            width="1000"
                            xtype="mymultipanel">
                            <items jcr:primaryType="cq:WidgetCollection">
                                <region
                                    jcr:primaryType="nt:unstructured"
                                    allowBlank="{Boolean}false"
                                    dName="region"
                                    fieldDescription="Select the region"
                                    fieldLabel="Region"
                                    type="select"
                                    width="400"
                                    xtype="selection">
                                    <options jcr:primaryType="cq:WidgetCollection">
                                        <eeme_x0026_a
                                            jcr:primaryType="nt:unstructured"
                                            text="EEME&amp;A"
                                            value="EEMEA"/>
                                        <japac
                                            jcr:primaryType="nt:unstructured"
                                            text="JAPAC"
                                            value="JAPAC"/>
                                        <la
                                            jcr:primaryType="nt:unstructured"
                                            text="LATAM"
                                            value="LA"/>
                                        <us
                                            jcr:primaryType="nt:unstructured"
                                            text="USA"
                                            value="US"/>
                                        <we_x0026_c
                                            jcr:primaryType="nt:unstructured"
                                            text="WE&amp;C"
                                            value="WEC"/>
                                    </options>
                                </region>
                                <country
                                    jcr:primaryType="cq:Widget"
                                    allowBlank="{Boolean}false"
                                    dName="country"
                                    fieldLabel="Country"
                                    width="400"
                                    xtype="textfield"/>
                                <language
                                    jcr:primaryType="cq:Widget"
                                    dName="language"
                                    fieldLabel="Languages"
                                    name="./language"
                                    xtype="multifield">
                                    <fieldConfig
                                        jcr:primaryType="cq:Widget"
                                        border="{Boolean}true"
                                        hideLabel="{Boolean}true"
                                        layout="form"
                                        padding="10px"
                                        width="1000"
                                        xtype="mymultipanel">
                                        <items jcr:primaryType="cq:WidgetCollection">
                                            <languages
                                                jcr:primaryType="cq:Widget"
                                                allowBlank="{Boolean}false"
                                                dName="languages"
                                                fieldLabel="Language"
                                                name="languagess"
                                                width="300"
                                                xtype="textfield"/>
                                            <path
                                                jcr:primaryType="cq:Widget"
                                                allowBlank="{Boolean}false"
                                                dName="redirectionpath"
                                                fieldLabel="Redirection Path"
                                                linkPattern="\{0}.html"
                                                name="redirectpath"
                                                rootPath="/content/abbvie-northstar"
                                                width="300"
                                                xtype="pathfield"/>
                                        </items>
                                    </fieldConfig>
                                </language>
                            </items>
                        </fieldConfig>
                    </regionandcountry>
                </items>
            </tab1>
            <tab2
                jcr:primaryType="cq:Panel"
                title="General">
                <items jcr:primaryType="cq:WidgetCollection">
                    <abbvielogo
                        jcr:primaryType="cq:Widget"
                        fieldLabel="AbbVie Logo Path"
                        name="./abbvielogopath"
                        rootPath="/content/dam/abbvie-northstar/logos"
                        xtype="pathfield"/>
                    <abbvielogoalt
                        jcr:primaryType="cq:Widget"
                        fieldLabel="Alternate Text for AbbVie Logo"
                        name="./abbvielogoalt"
                        xtype="textfield"/>
                    <brandlogo
                        jcr:primaryType="cq:Widget"
                        fieldLabel="Brand Logo Path"
                        name="./brandlogopath"
                        rootPath="/content/dam/abbvie-northstar/logos"
                        xtype="pathfield"/>
                    <brandlogoalt
                        jcr:primaryType="cq:Widget"
                        fieldLabel="Alternate Text for Brand Logo"
                        name="./brandlogoalt"
                        xtype="textfield"/>
                    <defaultcountryoption
                        jcr:primaryType="cq:Widget"
                        fieldLabel="Country Selection Default Option"
                        name="./defaultcountryoption"
                        xtype="textfield"/>
                    <countrydefaulttext
                        jcr:primaryType="cq:Widget"
                        fieldLabel="Country Default Text "
                        name="./ctrydflttext"
                        xtype="textfield"/>
                    <defaultlanguageoption
                        jcr:primaryType="cq:Widget"
                        fieldLabel="Language Selection Default Option"
                        name="./defaultlanguageoption"
                        xtype="textfield"/>
                    <languagedefaulttext
                        jcr:primaryType="cq:Widget"
                        fieldLabel="Language Default Text "
                        name="./langdflttext"
                        xtype="textfield"/>
                    <bottombuttontext
                        jcr:primaryType="cq:Widget"
                        fieldLabel="Bottom Button Text "
                        name="./bottombuttonname"
                        xtype="textfield"/>
                    <bottombuttonlink
                        jcr:primaryType="cq:Widget"
                        fieldLabel="Bottom Button Link"
                        name="./bottombuttonlink"
                        xtype="pathfield"/>
                    <gobuttontext
                        jcr:primaryType="cq:Widget"
                        fieldLabel="Go Button Text "
                        name="./gobuttonname"
                        xtype="textfield"/>
                    <backbuttontext
                        jcr:primaryType="cq:Widget"
                        fieldLabel="Back Button Text "
                        name="./backbuttonname"
                        xtype="textfield"/>
                    <backbuttonlink
                        jcr:primaryType="cq:Widget"
                        fieldLabel="Back Button Link"
                        name="./backbuttonlink"
                        xtype="pathfield"/>
                    <backgroundimage
                        jcr:primaryType="cq:Widget"
                        fieldLabel="Background Image"
                        name="./backgroundimg"
                        rootPath="/content/dam/abbvie-northstar"
                        xtype="pathfield"/>
                    <fullmapimage
                        jcr:primaryType="cq:Widget"
                        fieldLabel="Full Map Image"
                        name="./fullmapimagepath"
                        rootPath="/content/dam/abbvie-northstar"
                        xtype="pathfield"/>
                    <japacmapimage
                        jcr:primaryType="cq:Widget"
                        fieldLabel="JAPAC Map Image"
                        name="./japacmapimagepath"
                        rootPath="/content/dam/abbvie-northstar"
                        xtype="pathfield"/>
                    <wecmapimage
                        jcr:primaryType="cq:Widget"
                        fieldLabel="WE&amp;C Map Image"
                        name="./wecmapimagepath"
                        rootPath="/content/dam/abbvie-northstar"
                        xtype="pathfield"/>
                    <eemeamapimage
                        jcr:primaryType="cq:Widget"
                        fieldLabel="EEME&amp;A Map Image"
                        name="./eemeamapimagepath"
                        rootPath="/content/dam/abbvie-northstar"
                        xtype="pathfield"/>
                    <lamapimage
                        jcr:primaryType="cq:Widget"
                        fieldLabel="LATAM Map Image"
                        name="./lamapimagepath"
                        rootPath="/content/dam/abbvie-northstar"
                        xtype="pathfield"/>
                    <usmapimage
                        jcr:primaryType="cq:Widget"
                        fieldLabel="USA Map Image"
                        name="./usmapimagepath"
                        rootPath="/content/dam/abbvie-northstar"
                        xtype="pathfield"/>
                </items>
            </tab2>
            <tab3
                jcr:primaryType="cq:Panel"
                title="Regions">
                <items jcr:primaryType="cq:WidgetCollection">
                    <eemea
                        jcr:primaryType="cq:Widget"
                        fieldDescription="Enter the text for EEME&amp;A region button"
                        fieldLabel="EEME&amp;A Region Button Text"
                        name="./eemeabuttontext"
                        xtype="richtext">
                        <rtePlugins jcr:primaryType="nt:unstructured">
                            <subsuperscript
                                jcr:primaryType="nt:unstructured"
                                features="*"/>
                            <paraformat
                                jcr:primaryType="nt:unstructured"
                                features="*">
                                <formats jcr:primaryType="cq:WidgetCollection">
                                    <paragraph
                                        jcr:primaryType="nt:unstructured"
                                        description="Paragraph"
                                        tag="p"/>
                                    <heading1
                                        jcr:primaryType="nt:unstructured"
                                        description="Header 1"
                                        tag="h1"/>
                                    <heading2
                                        jcr:primaryType="nt:unstructured"
                                        description="Header 2"
                                        tag="h2"/>
                                    <heading3
                                        jcr:primaryType="nt:unstructured"
                                        description="Header 3"
                                        tag="h3"/>
                                    <heading4
                                        jcr:primaryType="nt:unstructured"
                                        description="Header 4"
                                        tag="h4"/>
                                    <heading5
                                        jcr:primaryType="nt:unstructured"
                                        description="Header 5"
                                        tag="h5"/>
                                    <heading6
                                        jcr:primaryType="nt:unstructured"
                                        description="Header 6"
                                        tag="h6"/>
                                </formats>
                            </paraformat>
                            <misctools
                                jcr:primaryType="nt:unstructured"
                                features="*">
                                <specialCharsConfig jcr:primaryType="nt:unstructured">
                                    <chars jcr:primaryType="nt:unstructured">
                                        <copyright
                                            jcr:primaryType="nt:unstructured"
                                            entity="&amp;#169;"/>
                                        <trademark
                                            jcr:primaryType="nt:unstructured"
                                            entity="&amp;#8482;"/>
                                        <registered
                                            jcr:primaryType="nt:unstructured"
                                            entity="&amp;#174;"/>
                                        <emDash
                                            jcr:primaryType="nt:unstructured"
                                            entity="&amp;#8212;"/>
                                        <pound
                                            jcr:primaryType="nt:unstructured"
                                            entity="&amp;#163;"/>
                                        <nbsp
                                            jcr:primaryType="nt:unstructured"
                                            entity="&amp;#160;"/>
                                    </chars>
                                </specialCharsConfig>
                            </misctools>
                            <links jcr:primaryType="nt:unstructured">
                                <linkDialogConfig
                                    jcr:primaryType="nt:unstructured"
                                    height="{Long}316">
                                    <linkAttributes jcr:primaryType="cq:WidgetCollection">
                                        <linkAdvanced
                                            jcr:primaryType="cq:Widget"
                                            collapsed="{Boolean}true"
                                            collapsible="{Boolean}true"
                                            inputValue="advanced"
                                            name="./linkdialog/cq:adhocLinkTrackingTab"
                                            title="Link tracking"
                                            xtype="dialogfieldset">
                                            <items jcr:primaryType="cq:WidgetCollection">
                                                <enable
                                                    jcr:primaryType="nt:unstructured"
                                                    attribute="enabletracking"
                                                    fieldDescription="Override analytics framework settings"
                                                    fieldLabel="Custom link tracking"
                                                    name="./linkdialog/cq:adhocLinkTrackingEnableTracking"
                                                    xtype="checkbox">
                                                    <listeners
                                                        jcr:primaryType="nt:unstructured"
                                                        check="function(component){var dlg=component.findParentByType('rtelinkdialog');dlg.enableSCFields(component.checked);}"/>
                                                </enable>
                                                <events
                                                    jcr:primaryType="nt:unstructured"
                                                    attribute="adhocevents"
                                                    fieldDescription="e.g.: event2, event7"
                                                    fieldLabel="Include SiteCatalyst events"
                                                    name="./linkdialog/cq:adhocLinkTrackingEvents"
                                                    xtype="textfield"/>
                                                <evars
                                                    jcr:primaryType="nt:unstructured"
                                                    attribute="adhocevars"
                                                    fieldDescription="e.g.: eVar1: pagedata.url, prop4: 'const'"
                                                    fieldLabel="Include SiteCatalyst variables"
                                                    name="./linkdialog/cq:adhocLinkTrackingEvars"
                                                    xtype="textfield"/>
                                            </items>
                                        </linkAdvanced>
                                    </linkAttributes>
                                </linkDialogConfig>
                            </links>
                            <edit
                                jcr:primaryType="nt:unstructured"
                                defaultPasteMode="plaintext"
                                features="[cut,copy,paste-plaintext]"
                                stripHtmlTags="{Boolean}true"/>
                            <findreplace
                                jcr:primaryType="nt:unstructured"
                                features="*"/>
                            <undo
                                jcr:primaryType="nt:unstructured"
                                features="*"/>
                            <format
                                jcr:primaryType="nt:unstructured"
                                features="[bold,italic]"/>
                            <lists
                                jcr:primaryType="nt:unstructured"
                                features="*"/>
                            <justify
                                jcr:primaryType="nt:unstructured"
                                features="*"/>
                            <styles
                                jcr:primaryType="nt:unstructured"
                                features="*">
                                <styles jcr:primaryType="cq:WidgetCollection">
                                    <expansion
                                        jcr:primaryType="nt:unstructured"
                                        cssName="expansion"
                                        text="Expansion"/>
                                </styles>
                            </styles>
                        </rtePlugins>
                    </eemea>
                    <japac
                        jcr:primaryType="cq:Widget"
                        fieldDescription="Enter the text for JAPAC region button"
                        fieldLabel="JAPAC Region Button Text"
                        name="./japacbuttontext"
                        xtype="richtext">
                        <rtePlugins jcr:primaryType="nt:unstructured">
                            <subsuperscript
                                jcr:primaryType="nt:unstructured"
                                features="*"/>
                            <paraformat
                                jcr:primaryType="nt:unstructured"
                                features="*">
                                <formats jcr:primaryType="cq:WidgetCollection">
                                    <paragraph
                                        jcr:primaryType="nt:unstructured"
                                        description="Paragraph"
                                        tag="p"/>
                                    <heading1
                                        jcr:primaryType="nt:unstructured"
                                        description="Header 1"
                                        tag="h1"/>
                                    <heading2
                                        jcr:primaryType="nt:unstructured"
                                        description="Header 2"
                                        tag="h2"/>
                                    <heading3
                                        jcr:primaryType="nt:unstructured"
                                        description="Header 3"
                                        tag="h3"/>
                                    <heading4
                                        jcr:primaryType="nt:unstructured"
                                        description="Header 4"
                                        tag="h4"/>
                                    <heading5
                                        jcr:primaryType="nt:unstructured"
                                        description="Header 5"
                                        tag="h5"/>
                                    <heading6
                                        jcr:primaryType="nt:unstructured"
                                        description="Header 6"
                                        tag="h6"/>
                                </formats>
                            </paraformat>
                            <misctools
                                jcr:primaryType="nt:unstructured"
                                features="*">
                                <specialCharsConfig jcr:primaryType="nt:unstructured">
                                    <chars jcr:primaryType="nt:unstructured">
                                        <copyright
                                            jcr:primaryType="nt:unstructured"
                                            entity="&amp;#169;"/>
                                        <trademark
                                            jcr:primaryType="nt:unstructured"
                                            entity="&amp;#8482;"/>
                                        <registered
                                            jcr:primaryType="nt:unstructured"
                                            entity="&amp;#174;"/>
                                        <emDash
                                            jcr:primaryType="nt:unstructured"
                                            entity="&amp;#8212;"/>
                                        <pound
                                            jcr:primaryType="nt:unstructured"
                                            entity="&amp;#163;"/>
                                        <nbsp
                                            jcr:primaryType="nt:unstructured"
                                            entity="&amp;#160;"/>
                                    </chars>
                                </specialCharsConfig>
                            </misctools>
                            <links jcr:primaryType="nt:unstructured">
                                <linkDialogConfig
                                    jcr:primaryType="nt:unstructured"
                                    height="{Long}316">
                                    <linkAttributes jcr:primaryType="cq:WidgetCollection">
                                        <linkAdvanced
                                            jcr:primaryType="cq:Widget"
                                            collapsed="{Boolean}true"
                                            collapsible="{Boolean}true"
                                            inputValue="advanced"
                                            name="./linkdialog/cq:adhocLinkTrackingTab"
                                            title="Link tracking"
                                            xtype="dialogfieldset">
                                            <items jcr:primaryType="cq:WidgetCollection">
                                                <enable
                                                    jcr:primaryType="nt:unstructured"
                                                    attribute="enabletracking"
                                                    fieldDescription="Override analytics framework settings"
                                                    fieldLabel="Custom link tracking"
                                                    name="./linkdialog/cq:adhocLinkTrackingEnableTracking"
                                                    xtype="checkbox">
                                                    <listeners
                                                        jcr:primaryType="nt:unstructured"
                                                        check="function(component){var dlg=component.findParentByType('rtelinkdialog');dlg.enableSCFields(component.checked);}"/>
                                                </enable>
                                                <events
                                                    jcr:primaryType="nt:unstructured"
                                                    attribute="adhocevents"
                                                    fieldDescription="e.g.: event2, event7"
                                                    fieldLabel="Include SiteCatalyst events"
                                                    name="./linkdialog/cq:adhocLinkTrackingEvents"
                                                    xtype="textfield"/>
                                                <evars
                                                    jcr:primaryType="nt:unstructured"
                                                    attribute="adhocevars"
                                                    fieldDescription="e.g.: eVar1: pagedata.url, prop4: 'const'"
                                                    fieldLabel="Include SiteCatalyst variables"
                                                    name="./linkdialog/cq:adhocLinkTrackingEvars"
                                                    xtype="textfield"/>
                                            </items>
                                        </linkAdvanced>
                                    </linkAttributes>
                                </linkDialogConfig>
                            </links>
                            <edit
                                jcr:primaryType="nt:unstructured"
                                defaultPasteMode="plaintext"
                                features="[cut,copy,paste-plaintext]"
                                stripHtmlTags="{Boolean}true"/>
                            <findreplace
                                jcr:primaryType="nt:unstructured"
                                features="*"/>
                            <undo
                                jcr:primaryType="nt:unstructured"
                                features="*"/>
                            <format
                                jcr:primaryType="nt:unstructured"
                                features="[bold,italic]"/>
                            <lists
                                jcr:primaryType="nt:unstructured"
                                features="*"/>
                            <justify
                                jcr:primaryType="nt:unstructured"
                                features="*"/>
                            <styles
                                jcr:primaryType="nt:unstructured"
                                features="*">
                                <styles jcr:primaryType="cq:WidgetCollection">
                                    <expansion
                                        jcr:primaryType="nt:unstructured"
                                        cssName="expansion"
                                        text="Expansion"/>
                                </styles>
                            </styles>
                        </rtePlugins>
                    </japac>
                    <latam
                        jcr:primaryType="cq:Widget"
                        fieldDescription="Enter the text for LA region button"
                        fieldLabel="LA Region Button Text"
                        name="./labuttontext"
                        xtype="richtext">
                        <rtePlugins jcr:primaryType="nt:unstructured">
                            <subsuperscript
                                jcr:primaryType="nt:unstructured"
                                features="*"/>
                            <paraformat
                                jcr:primaryType="nt:unstructured"
                                features="*">
                                <formats jcr:primaryType="cq:WidgetCollection">
                                    <paragraph
                                        jcr:primaryType="nt:unstructured"
                                        description="Paragraph"
                                        tag="p"/>
                                    <heading1
                                        jcr:primaryType="nt:unstructured"
                                        description="Header 1"
                                        tag="h1"/>
                                    <heading2
                                        jcr:primaryType="nt:unstructured"
                                        description="Header 2"
                                        tag="h2"/>
                                    <heading3
                                        jcr:primaryType="nt:unstructured"
                                        description="Header 3"
                                        tag="h3"/>
                                    <heading4
                                        jcr:primaryType="nt:unstructured"
                                        description="Header 4"
                                        tag="h4"/>
                                    <heading5
                                        jcr:primaryType="nt:unstructured"
                                        description="Header 5"
                                        tag="h5"/>
                                    <heading6
                                        jcr:primaryType="nt:unstructured"
                                        description="Header 6"
                                        tag="h6"/>
                                </formats>
                            </paraformat>
                            <misctools
                                jcr:primaryType="nt:unstructured"
                                features="*">
                                <specialCharsConfig jcr:primaryType="nt:unstructured">
                                    <chars jcr:primaryType="nt:unstructured">
                                        <copyright
                                            jcr:primaryType="nt:unstructured"
                                            entity="&amp;#169;"/>
                                        <trademark
                                            jcr:primaryType="nt:unstructured"
                                            entity="&amp;#8482;"/>
                                        <registered
                                            jcr:primaryType="nt:unstructured"
                                            entity="&amp;#174;"/>
                                        <emDash
                                            jcr:primaryType="nt:unstructured"
                                            entity="&amp;#8212;"/>
                                        <pound
                                            jcr:primaryType="nt:unstructured"
                                            entity="&amp;#163;"/>
                                        <nbsp
                                            jcr:primaryType="nt:unstructured"
                                            entity="&amp;#160;"/>
                                    </chars>
                                </specialCharsConfig>
                            </misctools>
                            <links jcr:primaryType="nt:unstructured">
                                <linkDialogConfig
                                    jcr:primaryType="nt:unstructured"
                                    height="{Long}316">
                                    <linkAttributes jcr:primaryType="cq:WidgetCollection">
                                        <linkAdvanced
                                            jcr:primaryType="cq:Widget"
                                            collapsed="{Boolean}true"
                                            collapsible="{Boolean}true"
                                            inputValue="advanced"
                                            name="./linkdialog/cq:adhocLinkTrackingTab"
                                            title="Link tracking"
                                            xtype="dialogfieldset">
                                            <items jcr:primaryType="cq:WidgetCollection">
                                                <enable
                                                    jcr:primaryType="nt:unstructured"
                                                    attribute="enabletracking"
                                                    fieldDescription="Override analytics framework settings"
                                                    fieldLabel="Custom link tracking"
                                                    name="./linkdialog/cq:adhocLinkTrackingEnableTracking"
                                                    xtype="checkbox">
                                                    <listeners
                                                        jcr:primaryType="nt:unstructured"
                                                        check="function(component){var dlg=component.findParentByType('rtelinkdialog');dlg.enableSCFields(component.checked);}"/>
                                                </enable>
                                                <events
                                                    jcr:primaryType="nt:unstructured"
                                                    attribute="adhocevents"
                                                    fieldDescription="e.g.: event2, event7"
                                                    fieldLabel="Include SiteCatalyst events"
                                                    name="./linkdialog/cq:adhocLinkTrackingEvents"
                                                    xtype="textfield"/>
                                                <evars
                                                    jcr:primaryType="nt:unstructured"
                                                    attribute="adhocevars"
                                                    fieldDescription="e.g.: eVar1: pagedata.url, prop4: 'const'"
                                                    fieldLabel="Include SiteCatalyst variables"
                                                    name="./linkdialog/cq:adhocLinkTrackingEvars"
                                                    xtype="textfield"/>
                                            </items>
                                        </linkAdvanced>
                                    </linkAttributes>
                                </linkDialogConfig>
                            </links>
                            <edit
                                jcr:primaryType="nt:unstructured"
                                defaultPasteMode="plaintext"
                                features="[cut,copy,paste-plaintext]"
                                stripHtmlTags="{Boolean}true"/>
                            <findreplace
                                jcr:primaryType="nt:unstructured"
                                features="*"/>
                            <undo
                                jcr:primaryType="nt:unstructured"
                                features="*"/>
                            <format
                                jcr:primaryType="nt:unstructured"
                                features="[bold,italic]"/>
                            <lists
                                jcr:primaryType="nt:unstructured"
                                features="*"/>
                            <justify
                                jcr:primaryType="nt:unstructured"
                                features="*"/>
                            <styles
                                jcr:primaryType="nt:unstructured"
                                features="*">
                                <styles jcr:primaryType="cq:WidgetCollection">
                                    <expansion
                                        jcr:primaryType="nt:unstructured"
                                        cssName="expansion"
                                        text="Expansion"/>
                                </styles>
                            </styles>
                        </rtePlugins>
                    </latam>
                    <usa
                        jcr:primaryType="cq:Widget"
                        fieldDescription="Enter the text for US region button"
                        fieldLabel="US Region Button Text"
                        name="./usbuttontext"
                        xtype="richtext">
                        <rtePlugins jcr:primaryType="nt:unstructured">
                            <subsuperscript
                                jcr:primaryType="nt:unstructured"
                                features="*"/>
                            <paraformat
                                jcr:primaryType="nt:unstructured"
                                features="*">
                                <formats jcr:primaryType="cq:WidgetCollection">
                                    <paragraph
                                        jcr:primaryType="nt:unstructured"
                                        description="Paragraph"
                                        tag="p"/>
                                    <heading1
                                        jcr:primaryType="nt:unstructured"
                                        description="Header 1"
                                        tag="h1"/>
                                    <heading2
                                        jcr:primaryType="nt:unstructured"
                                        description="Header 2"
                                        tag="h2"/>
                                    <heading3
                                        jcr:primaryType="nt:unstructured"
                                        description="Header 3"
                                        tag="h3"/>
                                    <heading4
                                        jcr:primaryType="nt:unstructured"
                                        description="Header 4"
                                        tag="h4"/>
                                    <heading5
                                        jcr:primaryType="nt:unstructured"
                                        description="Header 5"
                                        tag="h5"/>
                                    <heading6
                                        jcr:primaryType="nt:unstructured"
                                        description="Header 6"
                                        tag="h6"/>
                                </formats>
                            </paraformat>
                            <misctools
                                jcr:primaryType="nt:unstructured"
                                features="*">
                                <specialCharsConfig jcr:primaryType="nt:unstructured">
                                    <chars jcr:primaryType="nt:unstructured">
                                        <copyright
                                            jcr:primaryType="nt:unstructured"
                                            entity="&amp;#169;"/>
                                        <trademark
                                            jcr:primaryType="nt:unstructured"
                                            entity="&amp;#8482;"/>
                                        <registered
                                            jcr:primaryType="nt:unstructured"
                                            entity="&amp;#174;"/>
                                        <emDash
                                            jcr:primaryType="nt:unstructured"
                                            entity="&amp;#8212;"/>
                                        <pound
                                            jcr:primaryType="nt:unstructured"
                                            entity="&amp;#163;"/>
                                        <nbsp
                                            jcr:primaryType="nt:unstructured"
                                            entity="&amp;#160;"/>
                                    </chars>
                                </specialCharsConfig>
                            </misctools>
                            <links jcr:primaryType="nt:unstructured">
                                <linkDialogConfig
                                    jcr:primaryType="nt:unstructured"
                                    height="{Long}316">
                                    <linkAttributes jcr:primaryType="cq:WidgetCollection">
                                        <linkAdvanced
                                            jcr:primaryType="cq:Widget"
                                            collapsed="{Boolean}true"
                                            collapsible="{Boolean}true"
                                            inputValue="advanced"
                                            name="./linkdialog/cq:adhocLinkTrackingTab"
                                            title="Link tracking"
                                            xtype="dialogfieldset">
                                            <items jcr:primaryType="cq:WidgetCollection">
                                                <enable
                                                    jcr:primaryType="nt:unstructured"
                                                    attribute="enabletracking"
                                                    fieldDescription="Override analytics framework settings"
                                                    fieldLabel="Custom link tracking"
                                                    name="./linkdialog/cq:adhocLinkTrackingEnableTracking"
                                                    xtype="checkbox">
                                                    <listeners
                                                        jcr:primaryType="nt:unstructured"
                                                        check="function(component){var dlg=component.findParentByType('rtelinkdialog');dlg.enableSCFields(component.checked);}"/>
                                                </enable>
                                                <events
                                                    jcr:primaryType="nt:unstructured"
                                                    attribute="adhocevents"
                                                    fieldDescription="e.g.: event2, event7"
                                                    fieldLabel="Include SiteCatalyst events"
                                                    name="./linkdialog/cq:adhocLinkTrackingEvents"
                                                    xtype="textfield"/>
                                                <evars
                                                    jcr:primaryType="nt:unstructured"
                                                    attribute="adhocevars"
                                                    fieldDescription="e.g.: eVar1: pagedata.url, prop4: 'const'"
                                                    fieldLabel="Include SiteCatalyst variables"
                                                    name="./linkdialog/cq:adhocLinkTrackingEvars"
                                                    xtype="textfield"/>
                                            </items>
                                        </linkAdvanced>
                                    </linkAttributes>
                                </linkDialogConfig>
                            </links>
                            <edit
                                jcr:primaryType="nt:unstructured"
                                defaultPasteMode="plaintext"
                                features="[cut,copy,paste-plaintext]"
                                stripHtmlTags="{Boolean}true"/>
                            <findreplace
                                jcr:primaryType="nt:unstructured"
                                features="*"/>
                            <undo
                                jcr:primaryType="nt:unstructured"
                                features="*"/>
                            <format
                                jcr:primaryType="nt:unstructured"
                                features="[bold,italic]"/>
                            <lists
                                jcr:primaryType="nt:unstructured"
                                features="*"/>
                            <justify
                                jcr:primaryType="nt:unstructured"
                                features="*"/>
                            <styles
                                jcr:primaryType="nt:unstructured"
                                features="*">
                                <styles jcr:primaryType="cq:WidgetCollection">
                                    <expansion
                                        jcr:primaryType="nt:unstructured"
                                        cssName="expansion"
                                        text="Expansion"/>
                                </styles>
                            </styles>
                        </rtePlugins>
                    </usa>
                    <wec
                        jcr:primaryType="cq:Widget"
                        fieldDescription="Enter the text for WE&amp;C region button"
                        fieldLabel="WE&amp;C Region Button Text"
                        name="./wecbuttontext"
                        xtype="richtext">
                        <rtePlugins jcr:primaryType="nt:unstructured">
                            <subsuperscript
                                jcr:primaryType="nt:unstructured"
                                features="*"/>
                            <paraformat
                                jcr:primaryType="nt:unstructured"
                                features="*">
                                <formats jcr:primaryType="cq:WidgetCollection">
                                    <paragraph
                                        jcr:primaryType="nt:unstructured"
                                        description="Paragraph"
                                        tag="p"/>
                                    <heading1
                                        jcr:primaryType="nt:unstructured"
                                        description="Header 1"
                                        tag="h1"/>
                                    <heading2
                                        jcr:primaryType="nt:unstructured"
                                        description="Header 2"
                                        tag="h2"/>
                                    <heading3
                                        jcr:primaryType="nt:unstructured"
                                        description="Header 3"
                                        tag="h3"/>
                                    <heading4
                                        jcr:primaryType="nt:unstructured"
                                        description="Header 4"
                                        tag="h4"/>
                                    <heading5
                                        jcr:primaryType="nt:unstructured"
                                        description="Header 5"
                                        tag="h5"/>
                                    <heading6
                                        jcr:primaryType="nt:unstructured"
                                        description="Header 6"
                                        tag="h6"/>
                                </formats>
                            </paraformat>
                            <misctools
                                jcr:primaryType="nt:unstructured"
                                features="*">
                                <specialCharsConfig jcr:primaryType="nt:unstructured">
                                    <chars jcr:primaryType="nt:unstructured">
                                        <copyright
                                            jcr:primaryType="nt:unstructured"
                                            entity="&amp;#169;"/>
                                        <trademark
                                            jcr:primaryType="nt:unstructured"
                                            entity="&amp;#8482;"/>
                                        <registered
                                            jcr:primaryType="nt:unstructured"
                                            entity="&amp;#174;"/>
                                        <emDash
                                            jcr:primaryType="nt:unstructured"
                                            entity="&amp;#8212;"/>
                                        <pound
                                            jcr:primaryType="nt:unstructured"
                                            entity="&amp;#163;"/>
                                        <nbsp
                                            jcr:primaryType="nt:unstructured"
                                            entity="&amp;#160;"/>
                                    </chars>
                                </specialCharsConfig>
                            </misctools>
                            <links jcr:primaryType="nt:unstructured">
                                <linkDialogConfig
                                    jcr:primaryType="nt:unstructured"
                                    height="{Long}316">
                                    <linkAttributes jcr:primaryType="cq:WidgetCollection">
                                        <linkAdvanced
                                            jcr:primaryType="cq:Widget"
                                            collapsed="{Boolean}true"
                                            collapsible="{Boolean}true"
                                            inputValue="advanced"
                                            name="./linkdialog/cq:adhocLinkTrackingTab"
                                            title="Link tracking"
                                            xtype="dialogfieldset">
                                            <items jcr:primaryType="cq:WidgetCollection">
                                                <enable
                                                    jcr:primaryType="nt:unstructured"
                                                    attribute="enabletracking"
                                                    fieldDescription="Override analytics framework settings"
                                                    fieldLabel="Custom link tracking"
                                                    name="./linkdialog/cq:adhocLinkTrackingEnableTracking"
                                                    xtype="checkbox">
                                                    <listeners
                                                        jcr:primaryType="nt:unstructured"
                                                        check="function(component){var dlg=component.findParentByType('rtelinkdialog');dlg.enableSCFields(component.checked);}"/>
                                                </enable>
                                                <events
                                                    jcr:primaryType="nt:unstructured"
                                                    attribute="adhocevents"
                                                    fieldDescription="e.g.: event2, event7"
                                                    fieldLabel="Include SiteCatalyst events"
                                                    name="./linkdialog/cq:adhocLinkTrackingEvents"
                                                    xtype="textfield"/>
                                                <evars
                                                    jcr:primaryType="nt:unstructured"
                                                    attribute="adhocevars"
                                                    fieldDescription="e.g.: eVar1: pagedata.url, prop4: 'const'"
                                                    fieldLabel="Include SiteCatalyst variables"
                                                    name="./linkdialog/cq:adhocLinkTrackingEvars"
                                                    xtype="textfield"/>
                                            </items>
                                        </linkAdvanced>
                                    </linkAttributes>
                                </linkDialogConfig>
                            </links>
                            <edit
                                jcr:primaryType="nt:unstructured"
                                defaultPasteMode="plaintext"
                                features="[cut,copy,paste-plaintext]"
                                stripHtmlTags="{Boolean}true"/>
                            <findreplace
                                jcr:primaryType="nt:unstructured"
                                features="*"/>
                            <undo
                                jcr:primaryType="nt:unstructured"
                                features="*"/>
                            <format
                                jcr:primaryType="nt:unstructured"
                                features="[bold,italic]"/>
                            <lists
                                jcr:primaryType="nt:unstructured"
                                features="*"/>
                            <justify
                                jcr:primaryType="nt:unstructured"
                                features="*"/>
                            <styles
                                jcr:primaryType="nt:unstructured"
                                features="*">
                                <styles jcr:primaryType="cq:WidgetCollection">
                                    <expansion
                                        jcr:primaryType="nt:unstructured"
                                        cssName="expansion"
                                        text="Expansion"/>
                                </styles>
                            </styles>
                        </rtePlugins>
                    </wec>
                </items>
            </tab3>
        </items>
    </items>
</jcr:root>
