<?xml version="1.0" encoding="UTF-8"?>
<jcr:root xmlns:cq="http://www.day.com/jcr/cq/1.0" xmlns:jcr="http://www.jcp.org/jcr/1.0" xmlns:nt="http://www.jcp.org/jcr/nt/1.0"
    jcr:primaryType="cq:Panel"
    title="NorthStar Metadata">
    <items jcr:primaryType="cq:WidgetCollection">
        <items jcr:primaryType="cq:WidgetCollection">
            <policymetadata
                jcr:primaryType="cq:Widget"
                collapsed="{Boolean}true"
                collapsible="{Boolean}true"
                description="Configure Policy titles, sub policies and their links"
                title="NorthStar Policy Meta Data"
                xtype="dialogfieldset">
                <items jcr:primaryType="cq:WidgetCollection">
                    <menuitems
                        jcr:primaryType="cq:Widget"
                        customMultiFieldName="./menuitems"
                        fieldDescription="Click the '+' to add a new Link."
                        fieldLabel="Left Navigation items"
                        fieldName="Left Navigation items"
                        maxItems="15"
                        name="./nooffileds"
                        xtype="custommultifield">
                        <fieldConfig jcr:primaryType="cq:WidgetCollection">
                            <name
                                jcr:primaryType="cq:Widget"
                                allowBlank="false"
                                fieldLabel="Link Title"
                                name="./name"
                                xtype="textfield"/>
                            <link
                                jcr:primaryType="cq:Widget"
                                fieldDescription="Path of the page to be linked or the anchor id"
                                fieldLabel="Link URL"
                                linkPattern="\{0}.html"
                                name="./link"
                                rootPath="/content/abbvie-northstar"
                                xtype="pathfield"/>
                        </fieldConfig>
                    </menuitems>
                    <policytitle
                        jcr:primaryType="cq:Widget"
                        fieldLabel="Policy Title"
                        name="./policytitle"
                        xtype="textfield"/>
                    <subpolicytitle
                        jcr:primaryType="cq:Widget"
                        fieldLabel="Sub-Policy Title"
                        name="./subpolicytitle"
                        xtype="textfield"/>
                </items>
            </policymetadata>
            <boilerplatedata
                jcr:primaryType="cq:Widget"
                collapsed="{Boolean}true"
                collapsible="{Boolean}true"
                description="Configure Header and Footer boiler plate details. Configure the country specific details"
                title="NorthStar Boilerplate Data"
                xtype="dialogfieldset">
                <items jcr:primaryType="cq:WidgetCollection">
                    <headerboilerplate
                        jcr:primaryType="cq:Widget"
                        fieldDescription="Path need to be entered in root level (language page)"
                        fieldLabel="Path for Header Boilerplate"
                        name="./headerpath"
                        xtype="pathfield"/>
                    <footerboilerplate
                        jcr:primaryType="cq:Widget"
                        fieldDescription="Path need to be entered in root level (language page)"
                        fieldLabel="Path for Footer Boilerplate"
                        name="./footerpath"
                        xtype="pathfield"/>
                    <flag
                        jcr:primaryType="cq:Widget"
                        fieldDescription="The flag image for the country"
                        fieldLabel="Path of Country flag"
                        name="./flag"
                        rootPath="/content/dam/abbvie-northstar/flags"
                        xtype="pathfield"/>
                </items>
            </boilerplatedata>
            <sitemapdata
                jcr:primaryType="cq:Widget"
                collapsed="{Boolean}true"
                collapsible="{Boolean}true"
                description="Configure Sitemap details"
                title="NorthStar Sitemap Data"
                xtype="dialogfieldset">
                <items jcr:primaryType="cq:WidgetCollection">
                    <footersitemap
                        jcr:primaryType="cq:Widget"
                        defaultValue="false"
                        fieldDescription="Select to disable footer sitemap"
                        fieldLabel="Disable Footer Sitemap"
                        inputValue="true"
                        name="./disablefootersitemap"
                        type="checkbox"
                        xtype="selection"/>
                    <sitemapxml
                        jcr:primaryType="cq:Widget"
                        fieldDescription="Select checkbox to hide in Sitemap XML"
                        fieldLabel="Hide in Sitemap XML"
                        inputValue="true"
                        name="./sitemapxml"
                        type="checkbox"
                        xtype="selection"/>
                </items>
            </sitemapdata>
            <loginredirecturl
                jcr:primaryType="cq:Widget"
                defaultValue="/content/abbvie-northstar/global/north-america/us/en_us/pages/login.html"
                fieldDescription="Please select Login page path"
                fieldLabel="Login Page URL"
                linkPattern="\{0}.html"
                name="./loginredirecturl"
                rootPath="{Path}/content"
                xtype="pathfield"/>
            <type
                jcr:primaryType="nt:unstructured"
                defaultValue="dark-blue"
                fieldDescription="Select the Separator type"
                fieldLabel="Color type"
                name="./colortype"
                type="select"
                xtype="selection">
                <options jcr:primaryType="cq:WidgetCollection">
                    <dark-blue
                        jcr:primaryType="nt:unstructured"
                        text="Dark-Blue"
                        value="dark-blue"/>
                    <blue
                        jcr:primaryType="nt:unstructured"
                        text="Blue"
                        value="blue"/>
                    <orange
                        jcr:primaryType="nt:unstructured"
                        text="Orange"
                        value="orange"/>
                    <aqua-blue
                        jcr:primaryType="nt:unstructured"
                        text="Aqua-Blue"
                        value="aqua-blue"/>
                    <purple
                        jcr:primaryType="nt:unstructured"
                        text="Purple"
                        value="purple"/>
                    <grey
                        jcr:primaryType="nt:unstructured"
                        text="Grey"
                        value="grey"/>
                </options>
            </type>
        </items>
    </items>
</jcr:root>
