<?xml version="1.0" encoding="UTF-8"?>
<jcr:root xmlns:cq="http://www.day.com/jcr/cq/1.0" xmlns:jcr="http://www.jcp.org/jcr/1.0" xmlns:nt="http://www.jcp.org/jcr/nt/1.0"
    jcr:primaryType="cq:Dialog"
    title="Columns control"
    width="{Long}600"
    xtype="dialog">
    <items jcr:primaryType="cq:WidgetCollection">
        <basic
            jcr:primaryType="cq:Widget"
            title="Configurations"
            xtype="panel">
            <items jcr:primaryType="cq:WidgetCollection">
                <columns
                    jcr:primaryType="cq:Widget"
                    defaultValue="1"
                    fieldLabel="No Of Columns"
                    name="./columns"
                    type="select"
                    xtype="selection">
                    <options jcr:primaryType="cq:WidgetCollection">
                        <onecolumn
                            jcr:primaryType="nt:unstructured"
                            text="One"
                            value="1"/>
                        <twocolumn
                            jcr:primaryType="nt:unstructured"
                            text="Two"
                            value="2"/>
                        <threecolumn
                            jcr:primaryType="nt:unstructured"
                            text="Three"
                            value="3"/>
                        <fourcolumn
                            jcr:primaryType="nt:unstructured"
                            text="Four"
                            value="4"/>
                        <fivecolumn
                            jcr:primaryType="nt:unstructured"
                            text="Five"
                            value="5"/>
                        <sixcolumn
                            jcr:primaryType="nt:unstructured"
                            text="Six"
                            value="6"/>
                        <sevencolumn
                            jcr:primaryType="nt:unstructured"
                            text="Seven"
                            value="7"/>
                        <eightcolumn
                            jcr:primaryType="nt:unstructured"
                            text="Eight"
                            value="8"/>
                        <ninecolumn
                            jcr:primaryType="nt:unstructured"
                            text="Nine"
                            value="9"/>
                        <tencolumn
                            jcr:primaryType="nt:unstructured"
                            text="Ten"
                            value="10"/>
                        <elevencolumn
                            jcr:primaryType="nt:unstructured"
                            text="Eleven"
                            value="11"/>
                        <twelvecolumn
                            jcr:primaryType="nt:unstructured"
                            text="Twelve"
                            value="12"/>
                    </options>
                </columns>
                <mobile
                    jcr:primaryType="cq:Widget"
                    fieldDescription="Select the checkbox to display columns one below another in mobile"
                    fieldLabel="Stack Columns In Mobile"
                    inputValue="stack-column"
                    name="./stackcol"
                    type="checkbox"
                    xtype="selection"/>
                <whitepanel
                    jcr:primaryType="cq:Widget"
                    fieldDescription="Select to add white background with border to panel"
                    fieldLabel="White Panel"
                    inputValue="panel-pane border-pane"
                    name="./whitepanel"
                    type="checkbox"
                    xtype="selection"/>
            </items>
        </basic>
    </items>
</jcr:root>
