<?xml version="1.0" encoding="UTF-8"?>
<jcr:root xmlns:cq="http://www.day.com/jcr/cq/1.0" xmlns:jcr="http://www.jcp.org/jcr/1.0" xmlns:nt="http://www.jcp.org/jcr/nt/1.0"
    jcr:primaryType="cq:Dialog"
    title="Accordion"
    xtype="dialog">
    <items
        jcr:primaryType="cq:Widget"
        xtype="tabpanel">
        <items jcr:primaryType="cq:WidgetCollection">
            <tab1
                jcr:primaryType="cq:Panel"
                title="Accordion">
                <items jcr:primaryType="cq:WidgetCollection">
                    <label
                        jcr:primaryType="cq:Widget"
                        allowBlank="{Boolean}false"
                        fieldLabel="Accordion Label"
                        name="./label"
                        xtype="textfield"/>
                    <accordiontext
                        jcr:primaryType="cq:Widget"
                        basename="accordion_"
                        boxMaxWidth="750"
                        fieldDescription="Click the '+' to add a new Link."
                        fieldLabel="List of Links"
                        name="./accordtext"
                        prefix="./"
                        xtype="mtmulticompositefield">
                        <fieldConfigs jcr:primaryType="cq:WidgetCollection">
                            <title
                                jcr:primaryType="cq:Widget"
                                fieldLabel="Title"
                                name="title"
                                width="400"
                                xtype="textfield"/>
                            <link
                                jcr:primaryType="cq:Widget"
                                fieldLabel="Link"
                                linkPattern="\{0}.html"
                                name="link"
                                rootPath="/content/abbvie-northstar"
                                width="400"
                                xtype="pathfield"/>
                            <newtabcheckbox
                                jcr:primaryType="cq:Widget"
                                defaultValue="{Boolean}false"
                                fieldLabel="Open in new tab?"
                                name="newtabcheckbox"
                                type="checkbox"
                                xtype="selection"/>
                        </fieldConfigs>
                    </accordiontext>
                    <type
                        jcr:primaryType="nt:unstructured"
                        fieldDescription="Select the Separator type"
                        fieldLabel="Color type"
                        name="./colortype"
                        type="select"
                        xtype="selection">
                        <options jcr:primaryType="cq:WidgetCollection">
                            <dark-blue
                                jcr:primaryType="nt:unstructured"
                                text="Dark-Blue"
                                value="dark-blue"/>
                            <blue
                                jcr:primaryType="nt:unstructured"
                                text="Blue"
                                value="blue"/>
                            <orange
                                jcr:primaryType="nt:unstructured"
                                text="Orange"
                                value="orange"/>
                            <aqua-blue
                                jcr:primaryType="nt:unstructured"
                                text="Aqua-Blue"
                                value="aqua-blue"/>
                            <purple
                                jcr:primaryType="nt:unstructured"
                                text="Purple"
                                value="purple"/>
                            <grey
                                jcr:primaryType="nt:unstructured"
                                text="Grey"
                                value="grey"/>
                        </options>
                    </type>
                    <expand
                        jcr:primaryType="cq:Widget"
                        fieldLabel="Text for Expand"
                        maxLength="15"
                        name="./expand"
                        xtype="textfield"/>
                    <collapse
                        jcr:primaryType="cq:Widget"
                        fieldLabel="Text for Collapse"
                        maxLength="15"
                        name="./collapse"
                        xtype="textfield"/>
                    <expandaccordion
                        jcr:primaryType="cq:Widget"
                        defaultValue="{Boolean}true"
                        fieldDescription="Should the Accordion be expanded on page loaded?"
                        fieldLabel="Expand this accordion?"
                        name="./expandaccordion"
                        type="checkbox"
                        xtype="selection"/>
                </items>
            </tab1>
        </items>
    </items>
</jcr:root>
