<?xml version="1.0" encoding="UTF-8"?>
<jcr:root xmlns:sling="http://sling.apache.org/jcr/sling/1.0" xmlns:cq="http://www.day.com/jcr/cq/1.0" xmlns:jcr="http://www.jcp.org/jcr/1.0" xmlns:nt="http://www.jcp.org/jcr/nt/1.0"
    jcr:primaryType="nt:unstructured"
    jcr:title="Compare Policy"
    sling:resourceType="cq/gui/components/authoring/dialog"
    height="30rem"
    width="60rem">
    <content
        jcr:primaryType="nt:unstructured"
        sling:resourceType="granite/ui/components/foundation/container">
        <layout
            jcr:primaryType="nt:unstructured"
            sling:resourceType="granite/ui/components/foundation/layouts/tabs"
            type="nav"/>
        <items jcr:primaryType="nt:unstructured">
            <tab1
                jcr:primaryType="nt:unstructured"
                jcr:title="General"
                sling:resourceType="granite/ui/components/foundation/container">
                <layout
                    jcr:primaryType="nt:unstructured"
                    sling:resourceType="granite/ui/components/foundation/layouts/fixedcolumns"/>
                <items jcr:primaryType="nt:unstructured">
                    <columns
                        jcr:primaryType="nt:unstructured"
                        sling:resourceType="granite/ui/components/foundation/container">
                        <items jcr:primaryType="nt:unstructured">
                            <general
                                jcr:primaryType="nt:unstructured"
                                sling:resourceType="/apps/widgets/touchui-widgets/touchui_limit/touchui_limit.jsp"
                                class="foundation-layout-util-maximized-alt"
                                eaem-nested=""
                                fieldLabel="General"
                                title="General">
                                <field
                                    jcr:primaryType="nt:unstructured"
                                    sling:resourceType="granite/ui/components/foundation/form/fieldset"
                                    baseName="general_"
                                    eaem-nested="NODE_STORE"
                                    fieldDescription="Click on &quot;+&quot; to add items."
                                    fieldLabel="General"
                                    id="multi"
                                    name="./multi">
                                    <layout
                                        jcr:primaryType="nt:unstructured"
                                        sling:resouceType="granite/ui/components/foundation/layouts/fixedcolumns"
                                        method="absolute"/>
                                    <items jcr:primaryType="nt:unstructured">
                                        <column
                                            jcr:primaryType="nt:unstructured"
                                            sling:resourceType="granite/ui/components/foundation/container">
                                            <items jcr:primaryType="nt:unstructured">
                                                <path
                                                    jcr:primaryType="nt:unstructured"
                                                    sling:resourceType="granite/ui/components/foundation/form/pathbrowser"
                                                    fieldLabel="Image"
                                                    name="./image1"/>
                                                <title
                                                    jcr:primaryType="nt:unstructured"
                                                    sling:resourceType="granite/ui/components/foundation/form/textfield"
                                                    fieldLabel="Text"
                                                    name="./text1"/>
                                                <policyname
                                                    jcr:primaryType="nt:unstructured"
                                                    sling:resourceType="granite/ui/components/foundation/form/textfield"
                                                    fieldLabel="Policy Name"
                                                    name="./generalpolicy"/>
                                            </items>
                                        </column>
                                    </items>
                                </field>
                            </general>
                            <heading
                                jcr:primaryType="nt:unstructured"
                                sling:resourceType="granite/ui/components/foundation/form/textfield"
                                fieldLabel="Heading Text"
                                name="./heading1"/>
                        </items>
                    </columns>
                </items>
            </tab1>
            <tab2
                jcr:primaryType="nt:unstructured"
                jcr:title="Fee for Service"
                sling:resourceType="granite/ui/components/foundation/container">
                <layout
                    jcr:primaryType="nt:unstructured"
                    sling:resourceType="granite/ui/components/foundation/layouts/fixedcolumns"/>
                <items jcr:primaryType="nt:unstructured">
                    <columns
                        jcr:primaryType="nt:unstructured"
                        sling:resourceType="granite/ui/components/foundation/container">
                        <items jcr:primaryType="nt:unstructured">
                            <feeforservice
                                jcr:primaryType="nt:unstructured"
                                sling:resourceType="/apps/widgets/touchui-widgets/touchui_limit/touchui_limit.jsp"
                                class="foundation-layout-util-maximized-alt"
                                eaem-nested=""
                                fieldLabel="Fee for Service"
                                title="Fee for Service">
                                <field
                                    jcr:primaryType="nt:unstructured"
                                    sling:resourceType="granite/ui/components/foundation/form/fieldset"
                                    baseName="feeforservice_"
                                    eaem-nested="NODE_STORE"
                                    fieldDescription="Click on &quot;+&quot; to add items."
                                    fieldLabel="Fee for Service"
                                    id="feeforservice"
                                    name="./feeforservice">
                                    <layout
                                        jcr:primaryType="nt:unstructured"
                                        sling:resouceType="granite/ui/components/foundation/layouts/fixedcolumns"
                                        method="absolute"/>
                                    <items jcr:primaryType="nt:unstructured">
                                        <column
                                            jcr:primaryType="nt:unstructured"
                                            sling:resourceType="granite/ui/components/foundation/container">
                                            <items jcr:primaryType="nt:unstructured">
                                                <path
                                                    jcr:primaryType="nt:unstructured"
                                                    sling:resourceType="granite/ui/components/foundation/form/pathbrowser"
                                                    fieldLabel="Image"
                                                    name="./image2"/>
                                                <title
                                                    jcr:primaryType="nt:unstructured"
                                                    sling:resourceType="granite/ui/components/foundation/form/textfield"
                                                    fieldLabel="Text"
                                                    name="./text2"/>
                                                <policyname
                                                    jcr:primaryType="nt:unstructured"
                                                    sling:resourceType="granite/ui/components/foundation/form/textfield"
                                                    fieldLabel="Policy Name"
                                                    name="./freepolicy"/>
                                            </items>
                                        </column>
                                    </items>
                                </field>
                            </feeforservice>
                            <heading
                                jcr:primaryType="nt:unstructured"
                                sling:resourceType="granite/ui/components/foundation/form/textfield"
                                fieldLabel="Heading Text"
                                name="./heading2"/>
                        </items>
                    </columns>
                </items>
            </tab2>
            <tab3
                jcr:primaryType="nt:unstructured"
                jcr:title="Hospitality"
                sling:resourceType="granite/ui/components/foundation/container">
                <layout
                    jcr:primaryType="nt:unstructured"
                    sling:resourceType="granite/ui/components/foundation/layouts/fixedcolumns"/>
                <items jcr:primaryType="nt:unstructured">
                    <columns
                        jcr:primaryType="nt:unstructured"
                        sling:resourceType="granite/ui/components/foundation/container">
                        <items jcr:primaryType="nt:unstructured">
                            <hospitality
                                jcr:primaryType="nt:unstructured"
                                sling:resourceType="/apps/widgets/touchui-widgets/touchui_limit/touchui_limit.jsp"
                                class="foundation-layout-util-maximized-alt"
                                eaem-nested=""
                                fieldLabel="Hospitality"
                                title="hospitality">
                                <field
                                    jcr:primaryType="nt:unstructured"
                                    sling:resourceType="granite/ui/components/foundation/form/fieldset"
                                    baseName="hospitality_"
                                    eaem-nested="NODE_STORE"
                                    fieldDescription="Click on &quot;+&quot; to add items."
                                    fieldLabel="Hospitality"
                                    id="hospitality"
                                    name="./hospitality">
                                    <layout
                                        jcr:primaryType="nt:unstructured"
                                        sling:resouceType="granite/ui/components/foundation/layouts/fixedcolumns"
                                        method="absolute"/>
                                    <items jcr:primaryType="nt:unstructured">
                                        <column
                                            jcr:primaryType="nt:unstructured"
                                            sling:resourceType="granite/ui/components/foundation/container">
                                            <items jcr:primaryType="nt:unstructured">
                                                <path
                                                    jcr:primaryType="nt:unstructured"
                                                    sling:resourceType="granite/ui/components/foundation/form/pathbrowser"
                                                    fieldLabel="Image"
                                                    name="./image3"/>
                                                <title
                                                    jcr:primaryType="nt:unstructured"
                                                    sling:resourceType="granite/ui/components/foundation/form/textfield"
                                                    fieldLabel="Text"
                                                    name="./text3"/>
                                                <policyname
                                                    jcr:primaryType="nt:unstructured"
                                                    sling:resourceType="granite/ui/components/foundation/form/textfield"
                                                    fieldLabel="Policy Name"
                                                    name="./hosppolicy"/>
                                            </items>
                                        </column>
                                    </items>
                                </field>
                            </hospitality>
                            <heading
                                jcr:primaryType="nt:unstructured"
                                sling:resourceType="granite/ui/components/foundation/form/textfield"
                                fieldLabel="Heading Text"
                                name="./heading3"/>
                        </items>
                    </columns>
                </items>
            </tab3>
            <tab4
                jcr:primaryType="nt:unstructured"
                jcr:title="Country Dropdown"
                sling:resourceType="granite/ui/components/foundation/container">
                <layout
                    jcr:primaryType="nt:unstructured"
                    sling:resourceType="granite/ui/components/foundation/layouts/fixedcolumns"/>
                <items jcr:primaryType="nt:unstructured">
                    <columns
                        jcr:primaryType="nt:unstructured"
                        sling:resourceType="granite/ui/components/foundation/container">
                        <items jcr:primaryType="nt:unstructured">
                            <countrydropdown
                                jcr:primaryType="nt:unstructured"
                                sling:resourceType="granite/ui/components/foundation/form/multifield"
                                dName="language"
                                fieldLabel="Language Path"
                                name="./language">
                                <field
                                    jcr:primaryType="nt:unstructured"
                                    sling:resourceType="granite/ui/components/foundation/form/fieldset"
                                    dName="language"
                                    name="language">
                                    <layout
                                        jcr:primaryType="nt:unstructured"
                                        sling:resourceType="granite/ui/components/foundation/layouts/fixedcolumns"
                                        method="absolute"/>
                                    <items jcr:primaryType="nt:unstructured">
                                        <columns
                                            jcr:primaryType="nt:unstructured"
                                            sling:resourceType="granite/ui/components/foundation/container">
                                            <items jcr:primaryType="nt:unstructured">
                                                <country
                                                    jcr:primaryType="nt:unstructured"
                                                    sling:resourceType="granite/ui/components/foundation/form/pathbrowser"
                                                    allowBlank="{Boolean}false"
                                                    fieldLabel="Redirection Path"
                                                    name="./redirectpath"
                                                    rootPath="/content/abbvie-northstar"/>
                                            </items>
                                        </columns>
                                    </items>
                                </field>
                            </countrydropdown>
                            <check
                                jcr:primaryType="nt:unstructured"
                                sling:resourceType="granite/ui/components/foundation/form/checkbox"
                                fieldDescription="Enable only english in the language dropdown"
                                inputValue="true"
                                name="./newwindow"
                                text="Enable Only English"
                                uncheckedValue="false"
                                value="true"/>
                            <title/>
                            <subtitle/>
                            <buttonname/>
                            <tableheading/>
                            <hidelangdropdown
                                jcr:primaryType="nt:unstructured"
                                sling:resourceType="granite/ui/components/foundation/form/checkbox"
                                fieldDescription="Enable this checkbox to hide the language dropdown."
                                inputValue="true"
                                name="./hidelangdropdown"
                                text="Hide Language Dropdown?"
                                uncheckedValue="false"
                                value="true"/>
                        </items>
                    </columns>
                </items>
            </tab4>
            <tab5
                jcr:primaryType="nt:unstructured"
                jcr:title="Export Excel"
                sling:resourceType="granite/ui/components/foundation/container">
                <layout
                    jcr:primaryType="nt:unstructured"
                    sling:resourceType="granite/ui/components/foundation/layouts/fixedcolumns"/>
                <items jcr:primaryType="nt:unstructured">
                    <columns
                        jcr:primaryType="nt:unstructured"
                        sling:resourceType="granite/ui/components/foundation/container">
                        <items jcr:primaryType="nt:unstructured">
                            <excelname
                                jcr:primaryType="nt:unstructured"
                                sling:resourceType="granite/ui/components/foundation/form/textfield"
                                fieldLabel="Excel Name"
                                name="./excelname"/>
                            <sheetname
                                jcr:primaryType="nt:unstructured"
                                sling:resourceType="granite/ui/components/foundation/form/textfield"
                                fieldLabel="Worksheet Name"
                                name="./worksheetname"/>
                            <excelicon
                                jcr:primaryType="nt:unstructured"
                                sling:resourceType="granite/ui/components/foundation/form/pathbrowser"
                                fieldLabel="Excel Icon Path"
                                name="./exceliconpath"/>
                            <exceliconalttext
                                jcr:primaryType="nt:unstructured"
                                sling:resourceType="granite/ui/components/foundation/form/textfield"
                                fieldLabel="Alt-text for Excel Icon"
                                name="./exceliconalttext"/>
                            <text
                                jcr:primaryType="nt:unstructured"
                                sling:resourceType="granite/ui/components/foundation/form/textfield"
                                fieldLabel="Export Excel Text"
                                name="./exportexceltext"/>
                        </items>
                    </columns>
                </items>
            </tab5>
        </items>
    </content>
</jcr:root>
