<?xml version="1.0" encoding="UTF-8"?>
<jcr:root xmlns:cq="http://www.day.com/jcr/cq/1.0" xmlns:jcr="http://www.jcp.org/jcr/1.0" xmlns:nt="http://www.jcp.org/jcr/nt/1.0"
    jcr:primaryType="cq:Dialog"
    title="Catalog"
    width="800"
    xtype="dialog">
    <items
        jcr:primaryType="cq:Widget"
        xtype="tabpanel">
        <items jcr:primaryType="cq:WidgetCollection">
            <labels
                jcr:primaryType="cq:Panel"
                title="Labels">
                <items jcr:primaryType="cq:WidgetCollection">
                    <searchbar
                        jcr:primaryType="cq:Widget"
                        collapsed="{Boolean}false"
                        collapsible="{Boolean}true"
                        title="Search Bar Fields"
                        width="650"
                        xtype="dialogfieldset">
                        <items jcr:primaryType="cq:WidgetCollection">
                            <searchlabel
                                jcr:primaryType="cq:Widget"
                                fieldDescription="Label for search bar."
                                fieldLabel="Search Label"
                                maxLength="10"
                                name="./searchlabel"
                                width="300"
                                xtype="textfield"/>
                            <resetbuttonlabel
                                jcr:primaryType="cq:Widget"
                                fieldDescription="Button label for search bar reset button."
                                fieldLabel="Button Label"
                                maxLength="7"
                                name="./resetbuttonlabel"
                                width="300"
                                xtype="textfield"/>
                            <searchicon
                                jcr:primaryType="cq:Widget"
                                fieldDescription="Path for search icon in search field."
                                fieldLabel="Search Icon"
                                name="./searchicon"
                                rootPath="/content/dam/devuniversity"
                                width="300"
                                xtype="pathfield"/>
                        </items>
                    </searchbar>
                    <primaryfilter
                        jcr:primaryType="cq:Widget"
                        collapsed="{Boolean}false"
                        collapsible="{Boolean}true"
                        title="Primary Filter Fields"
                        width="650"
                        xtype="dialogfieldset">
                        <items jcr:primaryType="cq:WidgetCollection">
                            <refinebyfilterlabel
                                jcr:primaryType="cq:Widget"
                                allowBlank="false"
                                defaultValue="Refine By "
                                fieldDescription="Label for &quot;Refine By&quot; filter."
                                fieldLabel="Refine By Filter Label"
                                maxLength="20"
                                name="./refinebyfilterlabel"
                                width="300"
                                xtype="textfield"/>
                            <resourcelabel
                                jcr:primaryType="cq:Widget"
                                allowBlank="false"
                                defaultValue="Resource"
                                fieldDescription="Label for resource field under primary filter."
                                fieldLabel="Resource Label"
                                maxLength="15"
                                name="./resource"
                                width="300"
                                xtype="textfield"/>
                            <pathlabel
                                jcr:primaryType="cq:Widget"
                                allowBlank="false"
                                defaultValue="Paths"
                                fieldDescription="Label for path field under primary filter."
                                fieldLabel="Path Label"
                                maxLength="15"
                                name="./path"
                                width="300"
                                xtype="textfield"/>
                            <journeylabel
                                jcr:primaryType="cq:Widget"
                                allowBlank="false"
                                defaultValue="Journeys"
                                fieldDescription="Label for journey field under primary filter."
                                fieldLabel="Journey Label"
                                maxLength="15"
                                name="./journey"
                                width="300"
                                xtype="textfield"/>
                            <alllabel
                                jcr:primaryType="cq:Widget"
                                allowBlank="false"
                                defaultValue="All"
                                fieldDescription="Label for all field under primary filter."
                                fieldLabel="All Label"
                                maxLength="15"
                                name="./all"
                                width="300"
                                xtype="textfield"/>
                        </items>
                    </primaryfilter>
                    <secondaryfilter
                        jcr:primaryType="cq:Widget"
                        collapsed="{Boolean}true"
                        collapsible="{Boolean}true"
                        title="Secondary Filter Fields"
                        width="650"
                        xtype="dialogfieldset">
                        <items jcr:primaryType="cq:WidgetCollection">
                            <aimedatfilterlabel
                                jcr:primaryType="cq:Widget"
                                fieldDescription="Label for &quot;Aimed At&quot; filter. NOTE: If empty filter won't appear on page."
                                fieldLabel="Aimed At Filter Label"
                                maxLength="20"
                                name="./aimedatfilterlabel"
                                width="300"
                                xtype="textfield"/>
                            <skillfilterlabel
                                jcr:primaryType="cq:Widget"
                                fieldDescription="Label for &quot;Skill Level&quot; filter. NOTE: If empty filter won't appear on page."
                                fieldLabel="Skill Level Filter Label"
                                maxLength="20"
                                name="./skillfilterlebel"
                                width="300"
                                xtype="textfield"/>
                            <questtopicfilterlabel
                                jcr:primaryType="cq:Widget"
                                fieldDescription="Label for &quot;Quest Topic&quot; filter.  NOTE: If empty filter won't appear on page."
                                fieldLabel="Topics Filter Label"
                                maxLength="20"
                                name="./questtopicfilterlabel"
                                width="300"
                                xtype="textfield"/>
                            <coursetypefilterlabel
                                jcr:primaryType="cq:Widget"
                                fieldDescription="Label for &quot;Resource Type&quot; filter.  NOTE: If empty filter won't appear on page."
                                fieldLabel="Resource Type Filter Label"
                                maxLength="30"
                                name="./resourcetypefilterlabel"
                                width="300"
                                xtype="textfield"/>
                            <newfilterlabel
                                jcr:primaryType="cq:Widget"
                                fieldDescription="Label for &quot;New&quot; filter. NOTE: If empty filter won't appear on page."
                                fieldLabel="New Filter Label"
                                maxLength="20"
                                name="./newfilterlabel"
                                width="300"
                                xtype="textfield"/>
                            <newcheckboxname
                                jcr:primaryType="cq:Widget"
                                fieldDescription="Label for &quot;New filter&quot; checkbox. Note: Default value is &quot;New&quot;"
                                fieldLabel="New Filter Checkbox Label"
                                maxLength="30"
                                name="./newcheckboxname"
                                width="300"
                                xtype="textfield"/>
                            <seemoretext
                                jcr:primaryType="cq:Widget"
                                allowBlank="false"
                                defaultValue="See More"
                                fieldDescription="Label for see more icon in multifield filters."
                                fieldLabel="See More Label"
                                maxLength="10"
                                name="./seemoretext"
                                width="300"
                                xtype="textfield"/>
                            <seelesstext
                                jcr:primaryType="cq:Widget"
                                allowBlank="false"
                                defaultValue="See Less"
                                fieldDescription="Label for see less icon in multifield filters."
                                fieldLabel="See Less Label"
                                maxLength="10"
                                name="./seelesstext"
                                width="300"
                                xtype="textfield"/>
                            <moreicon
                                jcr:primaryType="cq:Widget"
                                fieldDescription="Path for &quot;See More&quot; image in multifield filter."
                                fieldLabel="See More Image"
                                name="./moreicon"
                                rootPath="/content/dam/devuniversity"
                                width="300"
                                xtype="pathfield"/>
                            <lessicon
                                jcr:primaryType="cq:Widget"
                                fieldDescription="Path for &quot;See Less&quot; image in multifield filter."
                                fieldLabel="See Less Image"
                                name="./lessicon"
                                rootPath="/content/dam/devuniversity"
                                width="300"
                                xtype="pathfield"/>
                        </items>
                    </secondaryfilter>
                    <datefilter
                        jcr:primaryType="cq:Widget"
                        collapsed="{Boolean}true"
                        collapsible="{Boolean}true"
                        title="Date Filter Fields"
                        width="650"
                        xtype="dialogfieldset">
                        <items jcr:primaryType="cq:WidgetCollection">
                            <datefilterlabel
                                jcr:primaryType="cq:Widget"
                                fieldDescription="Label for &quot;Date Implemented&quot; filter. NOTE: If empty filter won't appear on page."
                                fieldLabel="Date Implemented Filter Label"
                                maxLength="30"
                                name="./datefilterlabel"
                                width="300"
                                xtype="textfield"/>
                            <fromdatelabel
                                jcr:primaryType="cq:Widget"
                                fieldDescription="Label for &quot;from&quot; field in date implemented filter."
                                fieldLabel="Date &quot;From&quot; Field Label"
                                maxLength="10"
                                name="./fromdate"
                                width="300"
                                xtype="textfield"/>
                            <todatelabel
                                jcr:primaryType="cq:Widget"
                                fieldDescription="Label for &quot;to&quot; field in date implemented filter."
                                fieldLabel="Date &quot;To&quot; Field Label"
                                maxLength="10"
                                name="./todate"
                                width="300"
                                xtype="textfield"/>
                            <invaliddatemodalheading
                                jcr:primaryType="cq:Widget"
                                fieldDescription="Label for calendar validation modal box."
                                fieldLabel="Date Field Validation Modal Label"
                                maxLength="40"
                                name="./invaliddatemodalheading"
                                width="300"
                                xtype="textfield"/>
                            <invaliddatemodalmsg
                                jcr:primaryType="cq:Widget"
                                fieldDescription="Message for calendar validation modal box."
                                fieldLabel="Date Field Validation Modal Message"
                                maxLength="100"
                                name="./invaliddatemodalmsg"
                                width="300"
                                xtype="textfield"/>
                            <invaliddatemodaloklabel
                                jcr:primaryType="cq:Widget"
                                fieldDescription="Label for calendar validation modal box button."
                                fieldLabel="Date Field Validation Modal Button Label"
                                maxLength="5"
                                name="./invaliddatemodaloklabel"
                                width="300"
                                xtype="textfield"/>
                        </items>
                    </datefilter>
                </items>
            </labels>
            <iconpaths
                jcr:primaryType="cq:Panel"
                title="Icon Paths">
                <items jcr:primaryType="cq:WidgetCollection">
                    <calendericon
                        jcr:primaryType="cq:Widget"
                        fieldDescription="Icon for calendar image in date filters."
                        fieldLabel="Calender Icon"
                        name="./calendericon"
                        rootPath="/content/dam/devuniversity"
                        width="300"
                        xtype="pathfield"/>
                    <addcourseicon
                        jcr:primaryType="cq:Widget"
                        fieldDescription="Path for add course icon."
                        fieldLabel="Add Course Icon"
                        name="./addcourseicon"
                        rootPath="/content/dam/devuniversity"
                        width="300"
                        xtype="pathfield"/>
                    <recommendicon
                        jcr:primaryType="cq:Widget"
                        fieldDescription="Path for recommend course icon."
                        fieldLabel="Recommend Icon"
                        name="./recommendicon"
                        rootPath="/content/dam/devuniversity"
                        width="300"
                        xtype="pathfield"/>
                    <completeicon
                        jcr:primaryType="cq:Widget"
                        fieldDescription="Path for completed course icon."
                        fieldLabel="Completed Icon"
                        name="./completeicon"
                        rootPath="/content/dam/devuniversity"
                        width="300"
                        xtype="pathfield"/>
                </items>
            </iconpaths>
            <advanced
                jcr:primaryType="cq:Panel"
                title="Advanced">
                <items jcr:primaryType="cq:WidgetCollection">
                    <pageheading
                        jcr:primaryType="cq:Widget"
                        fieldDescription="Page heading.(eg. Catalog)."
                        fieldLabel="Page Heading"
                        maxLength="50"
                        name="./heading"
                        width="300"
                        xtype="textfield"/>
                    <loadmore
                        jcr:primaryType="cq:Widget"
                        allowBlank="false"
                        fieldDescription="Button label for &quot;Load More&quot; button."
                        fieldLabel="Button Label"
                        maxLength="20"
                        name="./loadmorelabel"
                        width="300"
                        xtype="textfield"/>
                    <noofitems
                        jcr:primaryType="cq:Widget"
                        allowBlank="false"
                        fieldDescription="Catalog results count to be displayed on a page."
                        fieldLabel="Result Count  "
                        name="./noofitems"
                        width="300"
                        xtype="numberfield"/>
                    <seemoreitemcount
                        jcr:primaryType="cq:Widget"
                        allowBlank="false"
                        fieldDescription="Item Count to be displayed in multi-filter before &quot;See More&quot; (Provided value will be applicable for all multifield filters)."
                        fieldLabel="MultiValue Filter Default Count"
                        name="./seemoreitemcount"
                        width="300"
                        xtype="numberfield"/>
                    <tabactive
                        jcr:primaryType="cq:Widget"
                        allowBlank="false"
                        defaultValue="all"
                        fieldDescription="Select to provide default &quot;Refine By&quot; selection value."
                        fieldLabel="Active &quot;Refine By&quot; Selection "
                        name="./activerefineby"
                        type="select"
                        width="300"
                        xtype="selection">
                        <options jcr:primaryType="cq:WidgetCollection">
                            <resource
                                jcr:primaryType="nt:unstructured"
                                text="Resources"
                                value="resources"/>
                            <path
                                jcr:primaryType="nt:unstructured"
                                text="Paths"
                                value="paths"/>
                            <journey
                                jcr:primaryType="nt:unstructured"
                                text="Journeys"
                                value="journeys"/>
                            <all
                                jcr:primaryType="nt:unstructured"
                                text="All"
                                value="all"/>
                        </options>
                    </tabactive>
                    <bgcolor
                        jcr:primaryType="cq:Widget"
                        allowBlank="false"
                        defaultValue="green"
                        fieldDescription="Background Color for Search Panel."
                        fieldLabel="Search Bar Color"
                        name="./bgcolor"
                        type="select"
                        width="300"
                        xtype="selection">
                        <options jcr:primaryType="cq:WidgetCollection">
                            <green
                                jcr:primaryType="nt:unstructured"
                                text="Green"
                                value="green"/>
                            <orange
                                jcr:primaryType="nt:unstructured"
                                text="Orange"
                                value="brown"/>
                        </options>
                    </bgcolor>
                    <skilllevel
                        jcr:primaryType="cq:Widget"
                        fieldDescription="Filter Skill Level Values"
                        fieldLabel="Skill Level"
                        name="./skilllevel"
                        xtype="multifield">
                        <fieldConfig
                            jcr:primaryType="cq:Widget"
                            width="155"
                            xtype="textfield"/>
                    </skilllevel>
                </items>
            </advanced>
            <excel
                jcr:primaryType="cq:Panel"
                title="Excel Configs">
                <items jcr:primaryType="cq:WidgetCollection">
                    <excellabel
                        jcr:primaryType="cq:Widget"
                        fieldDescription="Excel download placeholder's label to be displayed on page.Note: If not authored Excel download option will be unavailable. "
                        fieldLabel="Excel Label"
                        maxLength="40"
                        name="./excellabel"
                        xtype="textfield"/>
                    <excelicon
                        jcr:primaryType="cq:Widget"
                        fieldDescription="Excel download icon to be displayed on page."
                        fieldLabel="Excel Icon"
                        name="./excelicon"
                        rootPath="/content/dam/devuniversity"
                        xtype="pathfield"/>
                    <excelname
                        jcr:primaryType="cq:Widget"
                        fieldDescription="File name for the downloaded Excel.( Default filename : Search_Details)"
                        fieldLabel="Downloaded Excel File Name"
                        name="./excelname"
                        xtype="textfield"/>
                    <excelsheetname
                        jcr:primaryType="cq:Widget"
                        fieldDescription="Sheet name for the downloaded Excel.( Default sheet name: Search-Details)"
                        fieldLabel="Downloaded Excel File Sheet Name"
                        name="./excelsheetname"
                        xtype="textfield"/>
                </items>
            </excel>
        </items>
    </items>
</jcr:root>
