<?xml version="1.0" encoding="UTF-8"?>
<jcr:root xmlns:cq="http://www.day.com/jcr/cq/1.0" xmlns:jcr="http://www.jcp.org/jcr/1.0"
    jcr:primaryType="cq:Dialog"
    title="LanguageSelector-Dialog"
    xtype="dialog">
    <items
        jcr:primaryType="cq:Widget"
        xtype="tabpanel">
        <items jcr:primaryType="cq:WidgetCollection">
            <languageselector
                jcr:primaryType="cq:Panel"
                title="Language Selector">
                <items jcr:primaryType="cq:WidgetCollection">
                    <language
                        jcr:primaryType="cq:Widget"
                        basename="lang_"
                        boxMaxWidth="750"
                        fieldDescription="Click the '+' to add a new Link."
                        fieldLabel="Language and Link Select"
                        name="./languageselect"
                        prefix="./"
                        xtype="mtmulticompositefield">
                        <fieldConfigs jcr:primaryType="cq:WidgetCollection">
                            <language
                                jcr:primaryType="cq:Widget"
                                fieldLabel="Language "
                                name="title"
                                width="400"
                                xtype="textfield"/>
                            <link
                                jcr:primaryType="cq:Widget"
                                editable="{Boolean}false"
                                fieldDescription="Link till the language node"
                                fieldLabel="Link"
                                name="link"
                                rootPath="/content/abbvie-northstar"
                                width="400"
                                xtype="pathfield"/>
                        </fieldConfigs>
                    </language>
                    <langicon
                        jcr:primaryType="cq:Widget"
                        fieldLabel="Language Icon Path"
                        name="./langiconpath"
                        rootPath="content/dam/abbvie-northstar/icons"
                        xtype="pathfield"/>
                    <langalttext
                        jcr:primaryType="cq:Widget"
                        fieldLabel="Language Alt Text"
                        name="./langalt"
                        xtype="textfield"/>
                </items>
            </languageselector>
        </items>
    </items>
</jcr:root>
